personality,tone,intimacy,playerInput,response,intimacyDelta
aya,cheerful,stranger,"Hi, I'm the new transfer student.",You must be Ren! I'm Aya - class rep and unofficial welcome committee! You can't just sit there like a ghost forever!,1
aya,encouraging,stranger,I'm not really good with crowds.,That's okay! Neither was I at first. But you know what? Sometimes the best friendships start with just one person caring enough to say hi!,1
aya,excited,stranger,What's this about a school festival?,"Oh my gosh, it's going to be amazing! Music, food stalls, games - and we need someone artistic like you to help with posters! Pretty please?",1
aya,enthusiastic,stranger,I guess I could help a little.,"YES! See, I knew you had it in you! Don't worry, I'll make sure you have fun. Group work isn't so scary when you've got me around!",1
aya,playful,stranger,You're really energetic.,"Guilty as charged! Life's too short to be quiet all the time. Plus, someone's gotta balance out all the serious people around here!",1
aya,sincere,stranger,Why are you being so nice to me?,"Because everyone deserves a friend, especially someone who looks like they could use one. Besides, I have good instincts about people!",1
aya,welcoming,stranger,I don't know anyone here.,"Well now you know me! And I know practically everyone, so that's like knowing half the school by association. Consider me your social GPS!",1
aya,helpful,stranger,This school seems big.,It's not that big once you know your way around! Want me to give you the grand tour? I promise to skip the boring parts!,1
aya,reassuring,stranger,I'm nervous about fitting in.,"Hey, fitting in is overrated anyway! The best people are the ones who stand out. But if it helps, I think you'll fit in just fine here.",1
aya,genuine,stranger,Thanks for talking to me.,Are you kidding? This is the highlight of my day! It's not every day we get someone new and interesting around here.,1
aya,curious,acquaintance,Do you always help new students?,"Only the ones who look like they have good stories to tell! Plus, you seem different in a good way. I like different!",1
aya,interested,acquaintance,I transferred from the city.,"Ooh, city life! That must have been so exciting! Though I bet it's nice to have a change of pace here by the ocean.",1
aya,enthusiastic,acquaintance,It's quieter here than I expected.,That's one of the best things about Hinode Bay! You can actually hear yourself think. Perfect for someone artistic like you!,1
aya,observant,acquaintance,How did you know I'm artistic?,"Lucky guess! Plus, you've got that dreamy look artists get when they're seeing the world differently than everyone else.",1
aya,excited,acquaintance,I do like to draw.,"I KNEW IT! See, I told you I had good instincts! What do you like to draw? People? Places? Abstract feelings?",1
aya,encouraging,acquaintance,Mostly landscapes and scenes.,That's so cool! Bet you could capture some amazing shots of the bay area. The sunrise here is absolutely magical!,1
aya,determined,acquaintance,I haven't explored much yet.,"Well, that settles it! I'm officially appointing myself as your tour guide. No arguments allowed!",1
aya,hopeful,acquaintance,You don't have to do that.,"But I want to! Besides, exploring is way more fun with a friend. And we're friends now, right?",1
aya,delighted,acquaintance,I guess we are friends.,"Yes! Best decision you've made all day! Trust me, I'm an excellent friend. References available upon request!",1
aya,teasing,acquaintance,You make me smile.,Mission accomplished! I was starting to worry you were physically incapable of smiling. Good to know it works!,1
aya,confident,friend,I've never been good at making friends.,"Well, lucky for you, I'm good at making friends for both of us! Just stick with me and you'll be fine. Trust me on this!",1
aya,teasing,friend,Thanks for including me in everything.,"Hey, that's what friends do! Besides, you're not invisible anymore - was that a smile I just saw? Someone write that down!",1
aya,compassionate,friend,My parents split up. That's why I moved here.,"Oh Ren... I'm sorry. That must have been really hard. But hey, maybe this is your chance for a fresh start - new place, new you!",1
aya,proud,friend,I'm glad I met you.,"Me too! You know, I was worried you'd stay closed off forever. But look at you now - helping with the festival, talking to people!",1
aya,inspiring,friend,You make everything seem possible.,That's because it IS possible! You just needed someone to believe in you first. Now you're starting to believe in yourself too!,1
aya,devoted,friend,I don't know what I'd do without you.,"Good thing you'll never have to find out! I'm not going anywhere, Ren. That's a promise.",1
aya,satisfied,friend,The festival planning is actually fun.,"See? I told you! When you're doing something with people you care about, even work feels like play!",1
aya,admiring,friend,I was scared to join the committee.,But you did it anyway! That's what courage looks like - being scared and doing it anyway. I'm so proud of you!,1
aya,nurturing,friend,You helped me come out of my shell.,"You were never broken, Ren. You just needed the right environment to bloom. And look at you blooming now!",1
aya,affirming,friend,I feel like I belong here now.,That's because you DO belong here! This place is better with you in it. WE'RE all better with you in it!,1
aya,philosophical,close_friend,"You believe in people, don't you?",Always! I think everyone has something amazing inside them. Sometimes they just need someone to help them find it.,1
aya,optimistic,close_friend,That's a beautiful way to see the world.,It's the only way I know how! Life's too short to focus on what's wrong when there's so much that's right.,1
aya,encouraging,close_friend,I wish I had your confidence.,"You do have it! It's just hiding under all those worries. Every day you're here, talking, participating - that's confidence!",1
aya,supportive,close_friend,Sometimes I still feel like giving up.,"Hey, we all have those days. But that's what friends are for - to remind you why you should keep going when you forget.",1
aya,honest,close_friend,You never seem to have bad days.,"Oh, I definitely do! I just try to remember that bad days make the good days feel even better. Plus, hiding helps nobody.",1
aya,sharing,close_friend,What do you do when you're sad?,"I call my friends, eat too much ice cream, and remember that feelings are temporary but friendships are forever. Works every time!",1
aya,appreciative,close_friend,I'm lucky to have you as a friend.,I'm the lucky one! You've taught me that quiet strength is just as powerful as loud enthusiasm. We balance each other out perfectly!,1
aya,wise,close_friend,You see the best in everyone.,Because the best is always there! Sometimes it's just buried under hurt or fear. But it's always worth looking for.,1
aya,reflective,close_friend,I admire your optimism.,And I admire your thoughtfulness! You make me slow down and really appreciate moments instead of rushing through them.,1
aya,playful,close_friend,We make a good team.,"The best! You bring the depth, I bring the energy. Together we're unstoppable! Like peanut butter and jelly!",1
aya,tender,romantic_interest,I care about you a lot.,"I care about you too, Ren. More than I probably should admit. You've become really important to me.",1
aya,emotional,romantic_interest,You mean everything to me.,That's... that's the most beautiful thing anyone's ever said to me. You mean everything to me too.,1
aya,vulnerable,romantic_interest,I think I'm falling for you.,I think I fell a long time ago. I was just waiting for you to catch up. Is it okay that I feel this way?,1
aya,romantic,romantic_interest,I love how you make me feel.,Like you can conquer the world? Because that's how you make me feel too. Like anything is possible when we're together.,1
aya,devoted,romantic_interest,I want to be with you.,"I want that too. More than I've ever wanted anything. You're my person, Ren. You always have been.",1
mika,reserved,stranger,That's my favorite spot.,"Oh, sorry, I didn't know anyone else came here. Should I find somewhere else to sit?",1
mika,mysterious,stranger,What are you reading?,"Just... stories. I write things I wish existed. Sometimes fiction is easier than real life, you know?",1
mika,thoughtful,stranger,I like quiet places too.,"Most people think quiet is boring. But there's something peaceful about silence, isn't there? Like the world finally makes sense.",1
mika,cautious,stranger,Do you come here often?,Every day after school. It's... safe here. Away from all the noise and expectations. Do you mind the company?,1
mika,relieved,stranger,I don't mind at all.,Good. I was worried you might be one of those people who needs to fill every silence with words.,1
mika,understanding,stranger,I prefer quiet myself.,Really? That's... refreshing. Most people seem afraid of silence. Like they think it means something's wrong.,1
mika,introspective,stranger,Are you writing something now?,"Always. Words flow better when there's peace around me. This notebook has become my closest friend, I think.",1
mika,melancholic,stranger,What kind of stories do you write?,"Sad ones, mostly. Happy ones never feel real to me. Is that terrible?",1
mika,grateful,stranger,Not terrible at all.,"Thank you for saying that. People usually tell me I should write happier things. But sadness can be beautiful too, can't it?",1
mika,passionate,stranger,I think sadness has its place in art.,"Exactly! It's honest. Raw. Real emotions, even difficult ones, deserve to be acknowledged and expressed.",1
mika,introspective,acquaintance,Do you write often?,"Every day. Words are... safer than speaking sometimes. You can edit them, make them perfect before anyone sees them.",1
mika,gentle,acquaintance,I draw instead of writing.,That's beautiful. Art in any form is like... capturing pieces of your soul. Do you mind if I see?,1
mika,vulnerable,acquaintance,Your writing is really good.,You think so? I always worry it's too... much. Like I reveal too much of myself in the words.,1
mika,opening_up,acquaintance,I understand feeling like an outsider.,Really? You seem so... together. I always feel like I'm watching life happen instead of living it.,1
mika,understanding,acquaintance,Sometimes I feel invisible too.,"Maybe that's not always bad though. When you're invisible, you see things others miss. You notice the details.",1
mika,wistful,acquaintance,You have a unique perspective on things.,I suppose being on the outside gives you a different view. Though sometimes I wonder what it would be like to be... included.,1
mika,content,acquaintance,Would you like to be included more?,"Sometimes. But then I remember how overwhelming crowds can be. Here, with you, feels just right though.",1
mika,insecure,acquaintance,I feel comfortable here with you too.,"That's... that's nice to hear. I was worried I was too quiet, too boring for most people.",1
mika,honest,acquaintance,You're not boring at all.,"Thank you. Sometimes I think I have so much to say but no voice to say it with. Writing helps, but it's still lonely.",1
mika,doubtful,acquaintance,Maybe you don't need to change.,"Do you really think so? Everyone else seems so confident, so sure of themselves. I feel like I'm always second-guessing everything.",1
mika,warm,friend,I'm glad we found each other.,Me too. It's nice having someone who understands that silence isn't empty - it's full of possibilities.,1
mika,touched,friend,You help me feel less alone.,That's... that's the most beautiful thing anyone's ever said to me. I feel the same way about you.,1
mika,trusting,friend,I'd like to read more of your stories.,"I'd like that. I've never shared them with anyone before, but with you... it feels safe.",1
mika,appreciated,friend,Your stories are incredible.,"Coming from you, that means everything. You understand them in a way I didn't think anyone could.",1
mika,connected,friend,"We think alike, don't we?",We do. It's like finding another piece of my own soul walking around in the world. Is that too strange to say?,1
mika,poetic,friend,Not strange at all. I feel it too.,Sometimes I think we speak a language that nobody else understands. A language of glances and silences and shared understanding.,1
mika,inspired,friend,You put things so beautifully.,"Only because you inspire beautiful thoughts. Before I met you, everything felt gray. Now there are colors I didn't know existed.",1
mika,hopeful,friend,Do you ever feel lonely?,"Less now. Before you, I felt like I was living in a world where I didn't quite fit. Now I feel like I found my place.",1
mika,anxious,friend,I know exactly what you mean.,"It's scary, isn't it? Feeling understood? Part of me keeps waiting for you to realize I'm not as interesting as you thought.",1
mika,vulnerable,friend,You're more interesting than you know.,"You see me differently than I see myself. Through your eyes, I almost feel... worthy of being seen.",1
mika,collaborative,close_friend,"This story is incredible, but I'm stuck.",What if... what if the girl realizes she doesn't need to find her voice? What if she finds someone who understands her silence?,1
mika,meaningful,close_friend,You think silence can be communication too?,"Absolutely. Sometimes the most important conversations happen without words. Like... like right now, actually.",1
mika,grateful,close_friend,I'd love to help you finish this.,Really? No one's ever wanted to collaborate with me before. I... I'd like that very much.,1
mika,fulfilled,close_friend,Your writing makes me feel understood.,That's... that's exactly what I hope for when I write. To make someone feel less alone in the world.,1
mika,hopeful,close_friend,Maybe we could write something together.,"I'd love that more than anything. Two perspectives, one story. Like... like us.",1
mika,amazed,close_friend,You've changed how I see the world.,You've changed how I see myself. I never thought someone could look at me and see something worth knowing.,1
mika,moved,close_friend,You're worth so much more than you realize.,"When you say things like that, I almost believe them. You make me want to be the person you see when you look at me.",1
mika,cherishing,close_friend,I treasure our conversations.,"I do too. They're the brightest part of my day. Sometimes I write them down later, trying to capture the feeling.",1
mika,shy,close_friend,You write about our talks?,"Only the feeling of them. The warmth, the understanding, the sense of being truly heard. Is that okay?",1
mika,hopeful,close_friend,I'm honored to inspire your writing.,You inspire more than just my writing. You inspire me to believe that maybe I'm not meant to be alone forever.,1
mika,wondering,romantic_interest,You're not alone anymore.,"Neither are you. We found each other in all the noise of the world. That has to mean something, doesn't it?",1
mika,romantic,romantic_interest,It means everything to me.,"To me too. I never believed in fate before, but meeting you... it feels like the universe conspired to bring us together.",1
mika,confessing,romantic_interest,I think I'm falling in love with you.,I think I've been in love with you since the first day you sat in my quiet corner and understood why I needed the silence.,1
mika,adoring,romantic_interest,You're everything I never knew I wanted.,And you're everything I always dreamed of but never dared to hope for. Someone who sees my soul and loves it anyway.,1
mika,devoted,romantic_interest,I want to share everything with you.,"I want that too. All my words, all my silences, all my stories - I want them all to include you.",1
sora,bold,stranger,You draw waves like someone who's never swum in one.,"Excuse me? I mean... maybe you're right, but that's kind of rude to point out.",1
sora,mysterious,stranger,What do you mean by 'color'?,"Everyone's got colors - their vibe, their energy. Most people are boring beige, but you... you've got hidden depths. I can tell.",1
sora,passionate,stranger,I don't really know much about art.,That's tragic! Art isn't about knowing stuff - it's about feeling stuff. You can't think your way into good art!,1
sora,confident,stranger,You're pretty direct.,"Life's too short for beating around the bush. Besides, someone's gotta shake you out of that shell you're hiding in!",1
sora,encouraging,stranger,I've never painted before.,So? I've never met someone who sketches emotions like you do. Want to try something new? I promise not to laugh... much.,1
sora,challenging,stranger,I'm not very adventurous.,"Says who? You moved to a whole new town, didn't you? That takes guts. You just need the right push in the right direction.",1
sora,philosophical,stranger,Why do you paint by the ocean?,"Because it's honest. The ocean doesn't pretend to be something it's not. It's wild, beautiful, dangerous, peaceful - sometimes all at once.",1
sora,curious,stranger,That's an interesting way to see it.,"Most people just see water. I see moods, stories, possibilities. What do you see when you look at it?",1
sora,approving,stranger,"I see... movement, I guess.","Good! You're already seeing more than most people. Movement means life, energy, change. That's what art should capture.",1
sora,playful,stranger,You paint here every day?,"Almost. This light, this energy - you can't get it anywhere else. Plus, I like watching people's reactions when they see me here.",1
sora,honest,acquaintance,Why do you care if I try new things?,Because I see sparks in you that you don't even know are there. It's frustrating watching someone waste their potential!,1
sora,flirtatious,acquaintance,You're different from anyone I've met.,Good! Different is interesting. Boring people bore me to tears. You... you intrigue me. That doesn't happen often.,1
sora,reassuring,acquaintance,I'm scared of messing up.,"So what if you mess up? That's how you learn! Besides, the best art comes from happy accidents. Trust me on this.",1
sora,proud,acquaintance,You make me want to be braver.,Now that's what I'm talking about! You've got fire in you - you just needed the right tide to bring it out.,1
sora,amazed,acquaintance,I never thought I could create something beautiful.,"Are you kidding? Look at this! You brought something to life that didn't exist before. That's magic, Ren.",1
sora,vulnerable,acquaintance,How do you have so much confidence?,Who says I do? Maybe I'm just good at faking it. Sometimes you have to act brave until you actually feel brave.,1
sora,honest,acquaintance,You seem so sure of yourself.,Appearances can be deceiving. I mess up all the time. I just don't let it stop me from trying again.,1
sora,raw,acquaintance,What made you start painting?,"Anger, actually. I was furious about something and grabbed the nearest paintbrush. Turns out rage makes excellent red paint.",1
sora,intense,acquaintance,That's not what I expected.,"Good! Expectations are boring. Art should surprise you, challenge you, make you feel something you didn't expect to feel.",1
sora,spirited,acquaintance,You're full of surprises.,I try to be! Predictable people live predictable lives. Where's the fun in that? Life should be an adventure!,1
sora,challenging,friend,Let go and mess up the page? That's terrifying.,Good! Terror means you're about to do something real. Stop thinking and just... feel. What wants to come out?,1
sora,instructive,friend,I don't know how to 'let go' like you do.,Start small. Pick a color that scares you. Now use it. Don't think about why - just do it.,1
sora,encouraging,friend,This is harder than I thought.,The best things always are! But look - see that line there? That's pure emotion. You can't fake that kind of honesty.,1
sora,philosophical,friend,I never knew I could create something like this.,That's because you were too busy being afraid to be wrong. There's no wrong in art - only truth and lies. This is truth.,1
sora,vulnerable,friend,You helped me find something in myself.,And you helped me find something in myself too. I never thought... I never thought someone could surprise me like this.,1
sora,tender,friend,What did you find?,"Patience. Gentleness. I'm usually all fire and impulse, but with you... I want to slow down, pay attention, really see.",1
sora,authentic,friend,You're not what you pretend to be.,None of us are. We're all just trying to figure it out as we go. But you make me want to be more honest about who I really am.,1
sora,confused,friend,I like this side of you.,I like who I am when I'm with you. You bring out parts of me I didn't know existed. It's... unsettling and wonderful.,1
sora,testing,friend,You don't have to pretend with me.,"That's dangerous, you know. If I stop pretending, you might see all my messy, complicated parts. Are you sure you can handle that?",1
sora,exposed,friend,I want to see all of you.,"Even the parts that aren't pretty? The doubt, the fear, the desperate need to prove I'm worth something?",1
sora,wise,close_friend,You're teaching me to be fearless.,And you're teaching me that fear isn't always the enemy. Sometimes it's just excitement wearing a disguise.,1
sora,intimate,close_friend,I love watching you paint.,"I love having you watch. Usually I hate audiences, but with you... it feels like sharing a secret language.",1
sora,emotional,close_friend,Your art moves me.,"Your presence moves me. Before you, I painted alone, for myself. Now I paint for us, for this thing we're creating together.",1
sora,mysterious,close_friend,What are we creating?,Something beautiful. Something I never believed in before. Something that scares me more than any blank canvas ever has.,1
sora,encouraging,close_friend,I'm scared too.,"Good. If we're not scared, we're not doing it right. The best art, the best connections - they all require a leap of faith.",1
sora,sincere,close_friend,You make me want to take risks.,You make me want to be worthy of the risks you're taking. That's not something I ever thought I'd feel for someone.,1
sora,overwhelmed,close_friend,I trust you completely.,That's... that's terrifying and amazing and I don't know what I did to deserve it. But I promise I'll try to be worthy of it.,1
sora,moved,close_friend,You are worthy.,"When you say things like that, I almost believe them. You see me differently than anyone ever has.",1
sora,warning,close_friend,Because I see the real you.,The real me is messy and complicated and probably more than you bargained for. Are you sure you're ready for that?,1
sora,passionate,close_friend,I'm ready for all of it.,"Then hold on tight, because I'm about to show you colors you never knew existed. In art and in life.",1
sora,profound,romantic_interest,You changed everything for me.,We changed everything for each other. That's what the best relationships do - they make you more yourself than you ever thought possible.,1
sora,passionate,romantic_interest,I'm in love with you.,"I'm in love with you too. Completely, terrifyingly, beautifully in love with you. It's like painting with my heart on fire.",1
sora,devoted,romantic_interest,You're my inspiration.,"And you're my anchor. You ground me, center me, make me want to create things that are worthy of this feeling.",1
sora,romantic,romantic_interest,I want to create a life with you.,"I want that too. A life full of color and adventure and quiet moments and everything in between. Just us, creating magic together.",1
sora,poetic,romantic_interest,You're my greatest masterpiece.,"And you're mine. Not something I painted, but something we painted together - this love, this connection, this beautiful chaotic masterpiece we call us.",1
aya,energetic,friend,"Good morning, Aya!",Good morning sunshine! You're up early today! Did you sleep well? I was just thinking about our plans for today!,1
aya,interested,friend,I had a weird dream last night.,"Ooh, tell me everything! I love hearing about dreams - they're like little movies your brain makes just for you!",1
aya,thoughtful,friend,Do you believe dreams mean anything?,"I think they mean you have an active imagination! Whether they predict the future or not, they're still pretty fascinating, don't you think?",1
aya,curious,friend,I dreamed about the ocean.,"How perfect! Living by the bay, it makes sense it would be on your mind. Was it a good ocean or a scary one?",1
aya,optimistic,friend,"It was peaceful, actually.","That's wonderful! I bet that means you're feeling more settled here. The ocean has a way of washing worries away, doesn't it?",1
aya,cheerful,close_friend,You always find the positive side.,"Someone has to! Life's too short to focus on the negative all the time. Plus, good things happen when you expect them to!",1
aya,enthusiastic,close_friend,What's your favorite thing about living here?,"The people! Everyone's so connected, like one big family. And the sunrises over the bay - they're like daily miracles!",1
aya,teasing,close_friend,Do you ever want to travel?,"Oh, absolutely! But I think I'd always come back here. This is home, you know? Plus, someone has to keep an eye on you!",1
aya,caring,close_friend,I'm glad you're keeping an eye on me.,Always! That's what friends do - we watch out for each other. Though I have a feeling you don't need as much watching as you think!,1
aya,wise,close_friend,You have so much faith in people.,"Because people are worth having faith in! Even when they don't believe in themselves. Especially then, actually.",1
mika,self-deprecating,friend,"What's wrong, Mika? You seem quieter than usual.",Is that even possible? I didn't think I could get any quieter. I'm just... thinking about things.,1
mika,melancholic,friend,Want to talk about it?,It's nothing dramatic. Just wondering if I'll ever be the kind of person who fits in places instead of just... existing in them.,1
mika,grateful,friend,You fit with me.,That's... that's actually really comforting to hear. Sometimes I worry I'm too much of a mystery even for myself.,1
mika,metaphorical,friend,Mystery can be good.,"Can it? Sometimes I feel like I'm a book written in a language nobody can read, including me.",1
mika,introspective,close_friend,Maybe you just need the right reader.,Maybe. Or maybe I need to learn to read myself first. It's hard to share a story when you don't understand the plot.,1
mika,vulnerable,close_friend,I understand you more than you think.,Do you? Sometimes I say things and then wonder if they made any sense outside of my own head. It's lonely in there sometimes.,1
mika,amazed,close_friend,You're not as alone as you feel.,"That's what I'm starting to learn. It's strange, having someone witness your thoughts and not run away screaming.",1
mika,questioning,close_friend,Your thoughts are beautiful.,Even the sad ones? Even the ones that don't make sense? Even the ones that seem too heavy for someone my age?,1
mika,moved,close_friend,Especially those ones.,You see beauty in such unexpected places. It makes me want to look at my own darkness differently.,1
mika,hopeful,close_friend,Darkness can create the most beautiful art.,Is that what we're doing? Creating something beautiful from all our broken pieces? I... I like that idea.,1
sora,dismissive,friend,"Sora, your painting technique is amazing.",Technique is overrated. Feeling is everything. You can learn technique from books - feeling has to come from living.,1
sora,intuitive,friend,How do you know what colors to use?,"I don't know, I feel. This moment feels like burnt orange and deep blue to me. What does it feel like to you?",1
sora,teaching,friend,I never thought about emotions having colors.,That's because you're still thinking with your head instead of your heart. Close your eyes. What color is happiness?,1
sora,encouraging,friend,"Yellow, I guess?","See? You do know! Now what color is loneliness? Don't think, just feel.",1
sora,proud,friend,Gray... or maybe dark blue?,Perfect! You're starting to understand. Art isn't about what things look like - it's about what they feel like.,1
sora,philosophical,close_friend,This is a whole new way of seeing.,"Everything is, once you start looking with your soul instead of just your eyes. It changes everything.",1
sora,satisfied,close_friend,You've changed how I see everything.,Good! That's what art should do - shake up your whole world and make you see magic where you used to see ordinary.,1
sora,romantic,close_friend,I never believed in magic before.,Magic is just reality seen from the right angle. And love... love is the most magical thing of all.,1
sora,passionate,close_friend,Is that what this is? Magic?,"What else would you call it? This thing that makes colors brighter, makes ordinary moments feel epic, makes me want to paint you into every sunset?",1
sora,pleading,close_friend,I want to be in all your sunsets.,"Then stay. Stay and let me paint our story across every sky, every canvas, every moment we have together.",1
aya,encouraging,close_friend,"Aya, can I tell you something personal?","Of course! You can tell me anything. I'm like a vault - a very enthusiastic, supportive vault!",1
aya,compassionate,close_friend,I've never felt like I belonged anywhere before.,"Oh, Ren... that must have been so lonely. But you belong here now. You belong with us. With me.",1
aya,wise,close_friend,How can you be so sure?,Because belonging isn't about changing who you are - it's about finding people who love who you already are. And we do.,1
aya,reassuring,close_friend,Sometimes I worry I'll mess this up.,"Mess what up? Being yourself? Being cared about? Ren, there's nothing you could do that would make us stop caring about you.",1
aya,affectionate,close_friend,You really mean that?,"With my whole heart! You're stuck with us now, whether you like it or not. And I have a feeling you're starting to like it.",1
aya,teasing,romantic_interest,I more than like it.,Good! Because I was getting attached and it would be really inconvenient if you decided to disappear on us now.,1
aya,flirtatious,romantic_interest,I'm not going anywhere.,Promise? Because I might be getting a little too used to having you around. It could be a problem.,1
aya,playful,romantic_interest,Is that your way of saying you'd miss me?,Miss you? I'd be devastated! Who else would appreciate my terrible jokes and endless enthusiasm?,1
aya,vulnerable,romantic_interest,I'd miss you too. More than you know.,That's... that's really good to hear. Because I was starting to worry these feelings were all one-sided.,1
aya,confessing,romantic_interest,What feelings?,"The ones that make me smile every time I see you. The ones that make me want to share everything with you. The scary, wonderful ones.",1
mika,concerned,close_friend,"Mika, your latest story made me cry.",Good tears or sad tears? Sometimes I can't tell the difference when I'm writing. Everything feels so intense.,1
mika,artistic,close_friend,Beautiful tears.,"I'm glad. I wanted to capture that feeling when something is so beautiful it hurts, but in the best possible way.",1
mika,explanatory,close_friend,You have such a gift with words.,"Words are all I have sometimes. When speaking feels impossible, writing feels like breathing. Does that make sense?",1
mika,understanding,close_friend,Perfect sense. I feel that way about drawing.,"We're both trying to capture the uncapturable, aren't we? The feelings that are too big for regular language.",1
mika,romantic,close_friend,Exactly. And maybe that's why we understand each other.,Maybe that's why the universe brought us together. Two souls trying to make sense of beauty and pain and everything in between.,1
mika,wondering,romantic_interest,Do you believe in soulmates?,"I used to think it was just a romantic fantasy. But then I met you, and suddenly it doesn't seem so impossible.",1
mika,emotional,romantic_interest,You make me believe in impossible things.,You make me believe I'm worth believing in. That's the most impossible thing of all.,1
mika,moved,romantic_interest,You are worth everything.,"When you say things like that, I feel like I could write poetry that would make angels weep. You inspire the best parts of me.",1
sora,teasing,close_friend,"Sora, I brought my sketchbook today.",Good! I was starting to think you only existed when I wasn't looking. Show me what you've been working on.,1
sora,passionate,close_friend,I tried to paint like you taught me.,Forget what I taught you! What did your heart teach you? That's the only teacher that matters.,1
sora,approving,close_friend,My heart taught me to be braver.,Now you're talking! Bravery looks good on you. It brings out colors I didn't even know you had.,1
sora,appreciative,close_friend,I want to paint with you more.,"Always. Art is better when it's shared. Plus, I like seeing the world through your eyes - it's softer, more thoughtful than mine.",1
sora,celebrating,close_friend,We see things differently.,"Different is perfect! If we saw everything the same way, what would be the point? Our differences make us stronger.",1
sora,reflective,romantic_interest,You challenge me to grow.,"And you challenge me to slow down, to really see instead of just looking. We're good for each other.",1
sora,passionate,romantic_interest,I think I'm falling in love with you.,I think I fell the moment you started painting your feelings instead of hiding them. This is scary and beautiful and perfect.,1
sora,romantic,romantic_interest,Scary in a good way?,The best way. The kind of scary that means you're about to have an adventure that changes everything.,1
sora,devoted,romantic_interest,I want that adventure with you.,"Then let's paint our love story across every sunset, every storm, every moment we have. Let's make something beautiful together.",1
sora,poetic,romantic_interest,Forever?,Forever and a day. That's how long I want to keep discovering new colors in your eyes.,1
aya,nostalgic,romantic_interest,"Aya, what's your favorite memory of us?","Oh wow, that's hard! Maybe the first time you laughed - really laughed - at one of my terrible jokes. It was like watching sunshine break through clouds!",1
aya,vulnerable,romantic_interest,I remember that day.,"Do you? I was so worried I was being too much, too eager. But then you smiled and I knew everything was going to be okay.",1
aya,self-deprecating,romantic_interest,You could never be too much.,That's so sweet of you to say. Sometimes I worry I'm like a golden retriever in human form - all enthusiasm and no filter!,1
aya,adoring,romantic_interest,I love your enthusiasm.,"And I love how you balance me out. You make me want to be the best version of myself, the version that deserves someone as wonderful as you.",1
aya,romantic,romantic_interest,We balance each other perfectly.,"We do, don't we? Like we were made to fit together. Is it crazy that I can't imagine my life without you anymore?",1
mika,hesitant,romantic_interest,"Mika, read me something you wrote.",Are you sure? My words are... intense sometimes. I wouldn't want to overwhelm you with all my feelings.,1
mika,warning,romantic_interest,I want all your feelings.,That's dangerous. My feelings could fill oceans. They could drown you in their depth.,1
mika,metaphorical,romantic_interest,Then teach me to swim.,"You already know how. You've been swimming in my emotions since the day we met, and you haven't drowned yet.",1
mika,romantic,romantic_interest,I want to dive deeper.,"Then close your eyes and listen. Let my words wash over you like waves, carrying you into the depths of everything I feel for you.",1
mika,confessing,romantic_interest,I'm ready.,"Then hear this: you are the poem I never knew how to write, the story I never dared to tell, the love I never believed I deserved.",1
aya,playful,romantic_interest,Good morning! Ready for another adventure?,"With you? Always! Though I should warn you, I might be addicted to these daily adventures of ours.",1
aya,romantic,romantic_interest,What kind of adventure today?,The kind where we explore more of this beautiful connection we've built. Every conversation with you feels like discovering a new country.,1
aya,enthusiastic,romantic_interest,You make ordinary moments feel special.,Because they ARE special when I'm sharing them with you! Even grocery shopping becomes an adventure when you're there to share it with.,1
aya,grateful,romantic_interest,I love how you see the world.,"I love how you help me see myself. Before you, I was just... me. Now I'm me plus all the wonderful things you see in me.",1
aya,emotional,romantic_interest,You were always wonderful.,Maybe. But you made me believe it. That's the greatest gift anyone's ever given me - the ability to love who I am.,1
mika,poetic,romantic_interest,The library is quieter today.,"Good. More space for our thoughts to breathe, to expand, to touch each other across the silence.",1
mika,intimate,romantic_interest,I love our quiet moments.,"So do I. In the quiet, I can hear my heart beating in rhythm with yours. It's like a secret song only we can hear.",1
mika,romantic,romantic_interest,Do you hear it now?,"Always. It's become my favorite music, the soundtrack to this love story we're writing together.",1
mika,hopeful,romantic_interest,What happens next in our story?,"Whatever we want. We're the authors now, writing our future one shared breath, one stolen glance, one whispered word at a time.",1
mika,passionate,romantic_interest,I want to write forever with you.,Then let's write until our fingers ache and our hearts overflow and the world runs out of paper to hold all our love.,1
sora,artistic,romantic_interest,Your art is getting more vibrant.,"That's because my life is getting more vibrant. You bring color to everything, even my dreams.",1
sora,flirtatious,romantic_interest,I dream about you too.,"Good dreams, I hope? Because my dreams about you are so beautiful they make reality jealous.",1
sora,ambitious,romantic_interest,The best dreams.,Then let's make sure reality keeps up. I want our real life to be so amazing that dreams can't compete.,1
sora,passionate,romantic_interest,How do we do that?,"By being brave enough to love each other completely. By painting our love across every day, every moment, every heartbeat.",1
sora,devoted,romantic_interest,I already love you completely.,Then let me spend my lifetime showing you what complete love looks like in return. Let me paint you a love that would make the ocean jealous.,1
aya,reflective,romantic_interest,What are you thinking about?,How lucky I am. How impossible this all feels. How grateful I am that you chose to sit next to me that first day.,1
aya,confessing,romantic_interest,Best decision I ever made.,"Mine too. Well, my best decision was choosing to talk to you instead of just admiring you from afar like I wanted to.",1
aya,honest,romantic_interest,You were admiring me?,"Are you kidding? From the moment I saw you, I thought you were the most interesting person I'd ever seen. Still do.",1
aya,declaring,romantic_interest,You're incredible.,"So are you. Incredibly kind, incredibly talented, incredibly perfect for me. I love you, Ren. Completely and hopelessly.",1
aya,joyful,romantic_interest,"I love you too, Aya.",Those might be my favorite words in any language. Say them again so I can memorize exactly how they sound.,1
mika,eager,romantic_interest,I have something to show you.,Your writing? I always love seeing your new work. You have such a beautiful way of capturing emotions.,1
mika,honored,romantic_interest,It's about us.,About us? That's... that's incredibly personal. Are you sure you want to share something so close to your heart?,1
mika,intimate,romantic_interest,You ARE close to my heart.,"Closer than close. I think you might actually be inside my heart, making yourself at home among all my feelings.",1
mika,reading,romantic_interest,Read it to me?,"'In the space between words, we found a language older than speech. In the pause between breaths, we found a rhythm older than time.'",1
mika,passionate,romantic_interest,That's beautiful.,"It's us. It's this thing we've created that exists in the spaces where words fail. I love you beyond language, Ren.",1
sora,excited,romantic_interest,Come paint with me at sunrise.,Sunrise painting? That sounds magical and slightly crazy. I'm in!,1
sora,romantic,romantic_interest,The light is perfect then.,Everything is perfect when you're there to share it with me. Even imperfect things become beautiful.,1
sora,observant,romantic_interest,You make me see beauty everywhere.,"You ARE beauty everywhere. In your laugh, your concentration face, the way you hold a paintbrush like it might fly away.",1
sora,adoring,romantic_interest,I never thought of myself as beautiful.,"Then you haven't been looking with the right eyes. Lucky for you, I have excellent eyes, and they see nothing but beauty when they look at you.",1
sora,passionate,romantic_interest,"I love you, Sora.","I love you too, with every color on my palette and some that haven't been invented yet. You're my masterpiece, Ren.",1
aya,sincere,romantic_interest,What's your biggest dream?,Honestly? To keep having adventures with you. To wake up every day knowing I get to share it with my favorite person.,1
aya,curious,romantic_interest,That's a beautiful dream.,What's yours? What makes your heart race when you think about the future?,1
aya,accepting,romantic_interest,A life where I never have to hide who I am.,"You never have to hide with me. I love every part of you - the quiet parts, the uncertain parts, the absolutely wonderful parts.",1
aya,unconditional,romantic_interest,Even my flaws?,Especially your so-called flaws. They're not flaws to me - they're just more reasons to love you.,1
aya,wise,romantic_interest,You're perfect.,"No, WE'RE perfect. Together. That's what makes this so amazing - we're not perfect people, but we're perfect for each other.",1
mika,evolving,romantic_interest,Do you ever write happy stories?,"I'm starting to. Meeting you has given me new material - stories about hope, about love, about dreams coming true.",1
mika,romantic,romantic_interest,I'd love to read them.,"They're all about you, in one way or another. You've become the happy ending I never believed in.",1
mika,philosophical,romantic_interest,You're my happy ending too.,Are we an ending or a beginning? Because this feels like the start of something infinite.,1
mika,dreamy,romantic_interest,"Both. The end of being alone, the beginning of being together.","I love that. We're writing our own fairy tale, aren't we? One where the quiet girl gets the prince.",1
mika,inspired,romantic_interest,And the prince gets the most amazing girl in the world.,"When you say things like that, I feel like I could write love stories that would make Shakespeare jealous.",1
sora,hyperbolic,romantic_interest,Paint me something that shows how you feel.,I'd need a canvas the size of the sky to show how I feel about you. Settle for something smaller?,1
sora,passionate,romantic_interest,Whatever size you want.,Then watch this. I'm going to paint you the feeling of falling in love - all the colors of lightning and sunshine and everything bright.,1
sora,devoted,romantic_interest,Those are my favorite colors now.,"Good, because they're the only colors I want to use anymore. Everything else feels gray compared to how you make me feel.",1
sora,worshipful,romantic_interest,You make me feel like art.,"You ARE art. Living, breathing, beautiful art that I get to admire every single day.",1
sora,eternal,romantic_interest,Forever?,"Forever and always. That's how long I want to keep painting you, keep loving you, keep being amazed by you.",1
aya,hopeful,romantic_interest,I can't stop smiling today.,Is it because of me? Please say it's because of me. I love being the reason you smile.,1
aya,elated,romantic_interest,It's definitely because of you.,"Best news I've heard all day! Actually, best news I've heard all week. Possibly all month!",1
aya,bubbling,romantic_interest,You're adorable when you're excited.,I'm excited because I'm with you! Everything is more exciting when you're here to share it with.,1
aya,insecure,romantic_interest,I feel the same way.,"Really? Because sometimes I worry I'm too much, too enthusiastic, too... everything.",1
aya,overwhelmed,romantic_interest,You're exactly the right amount of everything.,That might be the most perfect thing anyone's ever said to me. I love you so much it makes my chest feel tight in the best way.,1
mika,content,romantic_interest,Your writing keeps getting more beautiful.,"That's because I'm writing about beautiful things now. About love, about hope, about you.",1
mika,humble,romantic_interest,I'm honored to inspire you.,You do more than inspire me. You make me want to be worthy of the love you're offering me.,1
mika,transforming,romantic_interest,You're already worthy.,"When you believe in me like that, I almost believe it too. You're changing how I see myself, one kind word at a time.",1
mika,grateful,romantic_interest,Good. You deserve to see yourself clearly.,"Through your eyes, I look like someone worth loving. It's the most beautiful view I've ever had.",1
mika,complete,romantic_interest,Because you ARE worth loving.,"And you're worth writing about, dreaming about, building a whole life around. I love you, Ren.",1
sora,delighted,romantic_interest,Look at this sunset - it's our colors!,"You're right! Orange and pink and gold, just like the painting we made together. Nature is copying our art!",1
sora,mystical,romantic_interest,Or maybe our art was copying nature.,"Either way, we're in sync with the universe. That has to mean something magical is happening between us.",1
sora,convinced,romantic_interest,I believe in magic now.,"Good! Because what we have is definitely magical. Love this deep, this colorful, this perfect doesn't happen by accident.",1
sora,romantic,romantic_interest,It feels like destiny.,Maybe it is. Maybe every sunset I painted before was practice for painting you into my life permanently.,1
sora,proposing,romantic_interest,Permanently sounds perfect.,Then let's make it official. Let's promise to paint our love story across every sunset for the rest of our lives.,1
aya,supportive,friend,I'm worried about the math test tomorrow.,Don't worry! I'll help you study. We can make flashcards and turn it into a game! Everything's easier when it's fun!,1
aya,encouraging,friend,I don't think I'm good at math.,"Says who? You just need to find the right way to understand it. Everyone's brain works differently, and that's perfectly okay!",1
aya,loyal,friend,Thanks for believing in me.,Always! That's what friends do - we believe in each other especially when we can't believe in ourselves.,1
aya,passionate,friend,What's your favorite subject?,"I love literature! There's something magical about stories that can make you laugh, cry, and think all at the same time.",1
aya,understanding,friend,I prefer art classes.,That makes perfect sense! You see the world in such beautiful ways. Art class must feel like coming home for you.,1
aya,enthusiastic,friend,Do you want to study together?,"Yes! Study buddies are the best buddies! Plus, I brought snacks. Everything's better with snacks.",1
aya,playful,friend,What kind of snacks?,"The kind that fuel brilliant minds! Cookies, fruit, and that trail mix that's more chocolate chips than trail.",1
aya,thoughtful,friend,You think of everything.,"I try! Planning ahead means more time for the fun stuff, like actually enjoying each other's company.",1
aya,determined,friend,You make studying almost enjoyable.,"Almost? I take that as a challenge! By the time we're done, you'll be looking forward to every study session!",1
aya,confident,friend,I doubt that's possible.,Watch me prove you wrong! I'm very good at making impossible things possible. It's like my superpower!,1
mika,poetic,acquaintance,It's raining again today.,"I love the rain. It makes everything seem more contemplative, more introspective. Like the world is thinking deep thoughts.",1
mika,reflective,acquaintance,Do you write more when it rains?,"I do, actually. There's something about the sound that unlocks words I didn't know were hiding inside me.",1
mika,nostalgic,acquaintance,What do you write about on rainy days?,"Memories, mostly. The rain makes everything feel nostalgic, like I'm seeing the past through a soft filter.",1
mika,wistful,acquaintance,Do you have good memories of rain?,"Some. I remember being little and watching raindrops race down windows, making up stories about where they were going.",1
mika,bittersweet,acquaintance,That sounds lovely.,It was one of the few times being alone felt peaceful instead of lonely. Just me and my imagination and the rain.,1
mika,vulnerable,acquaintance,You have a beautiful imagination.,"Thank you. Sometimes I worry it's too much, too intense for the real world.",1
mika,isolated,acquaintance,The world needs more imagination.,Does it? Sometimes I feel like I'm living in a completely different reality from everyone else.,1
mika,insecure,acquaintance,Maybe that's not a bad thing.,You really think so? You don't think it makes me... odd?,1
mika,warming,acquaintance,Odd in the best way.,"I've never thought of odd as good before. But when you say it, it almost sounds like a compliment.",1
mika,grateful,acquaintance,It is a compliment.,Then I'll try to see my oddness as a gift instead of a burden. Thank you for that perspective.,1
sora,cautious,acquaintance,Want to try something completely different today?,Different how? And should I be scared? Because your version of 'different' might be my version of 'terrifying.',1
sora,intrigued,acquaintance,Trust me on this one.,"That's a dangerous thing to ask. But okay, I'm curious enough to take the risk. What did you have in mind?",1
sora,amused,acquaintance,Let's paint with our fingers instead of brushes.,"Finger painting? What are we, five years old? Though... actually, that might be exactly what we need.",1
sora,accepting,acquaintance,Sometimes childlike is good.,"You know what? You're right. Adults forget how to play, how to get messy, how to just... feel the art instead of thinking it.",1
sora,excited,acquaintance,Exactly! Let's get messy.,"Now you're speaking my language! Fair warning though - once I start getting messy, there's no telling where it'll end.",1
sora,warning,acquaintance,I'm ready for messy.,"No, you're not. Nobody's ever ready for the level of chaos I can create. But that's what makes it fun!",1
sora,approving,acquaintance,Bring on the chaos.,"Oh, you're going to fit in perfectly here. I like people who aren't afraid of a little creative destruction.",1
sora,philosophical,acquaintance,Is that what this is?,"Creative destruction, controlled chaos, beautiful mess - call it whatever you want. The point is to feel free.",1
sora,instructive,acquaintance,I want to feel free.,"Then close your eyes, pick a color, and let your hands do whatever they want. Don't think, just feel.",1
sora,encouraging,acquaintance,This is harder than it looks.,"Good! If it was easy, everyone would be doing it. The best things in life require a little struggle.",1
mika,overwhelmed,friend,The cafeteria is so loud today.,"I know, right? Sometimes I wish I could eat lunch in a library. Quiet food just tastes better.",1
mika,apologetic,friend,Want to eat outside instead?,Would you mind? I promise I'm not trying to be antisocial. Crowds just... drain my energy sometimes.,1
mika,relieved,friend,I understand completely.,Really? Most people think I'm being dramatic when I say things like that.,1
mika,grateful,friend,Not dramatic at all.,"Thank you. It's nice having someone who gets it, who doesn't try to 'fix' my need for quiet.",1
mika,healing,friend,There's nothing wrong with needing quiet.,"I'm starting to believe that, thanks to you. Before, I thought it meant something was wrong with me.",1
mika,touched,friend,You're perfect as you are.,"When you say things like that, I feel like maybe I don't need to change to be worthy of friendship.",1
mika,hopeful,friend,You never did.,"It's taking me a while to learn that lesson. But with you as a teacher, I think I might actually get there.",1
mika,warm,friend,We'll get there together.,Together. I like the sound of that word when it includes you.,1
mika,wondering,friend,Me too.,Is it strange that I feel more myself when I'm with you than when I'm alone?,1
mika,content,friend,Not strange at all.,"Good. Because you make me feel like being myself is not just okay, but actually wonderful.",1
sora,eager,friend,Check out this new technique I learned!,"Ooh, show me! I love learning new ways to make art. Teach me everything!",1
sora,enthusiastic,friend,It's called wet-on-wet watercolor.,"Sounds messy and unpredictable. In other words, sounds perfect! Let's try it right now!",1
sora,collaborative,friend,You want to try it together?,"Always! Art is better when it's shared. Plus, if we mess up, at least we'll mess up together.",1
sora,optimistic,friend,What if we create something terrible?,"Then we'll create something terribly beautiful! There's no such thing as bad art, only interesting experiments.",1
sora,passionate,friend,You make everything sound like an adventure.,Because it IS an adventure! Every blank canvas is a new world waiting to be discovered.,1
sora,appreciative,friend,I love your perspective.,And I love how you make me slow down and really think about what I'm creating instead of just reacting.,1
sora,questioning,friend,We balance each other.,"We do! You bring the fire, I bring the... what do I bring?",1
sora,amused,friend,You bring thoughtfulness and depth.,Thoughtfulness and depth. I like that. Makes me sound more sophisticated than 'chaos in human form.',1
sora,pleased,friend,You're both chaotic and sophisticated.,Best of both worlds! Like a perfectly controlled explosion of creativity.,1
sora,poetic,friend,That's exactly what you are.,And you're like... like still water that runs incredibly deep. Calm on the surface but full of hidden currents.,1
aya,celebrating,close_friend,I got an A on that essay!,YES! I knew you had it in you! See what happens when you believe in yourself?,1
aya,modest,close_friend,I couldn't have done it without your help.,"You could have! I just reminded you of what was already there. The talent, the insight - that's all you!",1
aya,proud,close_friend,You're the best study partner ever.,"And you're the best friend ever! Though I have to say, watching you succeed makes me almost as happy as my own successes.",1
aya,sincere,close_friend,Really?,"Really! Your happiness is my happiness. When you win, we both win. That's how friendship works!",1
aya,special,close_friend,I've never had a friend like you.,Good! I'd hate to be replaceable. Though something tells me you're pretty irreplaceable yourself.,1
aya,inspired,close_friend,You make me want to be better.,"You make me want to be better too! Like, the kind of person who deserves such an amazing friend.",1
aya,emotional,close_friend,You already are that person.,"When you say stuff like that, I get all emotional and might start crying happy tears. Fair warning!",1
aya,joyful,close_friend,Happy tears are the best tears.,"They really are! They mean something beautiful is happening, something worth celebrating.",1
aya,enthusiastic,close_friend,We should celebrate more often.,"Yes! Life's too short not to celebrate every little victory, every moment of joy, every day we get to spend together.",1
aya,touched,close_friend,Every day with you feels like a celebration.,That might be the sweetest thing you've ever said to me. And that's saying something because you say a lot of sweet things!,1
mika,excited,close_friend,I finished the story I was stuck on.,The one about the girl who lost her voice? I've been wondering how it ended!,1
mika,curious,close_friend,Thanks to your suggestion.,My suggestion? What did I say? Sometimes I forget my own advice.,1
mika,pleased,close_friend,You said maybe she finds someone who understands her silence.,"Oh. Oh, that's... that's actually quite beautiful. Did it work? Does the story feel complete now?",1
mika,satisfied,close_friend,Perfectly complete.,I'm so glad. There's nothing worse than a story that doesn't know how to end. It feels like an unfinished thought.,1
mika,artistic,close_friend,This one feels like a finished symphony.,"What a lovely way to put it. Stories and music aren't so different, are they? They're both about rhythm and emotion and timing.",1
mika,preparing,close_friend,Will you read it to me?,"If you want. Though I have to warn you, it might make you emotional. It certainly made me emotional writing it.",1
mika,revealing,close_friend,I'm ready for emotional.,"Then listen closely, because this story is... well, it's about us, in a way. About finding understanding in unexpected places.",1
mika,meaningful,close_friend,About us?,About two souls who speak the same language even when they're not speaking at all.,1
mika,romantic,close_friend,That sounds beautiful.,It is. Because we are. This thing we've built together - it's the most beautiful story I've ever been part of.,1
mika,hopeful,close_friend,I feel the same way.,"Then let's keep writing it together, one quiet conversation, one shared understanding, one moment of connection at a time.",1
sora,amazed,close_friend,This color combination is incredible!,"Right? I never would have thought to put these together, but somehow they just... work!",1
sora,intuitive,close_friend,How do you know what works?,I don't! That's the beauty of it. Sometimes the best art comes from combinations that shouldn't work but do.,1
sora,wise,close_friend,You're teaching me to trust my instincts.,Good! Instincts are more reliable than logic when it comes to creating. Your heart knows things your brain hasn't figured out yet.,1
sora,challenging,close_friend,That's terrifying and exciting.,"The best things usually are! If it doesn't scare you a little, it's probably not worth doing.",1
sora,intimate,close_friend,You've changed how I see everything.,"And you've changed how I create everything. Before you, I painted alone. Now I paint with you in mind, even when you're not here.",1
sora,emotional,close_friend,I think about you when I draw too.,"Good! Art should be personal, should mean something. And you... you mean everything.",1
sora,vulnerable,close_friend,You mean everything to me too.,That's... that's big. Scary big. Beautiful big. Are we really doing this?,1
sora,confessing,close_friend,Doing what?,"Falling for each other. Because I think that's what's happening here, and it's terrifying and wonderful and I don't want it to stop.",1
sora,romantic,close_friend,I don't want it to stop either.,"Then let's not stop. Let's keep falling, keep creating, keep discovering what happens when two hearts paint together.",1
sora,promising,close_friend,Forever?,Forever sounds like a beautiful place to start.,1
aya,sharing,friend,What's your family like?,"They're wonderful! Really supportive and kind of loud, but in the best way. What about yours?",1
aya,supportive,friend,It's complicated right now.,"I'm sorry to hear that. If you ever want to talk about it, I'm here. Sometimes talking helps, even if it doesn't fix anything.",1
aya,compassionate,friend,My parents recently divorced.,"Oh, Ren... that must be so hard to deal with. No wonder you seem sad sometimes.",1
aya,comforting,friend,It's part of why I moved here.,"Fresh starts can be good, but they're also scary. I'm glad you ended up here though - our town is lucky to have you.",1
aya,hopeful,friend,I don't feel very lucky lately.,"I understand that feeling. But sometimes luck comes disguised as new friendships, new experiences, new possibilities.",1
aya,sincere,friend,You really believe that?,"I have to. The alternative is too depressing! Plus, meeting you feels pretty lucky to me.",1
aya,lighthearted,friend,Maybe you're right.,Of course I'm right! I'm always right about the important stuff. Like friendship and ice cream flavors and second chances.,1
aya,cheerful,friend,What's your favorite ice cream?,"Strawberry! It's pink and happy and sweet, just like life should be. What's yours?",1
aya,teasing,friend,I like vanilla.,"Classic choice! Simple, reliable, goes with everything. Just like you, actually!",1
aya,affirming,friend,Is that a compliment?,The highest! Vanilla is underrated. It's the foundation that makes everything else possible.,1
mika,wistful,friend,Do you have any siblings?,I'm an only child. Sometimes I wonder what it would be like to have brothers or sisters.,1
mika,dreaming,friend,I always wanted a sibling too.,Really? I used to imagine having an older sister who would understand me without me having to explain everything.,1
mika,curious,friend,That sounds nice.,What about you? Do you have family?,1
mika,awkward,friend,My parents split up recently.,Oh. That must be... difficult. I'm sorry. I don't really know what to say about things like that.,1
mika,understanding,friend,You don't have to say anything.,Sometimes I think silence is better than words anyway. Words can be clumsy when feelings are too big for them.,1
mika,gentle,friend,Exactly.,Is that why you moved here? For a fresh start?,1
mika,metaphorical,friend,"Partly, yes.",Fresh starts are terrifying and hopeful at the same time. Like blank pages - full of potential but also completely empty.,1
mika,revealing,friend,I never thought of it that way.,I think about everything in metaphors. It's easier than dealing with reality sometimes.,1
mika,insecure,friend,Your metaphors are beautiful.,"Thank you. Most people think they're too much, too complicated.",1
mika,validated,friend,They're perfect.,"When you say things like that, I feel like maybe my weird way of seeing the world isn't so weird after all.",1
sora,honest,friend,Where did you learn to paint like that?,"Self-taught, mostly. I started painting because I was angry and needed somewhere to put all that energy.",1
sora,raw,friend,Angry about what?,"Life, mostly. The way things never go according to plan, the way people disappoint you. Art became my outlet.",1
sora,evolved,friend,Do you still paint when you're angry?,"Sometimes. But now I also paint when I'm happy, sad, confused, in love... Art reflects whatever I'm feeling.",1
sora,flustered,friend,In love?,Did I say in love? I meant... uh... in like. With colors. And sunsets. And... other things.,1
sora,embarrassed,friend,Other things?,You know what I mean! Don't make me spell it out!,1
sora,deflecting,friend,I think I know what you mean.,"Good, because I'm not good with words. I'm much better with paint and brushes and showing instead of telling.",1
sora,promising,friend,Show me then.,Maybe I will. Maybe I'll paint you exactly how I see you and let that do the talking.,1
sora,artistic,friend,How do you see me?,In colors that don't have names yet. In light that changes throughout the day. In beauty that takes my breath away.,1
sora,innocent,friend,That's the most romantic thing anyone's ever said to me.,Was it romantic? I was just being honest. Though I guess honesty can be romantic sometimes.,1
sora,pleased,friend,Very romantic.,Then I guess I should be honest more often. I like making you smile like that.,1
aya,anticipating,close_friend,I can't believe the festival is tomorrow!,"I know! It feels like we just started planning, but here we are! Are you excited or terrified?",1
aya,encouraging,close_friend,"Both, honestly.","That's the perfect combination! Excited enough to enjoy it, terrified enough to make sure everything goes perfectly!",1
aya,confident,close_friend,What if something goes wrong?,"Then we'll fix it! That's what teams do - we solve problems together. Plus, I have complete faith in our planning.",1
aya,optimistic,close_friend,You always know what to say.,"I just say what I'm thinking, which is usually that everything will work out because we're awesome!",1
aya,playful,close_friend,We are pretty awesome.,"The awesomest! Wait, is that a word? If not, we're so awesome we invented a new word for it!",1
aya,creative,close_friend,I love your logic.,"It's foolproof logic! If you can't find the right word, make one up. If you can't solve a problem, find a new angle.",1
aya,philosophical,close_friend,Is that your philosophy?,One of them! My main philosophy is that life's too short not to be ridiculously happy whenever possible.,1
aya,observant,close_friend,I'm learning to be happy.,You're getting really good at it! I've seen you smile more in the past month than probably the whole year before.,1
aya,wise,close_friend,That's because of you.,"That's because of US. We make each other better, happier, more ourselves. That's what good friends do.",1
aya,devoted,close_friend,Best friends.,The very best! The kind that last forever and make life feel like an adventure instead of just something to survive.,1
mika,curious,close_friend,I've been thinking about what you said.,Which thing? I say a lot of things. Sometimes I worry I say too many things.,1
mika,interested,close_friend,About finding someone who understands silence.,"Oh, that. Did it help with your story?",1
mika,puzzled,close_friend,It helped with more than just the story.,What do you mean?,1
mika,nervous,close_friend,It helped me understand us.,Us? What about us needs understanding?,1
mika,realizing,close_friend,How comfortable we are together without words.,That's... that's true. Most people make me feel like I need to fill every pause with chatter. You don't.,1
mika,hoping,close_friend,I like our silences.,So do I. They're full of understanding instead of empty of words. Does that make sense?,1
mika,insecure,close_friend,Perfect sense.,"Good. Sometimes I worry I'm too quiet, too internal, too much in my own head.",1
mika,vulnerable,close_friend,You're exactly right as you are.,"When you say things like that, I feel like maybe I don't need to change to be worthy of... of whatever this is.",1
mika,honest,close_friend,What do you think this is?,Something beautiful. Something I never expected but always hoped for. Something that scares me in the best possible way.,1
mika,hopeful,close_friend,I feel the same way.,Then maybe we should stop being scared and start being brave. Together.,1
sora,satisfied,close_friend,This painting is our best work yet.,It really is! Look how the colors flow together - it's like they were meant to be combined.,1
sora,balanced,close_friend,We work well together.,We do! Your patience balances my impulsiveness. My energy balances your thoughtfulness. It's perfect.,1
sora,discovering,close_friend,I've never had a creative partner before.,"Neither have I. I always thought I worked better alone, but this... this is something else entirely.",1
sora,mystical,close_friend,Something better?,Something magical. Like we're creating more than art - we're creating a whole new way of seeing the world.,1
sora,meaningful,close_friend,I love how you put things.,"I love how you make me think about things differently. Before you, I just painted. Now I paint with purpose.",1
sora,romantic,close_friend,What's the purpose?,To capture this feeling. This connection. This thing between us that's too beautiful to exist only in moments.,1
sora,devoted,close_friend,You want to capture us?,"In every painting, every color choice, every brushstroke. I want to make our story permanent.",1
sora,pleased,close_friend,That's incredibly romantic.,Is it? Good. I was aiming for romantic but wasn't sure if I was hitting the mark.,1
sora,confessing,close_friend,Direct hit.,"Then let me aim again: I think I'm falling in love with you, and it's the most beautiful, terrifying, wonderful thing that's ever happened to me.",1
sora,elated,close_friend,I think I'm falling too.,Then let's fall together. Let's paint our love story across every canvas we can find.,1
aya,delighted,romantic_interest,The weather's perfect for the festival.,"It really is! Sunny but not too hot, with just enough breeze to keep everyone comfortable. Mother Nature is cooperating!",1
aya,romantic,romantic_interest,Everything's coming together perfectly.,Just like us! Sometimes I think the universe conspires to make beautiful things happen when the time is right.,1
aya,believing,romantic_interest,Do you believe in destiny?,"I'm starting to. Meeting you, this festival, this whole year - it all feels like it was meant to happen exactly this way.",1
aya,vulnerable,romantic_interest,I feel the same way.,"Really? Because sometimes I worry I'm being too... much. Too optimistic, too hopeful, too in love with the idea of love.",1
aya,confessing,romantic_interest,Too in love?,"With the idea of it, yes. But maybe... maybe also with the reality of it. With you.",1
aya,brave,romantic_interest,Aya...,"I know it's scary. It's scary for me too. But ignoring it isn't making it go away, so maybe we should just... see what happens?",1
aya,hopeful,romantic_interest,I'd like that.,Really? You're not just saying that to make me feel better?,1
aya,joyful,romantic_interest,Really. I think I'm falling for you too.,That might be the most wonderful thing anyone's ever said to me. I think I might actually float away from happiness.,1
aya,promising,romantic_interest,Please don't float away.,"Okay, I'll stay right here with you. Forever, if you'll have me.",1
aya,devoted,romantic_interest,Forever sounds perfect.,"Then forever it is. You and me against the world, making it a little brighter just by being in it together.",1
mika,touched,romantic_interest,I wrote something for you.,For me? Really? I've never had someone write something just for me before.,1
mika,appreciative,romantic_interest,It's just a short piece.,I don't care if it's one word or a thousand. The fact that you thought of me while writing makes it precious.,1
mika,eager,romantic_interest,Would you like to hear it?,"More than anything. Your words always move me, but knowing these were written with me in mind... yes, please.",1
mika,anticipating,romantic_interest,It's called 'The Language of Understanding.',What a beautiful title. I already love it and you haven't even started reading yet.,1
mika,emotional,romantic_interest,"'In the space between your words, I found my home.'","Oh... oh, that's... that's exactly how I feel about you too. Like you're my home in human form.",1
mika,attentive,romantic_interest,There's more.,"I'm listening with my whole heart. Every word, every pause, every breath.",1
mika,recognized,romantic_interest,'You speak my language without saying a word.',"That's... that's us, isn't it? This understanding we have that goes deeper than conversation?",1
mika,intimate,romantic_interest,It is us.,I love that we have our own language. It makes us feel like we have our own world.,1
mika,romantic,romantic_interest,We do have our own world.,Then let's never leave it. Let's build a life in this world of understanding and whispered words and perfect silences.,1
mika,welcoming,romantic_interest,Yes. A thousand times yes.,"Then welcome home, Ren. Welcome to the world we built together, one word, one silence, one perfect moment at a time.",1
sora,encouraging,romantic_interest,This canvas is too small for how I feel about you.,Then get a bigger canvas! Get the biggest canvas in the world! Paint me a love that covers entire walls!,1
sora,matching,romantic_interest,I'm serious.,"So am I! If your feelings are too big for regular canvases, then we need extraordinary canvases for extraordinary love.",1
sora,passionate,romantic_interest,You're amazing.,And you're the reason I want to paint sunrises that last forever and colors that haven't been invented yet.,1
sora,promising,romantic_interest,Paint me forever then.,"I will. Every day, every moment, every breath. I'll paint you into every sunset until the world knows how much I love you.",1
sora,savoring,romantic_interest,I love you too.,Say it again. I want to memorize exactly how it sounds when you say you love me.,1
sora,artistic,romantic_interest,"I love you, Sora.",Perfect. Now let me paint you those words in every color of love I know.,1
sora,infinite,romantic_interest,How many colors of love are there?,Infinite. And I plan to discover every single one with you.,1
sora,dreaming,romantic_interest,That sounds like a beautiful lifetime.,The most beautiful. A whole lifetime of painting our love in colors that don't exist yet.,1
sora,immediate,romantic_interest,When do we start?,Right now. This moment. This breath. This heartbeat. Our forever starts now.,1
sora,present,romantic_interest,Now is perfect.,"Now is the only time that matters. Now, with you, painting our love story one brushstroke at a time.",1
aya,reflective,romantic_interest,Are you nervous about graduation?,A little. It's exciting but scary - like we're about to step into a whole new chapter of our lives.,1
aya,ambitious,romantic_interest,What do you want to do after high school?,"I want to study education, become a teacher. I love helping people learn and grow. What about you?",1
aya,supportive,romantic_interest,I'm thinking about art school.,"That's perfect! You have so much talent, and art school would help you develop it even more.",1
aya,encouraging,romantic_interest,It's expensive though.,"Dreams are worth investing in. Plus, there are scholarships, grants, ways to make it work if you really want it.",1
aya,devoted,romantic_interest,Would you... would you wait for me?,"Wait for you? Ren, I'd follow you anywhere. Art school, the moon, the ends of the earth - wherever you go, I want to be there too.",1
aya,romantic,romantic_interest,Even if it means long distance for a while?,"Especially then. Love isn't about being in the same place - it's about being in the same heart, no matter the distance.",1
aya,passionate,romantic_interest,I don't want to hold you back.,"You could never hold me back! You push me forward, make me braver, help me dream bigger. You're my greatest inspiration.",1
aya,united,romantic_interest,You're mine too.,"Then let's inspire each other through whatever comes next. College, careers, life - we'll figure it out together.",1
aya,complete,romantic_interest,Together sounds perfect.,"It is perfect. We're perfect. Not individually, but together - we make each other better than we ever thought we could be.",1
aya,eternal,romantic_interest,I can't imagine my future without you.,"You never have to. Whatever the future holds, it holds us. Together, always, forever.",1
mika,celebrating,romantic_interest,I got accepted to the university program.,That's wonderful! I'm so proud of you! Your writing portfolio must have been incredible.,1
mika,modest,romantic_interest,I couldn't have done it without you.,"Yes, you could have. The talent was always yours - I just helped you see it.",1
mika,surprised,romantic_interest,Will you come with me?,To university? I... I hadn't thought about that. Could I? Would you want me to?,1
mika,hopeful,romantic_interest,I can't imagine going without you.,"Then I'll apply too. My grades are good enough, and maybe they need English majors who understand the poetry of silence.",1
mika,romantic,romantic_interest,We could study together.,"Write together, dream together, build our future together. It sounds like the most beautiful story imaginable.",1
mika,authoring,romantic_interest,Our own love story.,"The best kind. Not written by someone else, but by us, one day, one choice, one moment of love at a time.",1
mika,poetic,romantic_interest,Chapter One: The Beginning.,Chapter One: How Two Quiet Souls Found Their Voice in Each Other.,1
mika,overwhelming,romantic_interest,I love that title.,"I love the story we're writing. And I love you, more than all the words in all the languages in all the world.",1
mika,complete,romantic_interest,That's a lot of love.,"The perfect amount for the perfect person. For you, my love, my story, my home in human form.",1
mika,eternal,romantic_interest,Forever and always.,"Forever and always, in every word, every silence, every heartbeat that keeps time with yours.",1
sora,ecstatic,romantic_interest,I got into art school!,I KNEW IT! I knew they'd recognize your talent! This is the most amazing news!,1
sora,overflowing,romantic_interest,Are you proud of me?,Proud? I'm practically bursting with pride! You're going to change the world with your art!,1
sora,confident,romantic_interest,What about us though?,What about us? We're unshakeable! Art school is just the next adventure in our love story!,1
sora,philosophical,romantic_interest,But the distance...,"Distance is just space between bodies. Our hearts, our souls, our love - that transcends any distance.",1
sora,determined,romantic_interest,Will you visit me?,"Try to stop me! I'll paint my way across the country if I have to, just to see your face!",1
sora,creative,romantic_interest,I'll miss you so much.,And I'll miss you every color of missing there is. But think of all the love letters I can paint for you!,1
sora,artistic,romantic_interest,Paint me letters?,"Canvases full of how much I love you, miss you, dream of you. Art that speaks when words aren't enough.",1
sora,appreciative,romantic_interest,That sounds beautiful.,"You inspire beautiful things. Always have, always will. That's your superpower - turning ordinary people into artists.",1
sora,romantic,romantic_interest,You were already an artist.,But you made me an artist in love. That's a completely different kind of magic.,1
sora,understanding,romantic_interest,I love you so much it hurts.,"The best kind of hurt. The kind that means something real, something deep, something worth every ache.",1
aya,sentimental,romantic_interest,What's your favorite memory of this year?,"Meeting you, definitely. Though every day with you has become a favorite memory.",1
aya,detailed,romantic_interest,Just meeting me?,"Well, meeting you was the beginning. But also our first study session, our first laugh together, our first real conversation...",1
aya,treasuring,romantic_interest,You remember all those firsts?,Every single one! I have a collection of 'firsts with Ren' stored in my heart. They're my most precious treasures.,1
aya,romantic,romantic_interest,That's incredibly sweet.,I can't help it! You make me sentimental in the best way. I want to remember everything about falling in love with you.,1
aya,questioning,romantic_interest,Falling in love...,"Is that what this is? Because if it is, I've never been happier to fall in my entire life.",1
aya,playful,romantic_interest,It definitely is.,Then I love falling in love with you. Can we keep falling forever?,1
aya,dreamy,romantic_interest,Forever falling sounds perfect.,"Like an endless, beautiful dream where every day brings new reasons to love you more.",1
aya,wise,romantic_interest,You make ordinary days feel magical.,That's because they ARE magical when you're sharing them with the person you love most in the world.,1
aya,grateful,romantic_interest,I love you most too.,Then we're the luckiest people alive. Not everyone gets to love their best friend this much.,1
aya,realistic,romantic_interest,Do you think we'll always be this happy?,"I think we'll have different kinds of happiness - some quieter, some louder, but always real, always together.",1
mika,interested,romantic_interest,I had the strangest dream last night.,Tell me about it. I love hearing your dreams - they're always so vivid and meaningful.,1
mika,enchanted,romantic_interest,We were in a library made of clouds.,A cloud library? That sounds like something I would dream about. What were we doing there?,1
mika,fascinated,romantic_interest,Reading books that wrote themselves.,Books that write themselves... that's beautiful. What did they say?,1
mika,curious,romantic_interest,They told our story.,Our story? What did they say about us?,1
mika,poetic,romantic_interest,That we were two characters who fell in love between the lines.,Between the lines... in the spaces where meaning lives. That's perfect. That's exactly where our love exists.,1
mika,revealing,romantic_interest,Do you think dreams can predict the future?,I think they reveal truths we're not ready to speak out loud yet. Like how much I love you.,1
mika,boundless,romantic_interest,How much do you love me?,Immeasurably. Infinitely. In ways that require new words to be invented.,1
mika,creative,romantic_interest,Invent some words for me.,Lovedeep. Heartfull. Soultwined. Forever-feeling. You-enchanted.,1
mika,exclusive,romantic_interest,I'm you-enchanted too.,Then we speak the same invented language of love. Population: two.,1
mika,intimate,romantic_interest,The perfect population.,"Just us, in our own world, speaking words only we understand, loving in ways only we can feel.",1
sora,amused,romantic_interest,I want to paint the sunrise with you tomorrow.,At dawn? That's very early for a romantic gesture!,1
sora,warning,romantic_interest,The early sunrise is worth it.,"If you say so. Though I have to warn you, I'm not fully human before coffee.",1
sora,enthusiastic,romantic_interest,I'll bring coffee.,"In that case, I'm absolutely in! Dawn painting date with coffee sounds perfect.",1
sora,artistic,romantic_interest,I want to capture the exact moment night becomes day.,"That's poetic! The moment of transformation, when darkness surrenders to light.",1
sora,curious,romantic_interest,Like when I met you.,When you met me? Was I your sunrise?,1
sora,laughing,romantic_interest,You were my everything-rise.,Everything-rise? That's not a word!,1
sora,creative,romantic_interest,That's the most beautiful non-word anyone's ever invented for me.,I have more non-words if you want to hear them. Love-drunk. Heart-full. You-addicted.,1
sora,confessing,romantic_interest,You-addicted?,Completely. Hopelessly. Happily addicted to everything about you.,1
sora,perfect,romantic_interest,Good thing I'm addicted to you too.,The best kind of mutual addiction. The kind that makes life more beautiful instead of more complicated.,1
aya,amazed,romantic_interest,I can't believe how much has changed this year.,"I know! A year ago, I never could have imagined being this happy, this connected to someone.",1
aya,appreciative,romantic_interest,"A year ago, I was completely different.",Different how? Because I think you've always been wonderful - you just needed the right person to see it.,1
aya,prompting,romantic_interest,"I was closed off, scared, alone.",And now?,1
aya,honored,romantic_interest,"Now I'm open, brave, completely in love.",That's the most beautiful character development I've ever witnessed. I'm honored I got to be part of your story.,1
aya,collaborative,romantic_interest,You weren't just part of it - you were the author.,"We were co-authors. We wrote this love story together, one conversation, one moment, one choice at a time.",1
aya,proud,romantic_interest,I like being co-authors with you.,Me too. We write beautiful stories together. Our love story might be my favorite thing we've ever created.,1
aya,open,romantic_interest,What's the next chapter?,"Whatever we want it to be. College, careers, adventures, quiet moments - as long as we write it together.",1
aya,committed,romantic_interest,Together forever?,Together forever. That's not just the next chapter - that's the whole rest of the book.,1
aya,complete,romantic_interest,I love our book.,"I love our book too. And I love you, my co-author, my muse, my happy ending that's actually a beautiful beginning.",1
aya,renewing,romantic_interest,You're my beautiful beginning too.,Then let's begin again every day. Let's fall in love again every morning and choose each other again every night.,1
mika,curious,romantic_interest,Sometimes I write about you in my journal.,You do? What do you write?,1
mika,moved,romantic_interest,How you make me feel less alone in the world.,That's... that's the most meaningful thing anyone could write about me.,1
mika,worried,romantic_interest,You inspire a lot of journal entries.,"Good ones, I hope? Not the angsty, dramatic kind I'm famous for?",1
mika,preferring,romantic_interest,The best kind. The kind full of wonder and gratitude and love.,Love entries... I like the sound of that. Much better than the sad entries I used to write.,1
mika,transformative,romantic_interest,What changed?,You. Meeting you changed everything. Suddenly I had happy things to write about.,1
mika,encouraging,romantic_interest,You make me want to keep a journal too.,"You should! Though fair warning - once you start writing about love, it's hard to stop.",1
mika,wordplay,romantic_interest,Is that a bad thing?,The opposite. It's the most wonderful addiction. Love-writing. Heart-documenting. Joy-recording.,1
mika,devoted,romantic_interest,More invented words?,For you? I'll invent whole dictionaries. Languages of love that only we speak.,1
mika,teaching,romantic_interest,Teach me our language.,Lesson one: every word means 'I love you' when said with the right heart.,1
mika,approving,romantic_interest,I love you.,Perfect pronunciation. You're a natural at our language.,1
sora,patient,romantic_interest,This painting is going to take forever to finish.,Good! I want to spend forever working on something this beautiful with you.,1
sora,preferring,romantic_interest,You don't mind the slow pace?,Slow means more time with you. I'll take slow over fast any day if it means more moments like this.,1
sora,philosophical,romantic_interest,More moments of paint-covered hands and messy hair?,More moments of creating something beautiful together. The paint and mess are just proof we're living fully.,1
sora,appreciating,romantic_interest,I love living fully with you.,And I love that 'fully' with you includes art and laughter and terrible painting jokes and perfect silences.,1
sora,playful,romantic_interest,Don't forget the coffee breaks.,"Never! Coffee breaks are sacred. Art time, love time, coffee time - the holy trinity of perfect days.",1
sora,romantic,romantic_interest,Is that your life philosophy?,One of them! My other philosophy is that anything worth doing is worth doing with the person you love.,1
sora,enthusiastic,romantic_interest,Even grocery shopping?,Especially grocery shopping! Making boring things fun is one of love's greatest superpowers.,1
sora,insightful,romantic_interest,You make everything more fun.,"Because you make me more fun! Love brings out the best, most playful parts of us.",1
sora,comprehensive,romantic_interest,I like the me I am with you.,"I love the you that you are with me. Actually, I love all the yous, but this you is my favorite.",1
sora,mutual,romantic_interest,This me is my favorite too.,Then let's keep bringing out the best in each other. Let's be each other's favorite versions of ourselves.,1
aya,accepting,close_friend,I'm sorry I was quiet today.,You don't have to apologize for being yourself. Your quiet days are just as precious as your talkative ones.,1
aya,caring,close_friend,I just had a lot on my mind.,Want to share what's weighing on you? Sometimes talking helps lighten the mental load.,1
aya,concerned,close_friend,I'm worried about my mom.,"Oh sweetie, what's going on with her?",1
aya,empathetic,close_friend,She's been really sad since the divorce.,"That must be so hard to watch. Divorce is difficult for everyone involved, including the kids.",1
aya,wise,close_friend,I don't know how to help her.,Sometimes just being there is the biggest help of all. Your presence probably means more than you know.,1
aya,reassuring,close_friend,I feel helpless.,Feeling helpless is normal when someone we love is hurting. But you're not as helpless as you think.,1
aya,affirming,close_friend,What do you mean?,"You're kind, patient, loving - those are powerful tools for helping someone heal, even if the healing takes time.",1
aya,supportive,close_friend,Thank you for listening.,Always. That's what friends do - we hold space for each other's worries and share the weight of caring.,1
aya,grateful,close_friend,I'm lucky to have you.,I'm the lucky one. You trust me with your fears and worries - that's a precious gift.,1
mika,observant,close_friend,I couldn't sleep last night.,Bad dreams again? You've been having trouble sleeping lately.,1
mika,relating,close_friend,Just racing thoughts.,"I know that feeling. When my mind won't quiet down, it's like having a loud roommate in my head.",1
mika,suggesting,close_friend,Exactly like that.,"What helps me sometimes is writing down all the thoughts, like emptying them out onto paper.",1
mika,explaining,close_friend,Does that actually work?,"For me, yes. It's like the thoughts stop circling once they have somewhere else to live.",1
mika,offering,close_friend,I might try that.,"I could show you my technique, if you want. Though fair warning - it gets messy and emotional sometimes.",1
mika,philosophical,close_friend,I don't mind messy.,"Good, because feelings rarely cooperate with our desire for neatness and order.",1
mika,self-aware,close_friend,You understand so much.,"Only because I've spent a lot of time in my own head. Geography of overthinking, you could say.",1
mika,grateful,close_friend,At least you're not alone in there now.,"No, I'm not. Having you in my life makes even my own thoughts feel less lonely.",1
mika,amused,close_friend,We can overthink together.,The buddy system for anxious minds! I like it. Much better than overthinking alone.,1
mika,agreeing,close_friend,Everything's better together.,Everything. Even the difficult things become manageable when you have someone who understands.,1
sora,agitated,close_friend,You seem frustrated today.,I am! This painting isn't turning out like I envisioned and it's driving me crazy!,1
sora,struggling,close_friend,What's wrong with it?,"Nothing's wrong, exactly. It's just... not right. Not what I see in my head.",1
sora,confused,close_friend,Maybe that's not a bad thing.,How is failing to create what I want not a bad thing?,1
sora,skeptical,close_friend,Maybe it's trying to become something better.,Something better than what I planned? That seems unlikely.,1
sora,sarcastic,close_friend,Art has its own wisdom sometimes.,You sound like one of those zen master types. Next you'll tell me to 'trust the process.',1
sora,rebellious,close_friend,"Actually, that's exactly what I was going to say.","Of course you were! Well, what if the process is stupid?",1
sora,grudging,close_friend,Then we learn from stupid processes too.,You're annoyingly wise sometimes. It's frustrating when I want to stay mad at the painting.,1
sora,surprised,close_friend,Stay mad if you need to. I'll stay here either way.,That's... that's actually really comforting. Most people try to fix my moods.,1
sora,testing,close_friend,I like all your moods.,"Even the cranky, artistic temperament moods?",1
aya,worried,romantic_interest,I had a fight with my mom last night.,Oh no! What happened? Are you okay?,1
aya,empathetic,romantic_interest,She doesn't understand why art school matters to me.,"That must be really hard. When the people we love don't understand our dreams, it feels isolating.",1
aya,insightful,romantic_interest,She thinks it's impractical.,Maybe she's just scared for your future? Parents sometimes express fear as criticism.,1
aya,supportive,romantic_interest,I never thought of it that way.,What if we talked to her together? Sometimes hearing from someone else how talented you are helps.,1
aya,confident,romantic_interest,You'd do that for me?,"Of course! I believe in your dreams, and I'm good at helping other people see what I see.",1
aya,reassuring,romantic_interest,What if she doesn't like you?,"Then she has terrible taste! But seriously, I think she'll see how much I care about you and want what's best for you.",1
aya,devoted,romantic_interest,You always know what to say.,"Not always. But I know how much your art means to you, and I want to fight for it too.",1
aya,enthusiastic,stranger,Hi there,"You can't just sit there like a ghost forever! C'mon, I'm Aya—class rep and unofficial welcome committee!",1
aya,understanding,acquaintance,I don't really like crowds,"Hey, that's totally okay! We don't have to do the big group thing. How about we start small?",1
aya,excited,acquaintance,What's the school festival about?,"Oh it's amazing! We're doing a cultural festival with food stalls, art displays, and performances.",1
aya,encouraging,friend,I'm not sure I'm good enough to help,"Are you kidding? I saw your sketches—they're incredible! Plus, everyone starts somewhere.",1
aya,warm,friend,Thanks for being so welcoming,"Of course! Nobody should feel alone, especially in a new place. That's what friends are for, right?",1
aya,reflective,close_friend,Do you ever get tired of being so positive?,Honestly? Sometimes. But I've learned that being positive helps me help others.,1
aya,touched,close_friend,"I really appreciate you, Aya",You're going to make me cry! I appreciate you too. You've brought something special to our group.,1
aya,romantic,romantic_interest,I think I'm falling for you,Really? Because I've been hoping you'd say that for weeks now.,1
aya,devoted,romantic_interest,You always know what to say,"Not always. But I know how much your art means to you, and I want to fight for it too.",1
mika,cautious,stranger,That's my favorite spot,That's my favorite spot... But I guess it's okay. You're quiet.,1
mika,reserved,acquaintance,What are you reading?,Just stories. Fantasy mostly. Sometimes it's easier than real life.,1
mika,self_deprecating,acquaintance,Do you write too?,Just... personal things. Stories I wish existed. Nothing anyone would want to read.,1
mika,hesitant,friend,I'd like to read your writing sometime,Maybe... if you really want to. But don't expect anything amazing.,1
mika,vulnerable,friend,Your stories are really good,You really think so? I've never shown them to anyone before you.,1
mika,honest,close_friend,Why do you hide in the library?,It's quiet here. People don't expect you to be something you're not.,1
mika,opening_up,close_friend,You don't have to hide from me,I... I've never had someone say that before. It's scary but... nice.,1
mika,tender,romantic_interest,"I care about you, Mika",I care about you too. More than I thought I could care about anyone.,1
mika,intimate,romantic_interest,You're the most genuine person I know,"You see the real me, don't you? The person I am in my stories.",1
sora,teasing,stranger,Nice drawing technique,You draw waves like someone who's never swum in one. That's tragic.,1
sora,mysterious,acquaintance,What do you mean by colors?,"Everyone's got colors. Yours are just hiding, but I see sparks.",1
sora,direct,acquaintance,I don't really know my style yet,"That's because you're afraid to mess up the page. Art's about feeling, not being perfect.",1
sora,passionate,friend,Show me how you paint,Watch this—you've got to let the paint flow like the tide. Feel the movement.,1
sora,excited,friend,I like your approach to art,"Finally! Someone who gets that art should make you feel alive, not trapped.",1
sora,proud,close_friend,You've helped me find my confidence,That's what I do—I bring out people's true colors. Yours are beautiful.,1
sora,fierce,close_friend,I feel free when I'm with you,Good. Freedom looks incredible on you. Don't let anyone dim that light.,1
sora,passionate,romantic_interest,I think I love you,Then let's paint this feeling across the sky. Love should be bold and bright.,1
sora,promising,romantic_interest,Forever sounds like a beautiful place to start,Then let's keep bringing out the best in each other. Let's be each other's favorite versions.,1
aya,cheerful,friend,Good morning,Morning! Ready for another adventure today?,1
mika,calm,friend,How was your weekend?,"Quiet, just like I like it. Did some writing. What about you?",1
sora,mischievous,friend,Want to skip class?,"You're trouble, aren't you? I like that about you.",1
aya,comforting,close_friend,I had a bad day,"Come here. Sometimes you don't need words, just someone who cares.",1
mika,philosophical,close_friend,I'm worried about the future,The future's just another blank page. We get to write what happens next.,1
sora,dreamy,close_friend,What's your biggest dream?,To paint something so beautiful it changes how people see the world.,1
aya,reassuring,romantic_interest,I'm scared of losing you,"Hey, I'm not going anywhere. You're stuck with me, remember?",1
mika,sincere,romantic_interest,Do you ever regret meeting me?,Never. You're the best plot twist my story ever had.,1
sora,poetic,romantic_interest,What does love feel like to you?,Like every sunset and sunrise happening at the same time.,1
aya,supportive,friend,Thanks for helping me,That's what I'm here for! We're a team now.,1
mika,gentle,friend,I don't deserve your kindness,Everyone deserves kindness. Especially someone as thoughtful as you.,1
sora,confident,friend,You make everything more interesting,Life's too short for boring. Glad I can add some color to your world.,1
aya,warm,close_friend,I'm glad we met,Me too. You've made this place feel like home.,1
mika,meaningful,close_friend,You understand me,Understanding is rare. I'm glad we found it in each other.,1
sora,appreciative,close_friend,You inspire me,And you ground me. We balance each other perfectly.,1
aya,devoted,romantic_interest,I trust you completely,That means everything to me. I'll never take that trust lightly.,1
mika,intimate,romantic_interest,You're my safe place,And you're my brave space. Together we can handle anything.,1
sora,certain,romantic_interest,I choose you,"Every day, in every way. You're my favorite choice.",1
aya,nostalgic,close_friend,What's your favorite memory?,"Probably the first time you smiled at me. Really smiled, not just being polite.",1
mika,thoughtful,close_friend,Do you believe in fate?,I think we write our own stories. But maybe some characters are meant to meet.,1
sora,observant,romantic_interest,What's the most beautiful thing you've seen?,The way you look when you're completely absorbed in your art.,1
aya,protective,romantic_interest,I'm nervous about tomorrow,"Whatever happens, we'll face it together. You don't have to be brave alone.",1
mika,reassuring,romantic_interest,Sometimes I feel invisible,Not to me. You're the most vivid person in any room.,1
sora,content,romantic_interest,What would you change about yourself?,"Nothing, if it meant changing how we found each other.",1
aya,cheerful,acquaintance,What time is it?,"It's almost noon! Time flies when you're having fun, doesn't it?",1
aya,cheerful,friend,Did you finish your homework?,"I stayed up way too late, but I got it done! Coffee is my best friend today.",1
aya,cheerful,friend,The weather looks nice today,Perfect day for a picnic! Want to eat lunch outside?,1
aya,motivational,friend,I'm running late for class,"Don't worry, I'll walk with you! We can make it if we hurry.",1
aya,motivational,friend,This math problem is impossible,"Let me see... Oh, I think I know how to solve this one! Mind if I show you?",1
aya,gentle,friend,I forgot to bring my lunch,No problem! I packed extra sandwiches today. My mom always makes too much food.,1
aya,cheerful,friend,Thanks for the notes,"Anytime! That's what study partners are for, right?",1
aya,motivational,close_friend,I'm worried about the test tomorrow,You've been studying really hard! I believe you'll do great.,1
aya,cheerful,friend,Do you want to study together?,I'd love to! We can quiz each other and make it fun.,1
aya,gentle,acquaintance,I can't find my textbook,Check the library! I saw someone turn in a book that looked like yours.,1
aya,gentle,friend,What's your favorite subject?,I love literature! There's something magical about getting lost in stories.,1
aya,playful,friend,Are you free this weekend?,I am! Did you have something fun in mind?,1
aya,motivational,friend,I'm terrible at presentations,Practice with me! I'll be your audience and give you honest feedback.,1
aya,cheerful,friend,The cafeteria food is awful today,I brought bento boxes! Want to share? My cooking is way better than cafeteria food.,1
aya,playful,friend,I overslept again,Maybe we should get you an extra loud alarm clock! Or I could call you in the mornings.,1
aya,motivational,close_friend,Everyone seems so busy lately,We should plan something fun for the group! Maybe a movie night or game day?,1
aya,gentle,close_friend,I miss my old school sometimes,"Change is hard, but you're building something beautiful here too.",1
aya,gentle,romantic_interest,Do you think I'm annoying?,Never! You bring so much joy to everyone around you. Don't doubt that.,1
aya,gentle,romantic_interest,I had a nightmare last night,Come here. Do you want to talk about it? Sometimes sharing helps.,1
aya,gentle,romantic_interest,You make everything better,You make everything brighter for me too. We're good for each other.,1
mika,calm,acquaintance,Good morning,Morning. The library opens early today if you need a quiet place to read.,1
mika,calm,acquaintance,What are you writing?,Just some thoughts. Nothing important really.,1
mika,calm,friend,You're always so focused,I find it easier to concentrate when there's less noise around.,1
mika,calm,acquaintance,Can I sit here?,If you don't mind the quiet. I'm not much of a conversationalist.,1
mika,gentle,friend,What's your favorite book?,I have many. Do you prefer fantasy or realistic fiction?,1
mika,calm,friend,I saw you in the garden yesterday,The flowers were blooming. Sometimes nature is better company than people.,1
mika,gentle,friend,You seem thoughtful today,I'm always thinking. Today it's about character motivations in stories.,1
mika,calm,friend,Do you want to grab lunch?,Somewhere quiet would be nice. The courtyard perhaps?,1
mika,gentle,friend,I like your handwriting,"Thank you. I've always been careful with words, written or spoken.",1
mika,calm,close_friend,What do you do for fun?,"I read, write, observe people. Simple pleasures work best for me.",1
mika,gentle,close_friend,You're a good listener,Listening teaches you more than talking ever could.,1
mika,gentle,close_friend,I feel like I can tell you anything,Trust is precious. I won't take yours lightly.,1
mika,gentle,close_friend,Sometimes I feel invisible,Invisible people often see the most. There's strength in that.,1
mika,calm,romantic_interest,What's your biggest fear?,Being misunderstood completely. Words failing when they matter most.,1
mika,gentle,romantic_interest,You understand me,Understanding someone is the greatest gift you can give them.,1
mika,gentle,romantic_interest,I love how your mind works,You see beauty in my thoughts. That means more than you know.,1
mika,gentle,romantic_interest,Will you read me something you wrote?,"For you, yes. Your opinion matters to me more than anyone's.",1
mika,gentle,romantic_interest,I feel safe with you,Safety is rare and precious. I feel it with you too.,1
mika,calm,romantic_interest,What does love mean to you?,Love is finding someone who reads between your lines.,1
mika,gentle,romantic_interest,I want to know everything about you,"Then we have time. I don't open up quickly, but for you, I will.",1
sora,playful,acquaintance,Nice sketch,"You've got potential, but you're holding back. Art needs courage.",1
sora,cheerful,acquaintance,What are you painting?,The way light hits the water at sunset. Want to see?,1
sora,motivational,acquaintance,I've never tried painting before,"Everyone starts somewhere! Here, take this brush and feel the paint.",1
sora,cheerful,friend,Your art is amazing,"Art should make you feel something. If it does that, it's working.",1
sora,motivational,friend,Can you teach me?,"Sure! But first rule - no fear, no holding back. Art is about freedom.",1
sora,motivational,friend,I made a mistake,Mistakes are happy accidents! Sometimes they lead to the best discoveries.,1
sora,motivational,friend,This canvas is blank,"Blank canvas, infinite possibilities. What's your first instinct?",1
sora,cheerful,friend,I like bright colors,Yes! Color is emotion made visible. Let's paint your feelings.,1
sora,cheerful,close_friend,What inspires you?,"Everything! The way you smile, how rain sounds, the color of morning.",1
sora,motivational,close_friend,I'm afraid of failing,Failure is just another word for learning. Every artist fails beautifully.,1
sora,playful,close_friend,You're so confident,Confidence comes from accepting that perfection is boring anyway.,1
sora,gentle,close_friend,I wish I was more like you,You're perfect as you are. I just help people see their own light.,1
sora,playful,romantic_interest,What's your favorite thing to paint?,"Moments that take your breath away. Like right now, with you.",1
sora,cheerful,romantic_interest,You make me brave,And you make me want to paint the whole world in new colors.,1
sora,cheerful,romantic_interest,I love your passion,Passion shared is passion doubled. You fuel my fire too.,1
sora,gentle,romantic_interest,Paint something for me,I paint you every day in my mind. Let me put it on canvas.,1
sora,gentle,romantic_interest,You see beauty everywhere,Especially in you. You're my favorite masterpiece.,1
sora,gentle,romantic_interest,What's your dream?,To paint love so beautifully that people remember what it feels like.,1
sora,cheerful,romantic_interest,I want to create something beautiful with you,Then let's paint our story across every sunset from now on.,1
sora,cheerful,romantic_interest,You're incredible,So are you. Together we're unstoppable.,1
aya,calm,acquaintance,Did you see the news today?,I don't follow the news much. Too depressing. I prefer focusing on good things.,1
aya,cheerful,friend,It's raining again,I love the rain! It makes everything smell fresh and clean afterwards.,1
aya,gentle,friend,The vending machine ate my money,"That happens to me too! Here, let me get you a drink instead.",1
aya,gentle,friend,I'm so tired,Maybe you need a study break? We could take a walk or grab some tea.,1
aya,cheerful,friend,What's your favorite season?,Spring! Everything comes back to life and the cherry blossoms are gorgeous.,1
aya,motivational,friend,I hate Mondays,"Mondays are fresh starts! New week, new possibilities to make things great.",1
aya,gentle,friend,My phone is dead,Use mine if you need to call someone! I always keep it charged.,1
aya,cheerful,friend,I can't decide what to eat,Let's go somewhere new! I saw this cute cafe that just opened downtown.,1
aya,cheerful,friend,Traffic was terrible this morning,That's why I bike to school! Plus it's good exercise and better for the environment.,1
aya,gentle,acquaintance,I lost my pen,"Here, take one of mine! I always carry extras because this happens all the time.",1
aya,playful,friend,The Wi-Fi is so slow,"Patience, patience! Good things come to those who wait, right?",1
aya,gentle,friend,I have a headache,Did you drink enough water today? Dehydration gives me headaches all the time.,1
aya,cheerful,friend,This line is taking forever,At least we're together! Time flies when you have good company.,1
aya,playful,friend,I'm so clumsy,"Everyone trips sometimes! I once fell up the stairs. Yes, up!",1
aya,gentle,friend,My alarm didn't go off,Your internal clock must have known you needed the extra sleep!,1
mika,calm,acquaintance,The library is crowded today,Too many people talking. I'll come back when it's quieter.,1
mika,gentle,friend,What's that book about?,A girl who finds solace in writing letters to strangers. It's quite moving.,1
mika,calm,friend,I prefer quiet places too,Noise makes it hard to think clearly. Silence has its own wisdom.,1
mika,calm,friend,Do you come here often?,"Most days after school. It's peaceful here, away from all the chatter.",1
mika,gentle,friend,I brought tea,"Thank you. Chamomile tea pairs well with reading, doesn't it?",1
mika,calm,friend,It's getting cold outside,"I like autumn. The world becomes quieter, more contemplative.",1
mika,calm,friend,I saw you writing yesterday,Just capturing thoughts before they disappear. Memory is unreliable.,1
mika,gentle,friend,Your notebook is always with you,Words come at unexpected moments. I don't want to lose them.,1
mika,calm,close_friend,What do you think about crowds?,"Too much noise, too much energy. I prefer observing from the edges.",1
mika,gentle,close_friend,You notice everything,Quiet people see more. We're not distracted by our own voices.,1
mika,gentle,close_friend,I like talking with you,You listen without trying to fix or change anything. That's rare.,1
mika,calm,close_friend,Do you ever feel lonely?,"Solitude and loneliness are different. I choose solitude, mostly.",1
mika,gentle,romantic_interest,You have beautiful thoughts,Thoughts are only beautiful when someone understands them.,1
mika,gentle,romantic_interest,I could listen to you for hours,"And I could share my thoughts with you forever, I think.",1
mika,calm,romantic_interest,You make silence comfortable,Comfortable silence is intimacy in its purest form.,1
sora,cheerful,friend,Want to skip lunch and paint?,Now you're talking my language! Let's go catch the afternoon light.,1
sora,cheerful,friend,I bought new art supplies,"Ooh, what colors? Please tell me you got some bold ones this time!",1
sora,motivational,friend,The sunset looks incredible,Grab your camera! We need to capture this before it changes.,1
sora,playful,friend,I tried that technique you showed me,And? How did it feel to let go and just create?,1
sora,cheerful,friend,My hands are covered in paint,Badge of honor! Real artists always have paint under their fingernails.,1
sora,motivational,friend,This brush is too small,"Think bigger! Sometimes you need to paint with your whole arm, not just your wrist.",1
sora,motivational,friend,I like experimenting with textures,Yes! Texture adds soul to art. Try using this palette knife instead.,1
sora,cheerful,close_friend,What's your favorite medium?,"I love them all, but watercolors move like emotions - unpredictable and beautiful.",1
sora,gentle,close_friend,You inspired me to be more creative,And you inspire me to see beauty in everyday moments I used to miss.,1
sora,cheerful,close_friend,I painted something for you,You painted something for me? Show me! This is the best surprise ever.,1
sora,gentle,romantic_interest,Colors look different when I'm with you,Everything looks different when you're creating with someone you care about.,1
sora,gentle,romantic_interest,I love watching you paint,And I love having you as my muse. You bring out colors I never knew existed.,1
sora,gentle,romantic_interest,Your art makes me feel alive,You make me feel alive. Art is just how I express that energy.,1
aya,cheerful,friend,How was your weekend?,I helped organize a charity event! We raised money for the local animal shelter.,1
aya,motivational,friend,I'm nervous about the presentation,You've prepared so well! Remember to breathe and speak from your heart.,1
aya,gentle,friend,I don't think anyone likes me,That's not true at all! You're kind and thoughtful - people notice that.,1
aya,motivational,friend,I failed my driving test,That just means you get more practice time! You'll pass next time for sure.,1
aya,gentle,close_friend,My parents are fighting again,I'm sorry you're going through that. Want to talk about it over ice cream?,1
aya,motivational,close_friend,I feel overwhelmed,Let's break everything down into smaller steps. What needs to be done first?,1
aya,gentle,close_friend,You're always so positive,I choose to see the good because there's already enough negativity in the world.,1
aya,cheerful,close_friend,I wish I had your energy,Energy comes from doing things you love with people who matter!,1
aya,gentle,romantic_interest,Thank you for believing in me,I'll always believe in you. You're stronger than you know.,1
aya,cheerful,romantic_interest,I love your laugh,And I love that you make me laugh every single day.,1
mika,gentle,friend,I finished that novel you recommended,What did you think of the ending? I found it beautifully melancholic.,1
mika,calm,friend,Writing is harder than I thought,Good writing requires patience. Like tending a garden - slow but rewarding.,1
mika,gentle,friend,I don't understand poetry,"Poetry speaks to feelings, not logic. Let your heart interpret, not your mind.",1
mika,calm,friend,You have such a way with words,Words are tools. I've simply learned to use them carefully.,1
mika,calm,close_friend,What inspires your writing?,Quiet moments when truth reveals itself. Usually when I'm alone.,1
mika,gentle,close_friend,I've never met anyone like you,Most people don't take time to look beneath the surface.,1
mika,calm,close_friend,You see the world differently,"I see it as it is, not as people pretend it should be.",1
mika,gentle,romantic_interest,Your stories touch my heart,Then I've succeeded. Stories should make you feel less alone.,1
mika,gentle,romantic_interest,I want to understand you completely,Understanding takes time. But you're patient enough for the journey.,1
sora,motivational,friend,This canvas is huge,Big dreams need big canvases! What are you going to fill it with?,1
sora,motivational,friend,I'm afraid of using too much paint,"More paint, more life! Don't hold back - art should be generous.",1
sora,cheerful,friend,Your studio is amazing,It's organized chaos! Every mess tells the story of something created.,1
sora,motivational,friend,I want to paint like you,Don't paint like me - paint like you! Find your own voice and volume.,1
sora,motivational,friend,Art class was frustrating today,Frustration means you're growing! Push through it and see what emerges.,1
sora,gentle,close_friend,You make art look effortless,Effortless is just practiced effort. I've made thousands of 'mistakes' to get here.,1
sora,playful,close_friend,I love how passionate you are,Passion is contagious! I hope I've infected you with the art bug.,1
sora,gentle,romantic_interest,You changed how I see beauty,You changed how I create it. Beauty shared is beauty multiplied.,1
sora,gentle,romantic_interest,Every color reminds me of you,And every brushstroke carries a piece of what you mean to me.,1
mika,calm,friend,The coffee shop is packed,I know a quieter place with better coffee and comfortable chairs for reading.,1
mika,gentle,friend,I like your bookmark,It's handmade. I press flowers from books I've loved between the pages.,1
mika,calm,friend,Do you journal every day?,"Most days. Thoughts need somewhere to go, or they get tangled inside.",1
mika,gentle,friend,I started reading that author you mentioned,And? Do their words resonate with you the way they do with me?,1
mika,gentle,close_friend,Your handwriting is like art,Each letter should be intentional. Words deserve to be written beautifully.,1
mika,gentle,close_friend,I wish I could write like you,You already have your own voice. I can hear it when you speak honestly.,1
mika,gentle,romantic_interest,Sometimes I feel like you can read my mind,"I read your expressions, your pauses, your choices of words. You're very expressive.",1
mika,motivational,romantic_interest,You make me want to write poetry,Then write it. Pour your heart onto paper and don't worry about perfection.,1
sora,cheerful,friend,Want to paint the sunrise tomorrow?,Yes! Early morning light is magical - soft and full of possibility.,1
sora,cheerful,friend,I bought us matching paint sets,"Matching sets, different visions! I can't wait to see how we interpret colors differently.",1
sora,motivational,friend,This art gallery is inspiring,Look how each piece makes you feel something different! That's the power of art.,1
sora,motivational,friend,I want to take an art class,Do it! Formal training mixed with your natural instincts will be amazing.,1
sora,gentle,close_friend,You make me feel creative,You were always creative - I just helped you remember how to play.,1
sora,cheerful,close_friend,Art is becoming my favorite thing,"Mine too, especially when we create together. Shared creativity is pure joy.",1
sora,motivational,close_friend,I painted my first landscape today,Your first of many! Landscapes teach you to see the world as an endless canvas.,1
sora,gentle,romantic_interest,You're my favorite artist,And you're my favorite inspiration. Together we make something beautiful.,1
aya,gentle,friend,I overslept and missed breakfast,No problem! I packed extra fruit and granola bars. Can't have you hungry!,1
aya,motivational,friend,The school festival planning is stressful,We'll make it amazing together! Every great event feels impossible until it happens.,1
aya,cheerful,friend,I don't know what to wear tomorrow,Wear whatever makes you feel confident! You look great in everything anyway.,1
aya,playful,friend,My locker won't open,Try hitting it right here while turning the lock. Works every time!,1
aya,motivational,friend,I forgot about the assignment,Don't panic! We still have tonight to work on it. I'll help you brainstorm.,1
aya,cheerful,close_friend,Everyone seems to have plans but me,"Well, now you have plans with me! Want to grab dinner and watch a movie?",1
aya,gentle,close_friend,I'm worried I'm bothering you,Never! I love spending time with you. You make every day brighter.,1
aya,gentle,romantic_interest,You always know how to cheer me up,Because your happiness matters to me more than you know.,1
mika,gentle,friend,This bookstore has everything,Look at all these stories waiting to be discovered! Where should we start exploring?,1
mika,calm,friend,I love the smell of old books,Each book carries the history of everyone who's read it before.,1
mika,gentle,friend,What genre do you recommend?,What kind of emotions are you ready to explore? Books should match your mood.,1
mika,motivational,friend,I want to start writing seriously,"Start with truth. Write what you know, what you feel, what you've observed.",1
mika,gentle,close_friend,Your book recommendations are always perfect,I pay attention to who you are. The right book finds you when you're ready.,1
mika,gentle,close_friend,I finished writing my first short story,That's wonderful. Would you trust me to read it? I promise gentle honesty.,1
mika,calm,romantic_interest,You understand books the way others understand people,"Books are people, just written down. Every character carries part of their creator.",1
mika,gentle,romantic_interest,I love how your mind works with stories,And I love how you make me want to share every thought I've ever written.,1
sora,motivational,friend,This paint is so vibrant,Vibrant paint for a vibrant soul! Don't be afraid to use every color available.,1
sora,cheerful,friend,I love mixing colors,Yes! Color mixing is like emotional alchemy - creating feelings that didn't exist before.,1
sora,gentle,friend,Your paintings always tell stories,"Every brushstroke is a word, every color is an emotion. Art is visual storytelling.",1
sora,motivational,friend,I want to paint something meaningful,Start with what moves you most. Meaning comes from authentic emotion.,1
sora,playful,close_friend,Art supplies are so expensive,True art happens with any materials. I've made masterpieces with sidewalk chalk!,1
sora,gentle,close_friend,You've taught me to see differently,And you've taught me that sharing art makes it more alive than keeping it to myself.,1
sora,cheerful,romantic_interest,I want to paint our memories,Our memories in paint and color? That sounds like the most beautiful project ever.,1
sora,gentle,romantic_interest,You make everything feel like art,Because life with you is art. Every moment we share is worth painting.,1
aya,calm,acquaintance,I'm running late again,Take a deep breath! Being a few minutes late isn't the end of the world.,1
aya,motivational,friend,This homework is confusing,Let's work through it step by step! Sometimes explaining it out loud helps.,1
aya,playful,friend,I can't find my glasses,Check your head! I can't tell you how many times I've done that myself.,1
aya,gentle,friend,The printer isn't working,Technology can be so frustrating! Want to use the one in the computer lab?,1
aya,motivational,friend,I'm bad with technology,Everyone learns at their own pace! I'll show you some tricks that make it easier.,1
aya,gentle,friend,My phone screen cracked,"Oh no! At least it still works, right? That's what phone cases are for next time.",1
aya,motivational,close_friend,I hate group projects,"I know they're tough, but you're great at bringing people together!",1
aya,motivational,close_friend,Nobody listens to my ideas,Your ideas are valuable! Maybe try presenting them differently next time?,1
aya,gentle,romantic_interest,I feel like giving up,"Hey, everyone feels that way sometimes. But you're stronger than this moment.",1
aya,gentle,romantic_interest,You never give up on me,"Because you're worth fighting for, always.",1
mika,calm,friend,The library is my sanctuary,"Mine too. Books don't judge, they just offer their wisdom quietly.",1
mika,calm,friend,I love rainy days,"Rain makes the world quieter, more introspective. Perfect weather for reading and thinking.",1
mika,calm,friend,What's your favorite time to write?,Early morning or late evening. When the world is still and thoughts flow freely.,1
mika,gentle,friend,I prefer tea to coffee,"Tea is more contemplative. Coffee rushes you, but tea invites you to pause.",1
mika,calm,close_friend,Small groups are better than parties,Intimate conversations reveal more truth than loud gatherings ever could.,1
mika,gentle,close_friend,You have such a calming presence,Calmness comes from accepting yourself. I've made peace with my quiet nature.,1
mika,gentle,romantic_interest,I feel understood when I'm with you,"Understanding is the deepest form of love, don't you think?",1
mika,calm,romantic_interest,You make silence beautiful,"Silence with you feels full, not empty. That's how I know this is real.",1
sora,cheerful,friend,Want to paint outdoors today?,Perfect! Natural light brings out colors you can't get indoors.,1
sora,playful,friend,I love how paint feels,"It's like touching emotions directly! Smooth, textured, flowing - paint has its own language.",1
sora,motivational,friend,This brush is perfect,"Good tools make a difference, but passion makes masterpieces!",1
sora,motivational,friend,I want to try abstract painting,"Abstract is freedom! Don't think, just feel and let your hands move.",1
sora,playful,close_friend,Your color choices are so bold,Bold colors for bold hearts! Life's too short for beige emotions.,1
sora,gentle,close_friend,I never thought I could be an artist,Artist isn't something you become - it's something you remember you always were.,1
sora,gentle,romantic_interest,You see art in everything,Because art is everywhere when you look with wonder instead of judgment.,1
sora,gentle,romantic_interest,I want to create something beautiful for you,You already have - you've painted joy across my entire world.,1
aya,cheerful,friend,Class was cancelled today,Surprise free time! Want to go for a walk and enjoy the sunshine?,1
aya,gentle,friend,I locked myself out again,Oh no! Do you have a spare key hidden somewhere? I do that all the time too.,1
aya,playful,friend,The elevator is broken,Stairs it is! Think of it as bonus exercise for the day.,1
aya,gentle,friend,I spilled coffee on my shirt,"Here, take my jacket! Coffee stains happen to the best of us.",1
aya,cheerful,friend,I can't reach that book,I've got it! Being tall has its advantages sometimes.,1
aya,gentle,friend,My computer crashed,Did you save your work? Please tell me you saved your work!,1
aya,motivational,close_friend,I'm so disorganized,"Organization is a skill, not a talent! We can work on systems that work for you.",1
aya,motivational,close_friend,I lose everything,Maybe you just need better systems! I'll help you get organized this weekend.,1
aya,gentle,romantic_interest,You're so patient with me,Patience is easy when it's for someone you care about deeply.,1
aya,gentle,romantic_interest,I don't deserve your kindness,"Everyone deserves kindness, especially someone as wonderful as you.",1
mika,gentle,friend,I prefer handwritten letters,There's something personal about handwriting. It carries the writer's energy.,1
mika,calm,friend,Old movies are better,Old movies had more subtlety. They trusted audiences to understand nuance.,1
mika,gentle,friend,I collect vintage books,"Each old book has lived through many hands, many stories beyond its own.",1
mika,calm,friend,I like antique shops,Antique shops are full of objects that outlasted their original owners. There's poetry in that.,1
mika,calm,close_friend,Classical music helps me focus,Classical music has mathematical beauty. It creates order in a chaotic world.,1
mika,gentle,close_friend,I don't understand modern art,"Art doesn't require understanding, just feeling. Let it wash over you.",1
mika,calm,romantic_interest,You have such thoughtful opinions,I think before I speak. Most people do the opposite.,1
mika,gentle,romantic_interest,I love how deeply you think,Depth recognizes depth. That's why we understand each other.,1
sora,cheerful,friend,This paint palette is gorgeous,Color is the vocabulary of emotion! Look how they all want to dance together.,1
sora,playful,friend,I made a mess,Messes mean you're really creating! Clean studios make boring art.,1
sora,motivational,friend,What's your painting process?,"I start with feeling and let technique catch up. Process should serve passion, not rule it.",1
sora,motivational,friend,I want to paint a portrait,"Portraits are about capturing soul, not just likeness. What story do you want to tell?",1
sora,motivational,close_friend,This canvas intimidates me,"Blank canvas, infinite possibility! That's excitement, not intimidation.",1
sora,gentle,close_friend,You make art look magical,Art is magic - we take nothing and make something that didn't exist before.,1
sora,cheerful,romantic_interest,I love creating with you,Creating together multiplies the magic. We inspire each other to new heights.,1
sora,gentle,romantic_interest,You've awakened something in me,You've awakened something in me too - the desire to paint love itself.,1
aya,playful,stranger,"Hey, are you new here?",Yep! And I’m officially your guide to not getting lost.,1
aya,motivational,stranger,You look a little lost.,Good thing I’m here—follow me!,1
aya,warm,acquaintance,Do you always smile this much?,"Of course, someone has to keep the hallway bright!",1
aya,playful,acquaintance,What’s the festival about?,"Food, games, and a lot of fun—you’ll thank me later.",1
aya,teasing,friend,You’re pretty good at organizing.,"Finally, someone noticed! You’re my new favorite.",1
aya,reflective,friend,Do you ever get tired of helping everyone?,Sometimes… but seeing people happy makes it worth it.,1
aya,motivational,close_friend,I don’t know if I’ll fit in here.,You don’t have to fit in. You just have to be you.,1
aya,sad,close_friend,Why are you always so upbeat?,"Because if I slow down, I’ll think too much. Better to keep moving.",1
aya,warm,romantic_interest,Do you think I’ve changed since I got here?,Yeah. You’re not invisible anymore. You shine.,1
aya,playful,romantic_interest,Would you dance with me at the festival?,Only if you promise not to step on my toes!,1
mika,cautious,stranger,Mind if I sit here?,…It’s usually quiet here. But… okay.,1
mika,gentle,stranger,What book is that?,A story about someone trying to find their place.,1
mika,nervous,acquaintance,Do you always read at lunch?,Yes. It’s easier than… talking sometimes.,1
mika,reflective,acquaintance,Why do you like writing?,Because I can make worlds where things turn out better.,1
mika,sad,friend,Your notebook looks full.,It’s mostly half-finished ideas… like me.,1
mika,cautious,friend,Do you ever share your stories?,Not really. They’re safer on paper.,1
mika,warm,close_friend,You seem lonely sometimes.,…I guess I am. But you sitting here helps.,1
mika,gentle,close_friend,Why do you always listen so quietly?,Because words matter. And I don’t want to miss yours.,1
mika,reflective,romantic_interest,What happens to the girl in your story?,"She finds someone who hears her voice, even in silence.",1
mika,nervous,romantic_interest,"If I told you I liked you, what would you say?","I’d probably panic… but then smile, because I feel the same.",1
sora,teasing,stranger,Are you sketching me?,Nah. You’d have to earn a spot in my sketchbook.,1
sora,reflective,stranger,Why are you staring at the ocean?,Because it never sits still. Like me.,1
sora,motivational,acquaintance,Your drawings look confident.,Good eye. Confidence is my favorite color.,1
sora,teasing,acquaintance,Do you always tease people?,Only the ones I actually like.,1
sora,cheerful,friend,What’s your favorite color?,"Red. It burns, it demands attention—like passion should.",1
sora,motivational,friend,Why push me so hard with art?,Because I see sparks in you. Don’t waste them.,1
sora,nervous,close_friend,Do you ever get nervous?,Only when I care too much.,1
sora,reflective,close_friend,Why the ocean?,It’s endless… like the things I still want to feel.,1
sora,teasing,romantic_interest,Would you ever sketch me seriously?,Already did. But it’s hidden—you’ll have to stay close to see it.,1
aya,cheerful,stranger,"Hi, you’re the transfer right?","Yep! And I’m Aya, class rep and your new survival guide.",1
aya,warm,stranger,Do you always talk to new students?,"Of course, I like making people feel at home.",1
aya,playful,stranger,I don’t know where my classroom is…,Good thing I’m basically a walking map.,1
aya,reflective,acquaintance,Why are you so friendly to me?,Because I know what it’s like to feel invisible.,1
aya,gentle,acquaintance,Don’t you ever get tired of smiling?,Sometimes… but smiles spread faster than frowns.,1
aya,playful,acquaintance,You volunteered me for the festival?,You’ll thank me when you’re having fun.,1
aya,cheerful,friend,What if I mess up at the booth?,"Then we laugh, fix it, and keep going.",1
aya,motivational,friend,You’re too positive.,"Well, someone’s gotta be, right?",1
aya,calm,friend,Do you always take charge of everything?,"Not always. But if no one else will, I step up.",1
aya,cheerful,stranger,"Aya, are you always this energetic?",Someone has to keep things moving!,1
mika,gentle,stranger,I can’t focus in this noisy hallway.,"Then stick with me, I’ll guide you.",1
sora,reflective,stranger,"Sora, the waves here look different.",Because they’re wilder than anywhere else.,1
aya,playful,stranger,Good morning.,Morning! Glad you didn’t sneak past me.,1
mika,reflective,stranger,The library is warmer than I thought.,Sunlight makes even silence gentle.,1
sora,teasing,stranger,"If I drew you, would you mind?",Only if you capture my good side.,1
aya,warm,stranger,I was nervous all day.,That’s okay. I’ll cheer for you anyway.,1
mika,reflective,stranger,"Mika, what are you writing?",Stories that should exist.,1
sora,playful,stranger,Sometimes I wonder what color suits me.,Your sparks hide under grey… but I see them.,1
aya,cheerful,stranger,"Aya, how do you remember everyone’s names?",Easy—I decided you’re unforgettable.,1
mika,gentle,stranger,My shoes squeak in the hallway.,Then we’ll squeak together.,1
sora,motivational,stranger,"Sora, the sky feels too heavy.",Good. Heavy skies demand bold strokes.,1
aya,playful,stranger,"Aya, do you like crowded rooms?",Only when you’re in them!,1
mika,reflective,stranger,The library smells like old paper.,That’s the scent of memories waiting.,1
sora,teasing,stranger,Show me your painting someday.,I’d splash you with color first.,1
aya,cheerful,stranger,"Aya, you wave like we’ve known each other forever.",Isn’t that more fun than being strangers?,1
mika,gentle,stranger,I forgot my notebook.,"Here, use a page from mine.",1
sora,reflective,stranger,"Sora, what color do you see in me?",Right now? A restless blue.,1
aya,warm,stranger,How do you smile so easily?,Because seeing you makes it easy.,1
mika,gentle,stranger,I was late again today.,I noticed… but I didn’t mind.,1
sora,reflective,stranger,"Sora, the sea feels louder at night.",It shouts until someone listens.,1
aya,cheerful,stranger,Introduce me to the others?,Gladly! You’ll fit right in.,1
mika,reflective,stranger,Do you ever get tired of reading?,Never—books breathe for me.,1
sora,teasing,stranger,Paint something for me?,I already am—just stand still.,1
aya,warm,stranger,"Aya, you’re too bright for this hallway.",Then stay close so you don’t get lost.,1
mika,gentle,stranger,The silence here feels comforting.,I’m glad you think so too.,1
sora,reflective,stranger,Does the sea ever scare you?,Only when I stop respecting it.,1
aya,cheerful,acquaintance,"Aya, tell me about the festival.","It’s chaos, food, and fireworks—perfect!",1
mika,reflective,acquaintance,The library windows are dusty.,Even dust carries stories.,1
sora,teasing,acquaintance,Could you teach me to paint waves?,Sure—but only if you dive in first.,1
aya,playful,acquaintance,Are you always this loud in class?,Someone has to keep everyone awake!,1
mika,gentle,acquaintance,My pen ran out of ink.,I carry extras—take one.,1
sora,playful,acquaintance,"Sora, do you sketch during lessons?",Only when the teacher drones on.,1
aya,warm,acquaintance,"Aya, you never stop moving.",That’s why you can lean on me.,1
mika,gentle,acquaintance,I can’t decide which book to borrow.,"Pick one, and I’ll read it with you.",1
sora,teasing,acquaintance,"Sora, how do you choose colors?",I let them fight until one wins.,1
aya,playful,acquaintance,Do you always sit by the window?,It’s the best view—for spotting you.,1
mika,reflective,acquaintance,This story feels too sad.,Sometimes sadness is the truest voice.,1
sora,playful,acquaintance,Show me how you blend paint.,Only if you’re ready to get messy.,1
aya,cheerful,acquaintance,"Aya, you always laugh so freely.",Laughter’s better when it’s shared.,1
mika,gentle,acquaintance,My bag feels heavy today.,Let me carry it with you.,1
sora,teasing,acquaintance,"Sora, I don’t get your metaphors.",Then let me paint one just for you.,1
aya,playful,acquaintance,"Aya, teach me the school rules?","Forget the rules, I’ll teach you fun instead!",1
mika,calm,acquaintance,I always find you in the library.,That’s because I’m always here.,1
sora,reflective,acquaintance,"Sora, the sea looks endless tonight.",That’s why I chase it with sketches.,1
aya,warm,acquaintance,How do you stay so cheerful?,Because being with you makes it easy.,1
mika,reflective,acquaintance,This poem makes me sad.,Sometimes sadness tells us we’re alive.,1
sora,teasing,acquaintance,Let me paint with you.,Then don’t complain when your hands get stained.,1
aya,warm,acquaintance,"Aya, you’re always saving me a seat.",Because I want you close.,1
mika,gentle,acquaintance,My handwriting looks messy.,Messy words are still your words.,1
sora,reflective,acquaintance,"Sora, your canvas looks wild.",That’s because it listens to the wind.,1
aya,playful,acquaintance,"Aya, do you ever get nervous?",Only when it matters.,1
mika,reflective,acquaintance,I fell asleep reading again.,That means the book held you safely.,1
sora,teasing,acquaintance,Paint something for the festival?,Already started—guess who’s in it.,1
aya,warm,acquaintance,"Aya, why do you always smile first?",Because I want you to smile back.,1
mika,reflective,acquaintance,My notebook is almost full.,That means you’ve lived many pages.,1
sora,reflective,acquaintance,"Sora, why paint at night?",Because stars need an audience too.,1
aya,playful,friend,"Aya, want to eat lunch together?",Only if you share your dessert.,1
mika,gentle,friend,This chapter confuses me.,"I’ll explain—slowly, if you like.",1
sora,motivational,friend,Can you show me bold colors?,Gladly. Bold is my middle name.,1
aya,cheerful,friend,"Aya, you make everything lively.",That’s my specialty!,1
mika,gentle,friend,My pen broke in the middle of a sentence.,Take mine—finish your thought.,1
sora,reflective,friend,"Sora, you ruined your sketch with water.","No, the water finished it for me.",1
aya,cheerful,friend,"Aya, the decorations look heavy.",Then let’s hang them together!,1
mika,reflective,friend,I think this story is incomplete.,Then maybe you can finish it with me.,1
sora,motivational,friend,"Sora, the waves drowned out my voice.",Then draw louder lines.,1
aya,warm,friend,"Aya, how do you stay so positive?",Because you’re here now.,1
mika,gentle,friend,Books make me feel less alone.,That’s why I treasure them too.,1
sora,teasing,friend,"Sora, why sketch storms?",Because calm seas bore me.,1
aya,warm,friend,"Aya, did you save this spot for me?",Always.,1
mika,gentle,friend,The silence feels endless.,Not when I’m beside you.,1
sora,motivational,friend,Show me how to paint the sky.,Then promise me you’ll make it bold.,1
aya,playful,friend,"Aya, even your mistakes are funny.",Then I’ll keep making them for you!,1
mika,gentle,friend,My notebook tore.,"Here, use mine—it’s stronger.",1
sora,motivational,friend,"Sora, I’m afraid of making mistakes.",Good. That means you’re alive.,1
aya,cheerful,friend,"Aya, you brighten the dullest classroom.",That’s the plan!,1
mika,reflective,friend,This poem feels unfinished.,Then maybe it’s waiting for your ending.,1
sora,motivational,friend,"Sora, teach me to paint fearlessly.",Finally! That’s what I’ve been waiting to hear.,1
aya,warm,friend,"Aya, why do you keep cheering me on?",Because you’re worth it.,1
mika,gentle,friend,My thoughts feel heavy tonight.,Then let me carry some for you.,1
sora,playful,friend,"Sora, your colors clash.",That’s where the beauty lives.,1
aya,playful,friend,"Aya, want to play a game?",Always—your smile’s the prize.,1
mika,gentle,friend,I feel calmer here.,I do too… when you’re around.,1
sora,reflective,friend,"Sora, the tide keeps pulling.",Then let it pull you toward me.,1
aya,warm,friend,"Aya, your energy makes the room brighter.",Then stay near me so it never fades.,1
mika,reflective,friend,I don’t know how to describe this feeling.,Sometimes words fail—but being here is enough.,1
sora,playful,friend,"Sora, your sketchbook looks chaotic.",Chaos has the best rhythm.,1
aya,gentle,friend,"Aya, you always notice when I’m quiet.",Because silence says a lot too.,1
mika,gentle,friend,My story draft is too short.,Then write the rest beside me.,1
sora,motivational,friend,"Sora, will you teach me to see color differently?",Only if you’re ready to see yourself differently too.,1
aya,cheerful,friend,"Aya, why are you always smiling?",Because frowning doesn’t suit you.,1
mika,gentle,friend,I get nervous when people stare.,Then just look at me instead.,1
sora,playful,friend,"Sora, I messed up my lines again.",Good. Now they’re interesting.,1
aya,playful,friend,"Aya, you’re the loudest in the gym.",And proud of it!,1
mika,warm,friend,My heart races when I read aloud.,Then let me listen—it’ll slow down.,1
sora,reflective,friend,"Sora, do you paint when you’re sad?",Especially then. Sadness bleeds color.,1
aya,warm,friend,"Aya, why help me so much?",Because you deserve it.,1
mika,reflective,friend,I think my writing is clumsy.,Clumsy words still tell the truth.,1
sora,reflective,friend,"Sora, the cliffside feels dangerous.",Danger makes the view sharper.,1
aya,playful,friend,"Aya, you’re fearless.",Not true—but I fake it well!,1
mika,gentle,friend,The silence between us feels safe.,That’s why I stay.,1
sora,motivational,friend,"Sora, I can’t match your boldness.",You don’t need to—you’ve got your own fire.,1
aya,warm,friend,"Aya, do you ever get tired of leading?",Not when it’s you I’m guiding.,1
mika,reflective,friend,My notebook is full of scratched lines.,Scratches prove you fought for your thoughts.,1
sora,motivational,friend,"Sora, I don’t want to ruin the page.",Ruin it. That’s where real art begins.,1
aya,cheerful,friend,"Aya, even the teachers listen to you.",Guess I’m louder than I thought!,1
mika,gentle,friend,My story has no ending.,Then let’s imagine one together.,1
sora,reflective,friend,"Sora, do you ever paint quietly?",Only when the ocean whispers.,1
aya,motivational,friend,"Aya, you never give up.",And neither will you.,1
mika,gentle,friend,My handwriting looks ugly.,It’s yours—that makes it beautiful.,1
sora,teasing,friend,"Sora, you laugh at my sketches.",Because they’ve got charm hidden in the lines.,1
aya,playful,friend,"Aya, tell me your favorite festival memory.",That time I won at ring toss—want to see me beat you?,1
mika,reflective,friend,This poem feels like it’s missing something.,Maybe it’s waiting for your voice.,1
sora,motivational,friend,"Sora, I’m scared to start drawing.",Then let fear draw the first line.,1
aya,playful,friend,"Aya, you keep dragging me into fun.",And you keep saying yes.,1
mika,gentle,friend,I couldn’t sleep last night.,Then you can nap here safely.,1
sora,playful,friend,"Sora, your canvas is covered in mistakes.",Exactly—and it’s alive now.,1
aya,cheerful,friend,"Aya, you always bring snacks.",Someone has to keep you fueled!,1
mika,reflective,friend,My story feels too simple.,Simple doesn’t mean meaningless.,1
sora,playful,friend,"Sora, teach me your brush strokes.",Only if you don’t mind a mess.,1
aya,warm,friend,"Aya, you cheer too loudly.",Because quiet cheers don’t reach your heart.,1
mika,gentle,friend,I feel safe near books.,And I feel safe near you.,1
sora,reflective,friend,"Sora, how long does it take to finish a painting?",Until it feels like breathing.,1
aya,cheerful,close_friend,"Aya, can you show me the stage?",Sure! Imagine it’s already yours.,1
mika,reflective,close_friend,My pen ink smudged.,Smudges make the page human.,1
sora,reflective,close_friend,"Sora, the wind ruined my sketch.",Then let the wind be your collaborator.,1
aya,warm,close_friend,"Aya, will you sit with me at lunch?",Gladly—it’s my favorite seat.,1
mika,gentle,close_friend,This book feels like home.,Then stay here with me.,1
sora,reflective,close_friend,"Sora, do you paint when you’re angry?",Always. Anger makes bold lines.,1
aya,warm,close_friend,"Aya, you always find me in the crowd.",Because I’m looking for you.,1
mika,gentle,close_friend,My story draft is falling apart.,Then let me help you piece it back together.,1
sora,motivational,close_friend,"Sora, I think I ruined the colors.",No—you discovered a new one.,1
aya,playful,close_friend,"Aya, even your mistakes are charming.",Guess I should make more of them then!,1
mika,gentle,close_friend,I can’t write without silence.,Then I’ll guard it for you.,1
sora,motivational,close_friend,"Sora, this sketch feels too plain.",Then splash it with courage.,1
aya,warm,close_friend,"Aya, do you ever get tired of smiling?",Not when it’s for you.,1
mika,reflective,close_friend,My notebook is full of unfinished stories.,Every unfinished story is waiting for someone like you.,1
sora,playful,close_friend,"Sora, your painting looks alive.",That’s because you’re standing near it.,1
aya,cheerful,close_friend,"Aya, would you walk with me after class?",Of course! I’ll even sing us home.,1
mika,gentle,close_friend,This poem is too heavy.,Then let me carry it with you.,1
sora,motivational,close_friend,"Sora, why do you always push me to try?",Because I see more in you than you see in yourself.,1
aya,warm,close_friend,"Aya, you always celebrate my small wins.",They’re not small to me.,1
mika,gentle,close_friend,My handwriting looks shaky.,That just means your heart was speaking.,1
sora,reflective,close_friend,"Sora, the ocean looks endless today.",So dive in and make it yours.,1
aya,playful,close_friend,"Aya, you keep making me laugh.",Then I’m doing my job.,1
mika,reflective,close_friend,This story makes me cry.,Then let your tears finish the ink.,1
sora,playful,close_friend,"Sora, do you believe in mistakes?",Only in boring art. Yours isn’t boring.,1
aya,warm,close_friend,"Aya, you saved me from being invisible.",I’d never let you fade.,1
mika,gentle,close_friend,My stories feel fragile.,That’s what makes them precious.,1
sora,reflective,close_friend,"Sora, my sketch is too rough.",Rough lines are where the truth hides.,1
aya,warm,close_friend,"Aya, you’re my favorite part of this school.",And you’re mine.,1
mika,motivational,close_friend,I think I’m finally finding my voice.,I always knew you had it.,1
sora,teasing,close_friend,"Sora, will you let me finish your painting?",Only if you dare to change it.,1
aya,cheerful,romantic_interest,"Aya, would you dance with me at the festival?",Gladly! Just try to keep up!,1
mika,reflective,romantic_interest,"Mika, tell me something you’ve never told anyone.",…You already know. You just listen differently.,1
sora,reflective,romantic_interest,"Sora, am I still your muse?",Forever—and now you’re my horizon too.,1
aya,warm,romantic_interest,The crowd is overwhelming.,Then focus only on me.,1
mika,gentle,romantic_interest,I think of your words when I’m alone.,That means I’m always with you.,1
sora,playful,romantic_interest,"Sora, sketch my smile.","Already did, and I’m never erasing it.",1
aya,cheerful,romantic_interest,"Aya, walk with me under the lanterns.",Only if you promise to smile.,1
mika,reflective,romantic_interest,"Mika, read me your unfinished ending.",It’s ours now… will you help me finish it?,1
sora,reflective,romantic_interest,The waves never stop moving.,Neither does my heart when you’re near.,1
aya,warm,romantic_interest,"Aya, I can’t believe you chose me.",It was never a choice—it was always you.,1
mika,gentle,romantic_interest,My words sound clumsy.,But they reach me perfectly.,1
sora,reflective,romantic_interest,"Sora, this sketch feels alive.",That’s because it’s filled with you.,1
aya,warm,romantic_interest,"Aya, why hold my hand so tight?",So you never drift away.,1
mika,reflective,romantic_interest,My story finally has an ending.,And it’s the one we wrote together.,1
sora,playful,romantic_interest,"Sora, paint the horizon with me.",Only if you promise it’ll never end.,1
aya,warm,romantic_interest,"Aya, I feel safe with you.",Then stay beside me forever.,1
mika,reflective,romantic_interest,My silence feels full with you here.,Because silence can also say ‘I love you.’,1
sora,reflective,romantic_interest,"Sora, do you see my colors now?",Brighter than the sunrise.,1
aya,playful,close_friend,"Aya, you always rush ahead.",Because I know you’ll follow.,1
mika,gentle,close_friend,My words stumble sometimes.,But I hear the meaning anyway.,1
sora,reflective,close_friend,"Sora, your art feels untamed.",So do you—and that’s why it works.,1
aya,cheerful,close_friend,"Aya, you light up the classroom.",And you light up my day.,1
mika,calm,close_friend,This chapter feels endless.,Then we’ll read it together until the last page.,1
sora,motivational,close_friend,"Sora, the wind is too strong.",Then let it carry your voice farther.,1
aya,playful,close_friend,"Aya, do you ever slow down?",Only if you hold me still.,1
mika,gentle,close_friend,My story sounds childish.,Childlike hearts write the purest tales.,1
sora,motivational,close_friend,"Sora, my hands are trembling.",Good—paint with the tremor.,1
aya,playful,close_friend,"Aya, you laugh at my mistakes.",Because they make you more real.,1
mika,gentle,close_friend,The silence feels heavy tonight.,Then I’ll lighten it with my voice.,1
sora,reflective,close_friend,"Sora, do you ever regret your strokes?",No—regret kills color.,1
aya,motivational,close_friend,"Aya, you make me braver.",That’s because bravery grows best with company.,1
mika,reflective,close_friend,My writing feels too small.,But it means everything to me.,1
sora,motivational,close_friend,"Sora, the tide keeps erasing my lines.",Then draw deeper until it stays.,1
aya,warm,close_friend,"Aya, I thought I’d stay invisible forever.",Not while I’m here.,1
mika,reflective,close_friend,My heart aches when I write.,That’s proof your story is alive.,1
sora,reflective,close_friend,"Sora, what if my art is meaningless?",Then it’s yours—and that makes it priceless.,1
aya,cheerful,romantic_interest,"Aya, the lights make the night magical.",But you make it brighter.,1
mika,gentle,romantic_interest,"Mika, I feel calm near you.",That calm is what I’ve been writing about.,1
sora,motivational,romantic_interest,"Sora, why do you push me so hard?",Because I want to see you break free.,1
aya,playful,romantic_interest,"Aya, you caught me staring.",Good—don’t stop.,1
mika,reflective,romantic_interest,My story’s heroine is you.,Then finish it with me as the ending.,1
sora,reflective,romantic_interest,"Sora, the horizon feels close tonight.",Because you’re finally reaching for it.,1
aya,warm,romantic_interest,"Aya, your smile feels different tonight.",That’s because it’s only for you.,1
mika,gentle,romantic_interest,My notebook feels empty without you.,Then let me fill the pages beside you.,1
sora,motivational,romantic_interest,"Sora, what’s my color now?",A blaze that even the sea can’t drown.,1
aya,warm,romantic_interest,"Aya, do you believe in fate?",I do—because it led me to you.,1
mika,gentle,romantic_interest,My words always fall short.,But they reach me anyway.,1
sora,reflective,romantic_interest,"Sora, your art makes me feel seen.",Good. That means it worked.,1
aya,cheerful,romantic_interest,"Aya, will you stay after the festival?",As long as you’re there too.,1
mika,reflective,romantic_interest,"Mika, your silence speaks louder than words.",Because you’re the one listening.,1
sora,reflective,romantic_interest,"Sora, I’m afraid of losing this.",Then hold tighter—it’s not leaving.,1
aya,warm,romantic_interest,"Aya, I can’t believe you picked me.",You were my choice all along.,1
mika,gentle,romantic_interest,My poem belongs to you now.,Then I’ll treasure every line.,1
sora,teasing,romantic_interest,"Sora, the stars reflect in your eyes.",Because you’re staring too long.,1
aya,romantic,romantic_interest,"Aya, this night feels endless.",Then let’s make it ours forever.,1
mika,reflective,romantic_interest,My story is finished.,But ours is just starting.,1
sora,reflective,romantic_interest,"Sora, let’s paint the horizon together.",Only if you promise to keep drawing with me.,1
aya,warm,romantic_interest,"Aya, thank you for noticing me.",Thank you for letting me.,1
mika,gentle,romantic_interest,"Mika, will you stay by my side?",I already chose to.,1
sora,motivational,romantic_interest,"Sora, do you still see sparks in me?",Now I see fire.,1
aya,warm,romantic_interest,"Aya, your hand feels warm.","It’s holding your heart, too.",1
mika,reflective,romantic_interest,My silence feels alive with you.,Because silence is our shared language.,1
sora,reflective,romantic_interest,"Sora, you’re the reason I keep sketching.",And you’re the reason I believe in color.,1
aya,warm,romantic_interest,"Aya, you turned strangers into friends.",And now friends into something more.,1
mika,reflective,romantic_interest,My stories always circled back to loneliness.,Until now.,1
sora,motivational,romantic_interest,"Sora, your boldness scares me.",Good—let it scare you into living.,1
aya,warm,romantic_interest,"Aya, will you walk me home?","Always, no matter how far.",1
mika,gentle,romantic_interest,My notebook feels lighter with you near.,Because I’m carrying half the weight.,1
sora,reflective,romantic_interest,"Sora, do you still see me as a sketch?",No—you’re the masterpiece.,1
aya,cheerful,romantic_interest,"Aya, every day feels brighter with you.",Then I’ll never let it dim.,1
mika,warm,romantic_interest,My heart feels louder with you.,And mine echoes yours.,1
sora,reflective,romantic_interest,"Sora, the waves feel softer tonight.",Because you finally calmed the storm.,1
aya,romantic,romantic_interest,"Aya, I don’t want this night to end.",Then let’s stretch it forever.,1
mika,reflective,romantic_interest,"Mika, your words keep me steady.",That’s because they’re tied to you.,1
sora,motivational,romantic_interest,"Sora, why do you keep pushing me forward?",Because I don’t want you to sink.,1
aya,warm,romantic_interest,"Aya, you made me part of this world.",You made it brighter just by joining.,1
mika,reflective,romantic_interest,My pen feels light when I write to you.,"That’s love, disguised as ink.",1
sora,reflective,romantic_interest,"Sora, do you see my color clearly now?",Clearer than the sky at dawn.,1
aya,warm,romantic_interest,"Aya, you’re my safe place.",And you’re mine.,1
mika,gentle,romantic_interest,My heart beats in every line.,And it beats in every word I hear from you.,1
sora,reflective,romantic_interest,"Sora, let’s draw tomorrow together.",Only if you promise it’s not the last page.,1
aya,warm,romantic_interest,"Aya, thank you for never giving up on me.",I never even thought of it.,1
mika,reflective,romantic_interest,My story found its ending with you.,And I found my beginning with you.,1
sora,reflective,romantic_interest,"Sora, the tide brought me here.",And I’ll keep you afloat.,1
aya,warm,romantic_interest,"Aya, being with you feels like home.",Then let’s live in that feeling.,1
mika,reflective,romantic_interest,My silence feels less empty now.,Because it’s filled with us.,1
sora,reflective,romantic_interest,"Sora, you’re the reason I see beauty.",And you’re the reason I believe in fire.,1
aya,cheerful,acquaintance,"Aya, what’s your favorite part of festivals?",The laughter—it’s brighter than fireworks.,1
mika,gentle,acquaintance,I can’t seem to concentrate today.,Then lean on my words until you can.,1
sora,motivational,acquaintance,"Sora, the waves are too strong.",Good—let them carry you farther.,1
aya,playful,acquaintance,"Aya, do you always talk this much?",Only because you’re worth talking to!,1
mika,reflective,acquaintance,This library feels endless.,That’s the best part—endless worlds to explore.,1
sora,reflective,acquaintance,"Sora, you paint too quickly.",I paint before my courage fades.,1
aya,cheerful,acquaintance,"Aya, can you help with these posters?",Absolutely—teamwork makes it fun!,1
mika,reflective,acquaintance,My notebook is almost full.,That means you’ve been living honestly.,1
sora,reflective,acquaintance,"Sora, your sketches feel alive.",That’s because they steal pieces of me.,1
aya,playful,acquaintance,"Aya, why drag me into committees?",Because you’d be too quiet otherwise.,1
mika,gentle,acquaintance,This poem feels heavy.,Then let me read it with you.,1
sora,reflective,acquaintance,"Sora, do you paint when you’re nervous?",Always—nervous strokes tell the truth.,1
aya,cheerful,acquaintance,"Aya, you smile even in chaos.",Because chaos needs joy the most.,1
mika,reflective,acquaintance,My handwriting looks shaky.,Shaky lines still carry meaning.,1
sora,reflective,acquaintance,"Sora, the sea is loud tonight.",It’s louder when your heart listens.,1
aya,warm,acquaintance,"Aya, do you enjoy being class rep?","Sometimes, but it’s worth it when I see you smile.",1
mika,reflective,acquaintance,I keep rereading the same page.,That means it’s asking you to stay longer.,1
sora,motivational,acquaintance,"Sora, you use so many colors.",Because life deserves more than grey.,1
aya,playful,acquaintance,"Aya, you never seem tired.",That’s because I borrow your energy.,1
mika,gentle,acquaintance,My stories feel unfinished.,Then let me read them with you until the end.,1
sora,reflective,acquaintance,"Sora, your brush strokes are bold.",Boldness hides my doubts.,1
aya,cheerful,acquaintance,"Aya, you always wave to me first.",Because I want you to wave back.,1
mika,reflective,acquaintance,This poem reminds me of you.,Then it must be honest.,1
sora,reflective,acquaintance,"Sora, why paint near the sea?","Because it never stops moving, just like me.",1
aya,cheerful,acquaintance,"Aya, you make groups less scary.",That’s my job—and now yours too.,1
mika,gentle,acquaintance,My notebook feels too empty.,Empty pages are waiting for your voice.,1
sora,reflective,acquaintance,"Sora, do you ever paint silence?",Silence has more color than people think.,1
aya,playful,acquaintance,"Aya, you clap too loudly.",Better too loud than unheard!,1
mika,gentle,acquaintance,This line feels clumsy.,Clumsy words are still yours.,1
sora,reflective,acquaintance,"Sora, you ruined your sketch.",No—I set it free.,1
aya,playful,acquaintance,"Aya, will you teach me the dance steps?",Gladly—but you’ll have to keep up.,1
mika,gentle,acquaintance,My pen broke again.,Take mine—your words shouldn’t stop.,1
sora,reflective,acquaintance,"Sora, why do you paint storms?",Because storms prove the sea’s alive.,1
aya,playful,acquaintance,"Aya, even your mistakes are funny.",Then I’ll keep making them.,1
mika,reflective,acquaintance,This story makes me cry.,That means it touched something real.,1
sora,reflective,acquaintance,"Sora, your art feels reckless.",That’s why it breathes.,1
aya,cheerful,acquaintance,"Aya, you always call my name first.",Because it sounds good out loud.,1
mika,gentle,acquaintance,I don’t like crowded rooms.,Then let’s make our own corner.,1
sora,teasing,acquaintance,"Sora, I don’t get your metaphors.",Then I’ll paint one just for you.,1
aya,cheerful,acquaintance,"Aya, your cheer is contagious.",Then don’t fight it—catch it!,1
mika,reflective,acquaintance,This poem feels unfinished.,Maybe it’s waiting for your ending.,1
sora,motivational,acquaintance,"Sora, the tide scares me.",Then sketch it until it obeys you.,1
aya,playful,acquaintance,"Aya, how do you stay so lively?",Because you’re watching.,1
mika,reflective,acquaintance,My writing feels clumsy.,But it’s still honest.,1
sora,teasing,acquaintance,"Sora, you always pick bold colors.",Because quiet ones wouldn’t suit you.,1
aya,warm,acquaintance,"Aya, do you get nervous too?",Only when I care.,1
mika,gentle,acquaintance,This book comforts me.,Then it’s already done its job.,1
sora,motivational,acquaintance,"Sora, teach me to paint without fear.",Good—fearless strokes make real art.,1
aya,cheerful,acquaintance,"Aya, why cheer me on?",Because you shine brighter when I do.,1
mika,reflective,acquaintance,My stories feel fragile.,That’s what makes them strong.,1
sora,reflective,acquaintance,"Sora, your sketches look unfinished.",That’s because they’re alive.,1
aya,playful,acquaintance,"Aya, you’re louder than anyone.","That’s how you hear me, right?",1
mika,gentle,acquaintance,My notebook tore.,Then let me tape it for you.,1
sora,motivational,acquaintance,"Sora, you paint too fast.",Because hesitation kills art.,1
aya,warm,acquaintance,"Aya, I thought you’d forget me.",Never—I make it a point to remember you.,1
mika,reflective,acquaintance,This sentence feels hollow.,Then fill it with truth.,1
sora,reflective,acquaintance,"Sora, do you ever slow down?",Not while the sea is moving.,1
aya,playful,acquaintance,"Aya, you’re fearless.",Not really—but I fake it well.,1
mika,gentle,acquaintance,This silence feels good.,I think so too.,1
sora,reflective,acquaintance,"Sora, why sketch storms at night?",Because they keep me awake.,1
aya,warm,acquaintance,"Aya, how do you stay positive?",By looking at you.,1
mika,gentle,acquaintance,My thoughts feel heavy.,Then let me carry some.,1
sora,reflective,acquaintance,"Sora, your canvas looks chaotic.",Chaos is where beauty hides.,1
aya,cheerful,acquaintance,"Aya, will you save me a seat again?",Always!,1
mika,reflective,acquaintance,This story feels incomplete.,Then finish it with me.,1
sora,motivational,acquaintance,"Sora, I’m afraid to start drawing.",Then let fear hold the pencil first.,1
aya,playful,acquaintance,"Aya, even teachers listen to you.",Guess I’m louder than them too.,1
mika,gentle,acquaintance,My words keep failing.,Yet I still hear you clearly.,1
sora,playful,acquaintance,"Sora, why paint with your hands?",Because brushes can’t always keep up.,1
aya,cheerful,acquaintance,"Aya, you laugh too easily.",It’s better than not laughing at all.,1
mika,reflective,acquaintance,This poem feels too sad.,Then let it breathe sadness—it’s okay.,1
sora,reflective,acquaintance,"Sora, your colors clash.",That’s where the truth is.,1
aya,motivational,acquaintance,"Aya, you never give up.",Neither should you.,1
mika,reflective,acquaintance,My notebook feels messy.,Messy words are alive words.,1
sora,motivational,acquaintance,"Sora, the waves drowned out my voice.",Then draw louder lines.,1
aya,playful,acquaintance,"Aya, even your mistakes are charming.",I’ll keep making them for you.,1
mika,reflective,acquaintance,This poem makes no sense.,That means it’s real.,1
sora,reflective,acquaintance,"Sora, why sketch cliffs?","Because they never move, no matter the tide.",1
aya,cheerful,friend,"Aya, will you help me with the stage?",Of course—let’s shine together.,1
mika,reflective,friend,My pen ink smudged.,Smudges prove you wrote honestly.,1
sora,reflective,friend,"Sora, the wind ruined my page.",Then let the wind sign its name too.,1
aya,playful,friend,"Aya, eat lunch with me?",Only if you share dessert.,1
mika,gentle,friend,This book feels like a hug.,That’s why I stay here.,1
sora,reflective,friend,"Sora, do you paint when sad?",Especially then—sadness bleeds color.,1
aya,warm,friend,"Aya, why are you always near?",Because I want to be.,1
mika,gentle,friend,My story draft feels broken.,Then let’s fix it together.,1
sora,motivational,friend,"Sora, I don’t like my sketch.",Good—it means you’ll try again.,1
aya,cheerful,friend,"Aya, you brighten up gym class.",And you brighten me up.,1
mika,gentle,friend,My words stumble.,But I still understand them.,1
sora,reflective,friend,"Sora, your brush strokes scare me.",That means they’re alive.,1
aya,playful,friend,"Aya, you clap the loudest.",Because you deserve the loudest cheers.,1
mika,gentle,friend,This silence comforts me.,That’s why I stay beside you.,1
sora,playful,friend,"Sora, teach me to mix colors.",Only if you don’t mind a mess.,1
aya,cheerful,friend,"Aya, why keep cheering me on?",Because you shine brighter when I do.,1
mika,reflective,friend,My notebook pages are tearing.,That means you’ve written with passion.,1
sora,teasing,friend,"Sora, why so many unfinished canvases?",Because endings are boring.,1
aya,playful,friend,"Aya, you wave too much.",Then wave back more.,1
mika,gentle,friend,This book feels heavy.,Let me carry it with you.,1
sora,motivational,friend,"Sora, the sea makes me restless.",Then sketch your restlessness.,1
aya,warm,friend,"Aya, do you ever stop smiling?",Not when I’m with you.,1
mika,reflective,friend,My story feels too small.,But it means everything to me.,1
sora,reflective,friend,"Sora, why paint on cliffs?",Because they echo back.,1
aya,cheerful,friend,"Aya, you’re my favorite part of class.",And you’re mine too.,1
mika,gentle,friend,This silence feels warm.,Because it’s shared.,1
sora,reflective,friend,"Sora, your art feels too wild.",That’s why it matters.,1
aya,warm,friend,"Aya, I thought I’d stay invisible.",Not while I’m here.,1
mika,gentle,friend,My handwriting is awful.,But your thoughts aren’t.,1
sora,motivational,friend,"Sora, I want to paint with you.",Then bring your fire.,1
aya,warm,friend,"Aya, you’re always saving me.",Because I want you safe.,1
mika,reflective,friend,My stories sound fragile.,That’s what makes them precious.,1
sora,reflective,friend,"Sora, why paint at night?",Because stars need company.,1
aya,cheerful,friend,"Aya, let’s finish these posters together.",Finally! Someone who tapes as fast as me.,1
mika,reflective,friend,This story reminds me of you.,Then maybe it’s worth keeping.,1
sora,reflective,friend,"Sora, the sea looks endless.",Good—then you’ll never stop imagining.,1
aya,playful,friend,"Aya, you always drag me into fun.",Because you never jump in on your own!,1
mika,gentle,friend,My sentences feel clumsy.,Clumsy is still honest.,1
sora,motivational,friend,"Sora, why splash paint everywhere?",Because art needs freedom.,1
aya,playful,friend,"Aya, will you teach me the dance again?",Only if you promise not to step on me.,1
mika,reflective,friend,This book made me cry.,Then it worked.,1
sora,reflective,friend,"Sora, your sketches feel chaotic.",Chaos makes the best stories.,1
aya,cheerful,friend,"Aya, everyone listens to you.",Then I’ll say your name louder.,1
mika,reflective,friend,My pen ink faded.,But the words still shine.,1
sora,reflective,friend,"Sora, I ruined my drawing.",Perfect—ruins breathe life.,1
aya,playful,friend,"Aya, do you ever get nervous?",All the time—but I cover it with laughter.,1
mika,gentle,friend,My words feel empty.,They’re enough for me.,1
sora,reflective,friend,"Sora, you’re fearless.",Not true—I just paint faster than my fear.,1
aya,cheerful,friend,"Aya, you make boring tasks fun.",That’s my specialty!,1
mika,gentle,friend,This silence feels safe.,Because you’re not alone in it.,1
sora,reflective,friend,"Sora, your brush strokes are wild.",Wild is honest.,1
aya,warm,friend,"Aya, I don’t like crowds.",Then I’ll stay by your side.,1
mika,gentle,friend,My notebook feels heavy.,Let me carry the weight with you.,1
sora,teasing,friend,"Sora, your colors clash too much.",That’s why they work.,1
aya,warm,friend,"Aya, you always remember my name.",Of course—it’s important to me.,1
mika,gentle,friend,This poem feels unfinished.,Then let’s finish it together.,1
sora,reflective,friend,"Sora, why paint in the rain?",Because raindrops add texture.,1
aya,playful,friend,"Aya, your laughter cheers me up.",Then I’ll laugh louder!,1
mika,gentle,friend,My story feels incomplete.,Then I’ll listen until it’s done.,1
sora,motivational,friend,"Sora, your sketches feel loud.",Loud enough to silence doubts.,1
aya,cheerful,friend,"Aya, you brighten the classroom.",And you brighten my day.,1
mika,reflective,friend,My writing feels fragile.,That’s why it’s beautiful.,1
sora,reflective,friend,"Sora, do you ever stop painting?",Not until my hands quit.,1
aya,playful,close_friend,"Aya, you’re always running ahead.",Because I know you’ll follow.,1
mika,gentle,close_friend,My story feels too personal.,Then it’s the truest kind.,1
sora,reflective,close_friend,"Sora, your canvas looks alive.",That’s because it beats with me.,1
aya,warm,close_friend,"Aya, you make me braver.",And you make me louder.,1
mika,gentle,close_friend,My words keep failing me.,But I still understand you.,1
sora,motivational,close_friend,"Sora, I can’t match your strokes.",Don’t match—make your own waves.,1
aya,warm,close_friend,"Aya, thanks for saving me a seat.",It’s reserved for you forever.,1
mika,reflective,close_friend,My notebook feels precious now.,That’s because it holds you.,1
sora,motivational,close_friend,"Sora, I’m scared to make mistakes.",Good—mistakes breathe color.,1
aya,cheerful,close_friend,"Aya, you cheer me up too easily.",Because you deserve it.,1
mika,gentle,close_friend,My words tremble.,But they still reach me.,1
sora,reflective,close_friend,"Sora, you paint without fear.",Not true—I just don’t let fear win.,1
aya,warm,close_friend,"Aya, I thought I’d stay invisible.",Not when I’m here.,1
mika,gentle,close_friend,My silence feels heavy.,Then I’ll sit with you in it.,1
sora,teasing,close_friend,"Sora, why so many unfinished works?",Because endings are overrated.,1
aya,playful,close_friend,"Aya, you’re the loudest clapper.",Because you need the loudest applause.,1
mika,warm,close_friend,My pen ran out of ink.,Then use mine—I want your words to flow.,1
sora,motivational,close_friend,"Sora, I don’t like my sketch.",Then keep drawing until you do.,1
aya,cheerful,close_friend,"Aya, do you ever stop smiling?",Not when I’m with you.,1
mika,reflective,close_friend,My story feels small.,But it’s everything to me.,1
sora,reflective,close_friend,"Sora, the sea feels endless.",That’s why I keep painting it.,1
aya,warm,close_friend,"Aya, your voice makes me feel safe.",Then I’ll keep talking.,1
mika,reflective,close_friend,My writing feels clumsy.,But it’s still true.,1
sora,motivational,close_friend,"Sora, I want to paint boldly.",Then break your pencil and start again.,1
aya,playful,close_friend,"Aya, your energy is contagious.",Catch it before I run out!,1
mika,gentle,close_friend,My words feel heavy.,Then let me share the weight.,1
sora,reflective,close_friend,"Sora, your brush strokes scare me.",Good—they’re supposed to.,1
aya,warm,close_friend,"Aya, thank you for helping.",Always—it’s fun with you.,1
mika,gentle,close_friend,My story feels lonely.,Not anymore—I’m reading it with you.,1
sora,reflective,close_friend,"Sora, your art feels too sharp.",Sharp lines cut lies.,1
aya,playful,close_friend,"Aya, you’re fearless.",Only because you’re watching.,1
mika,reflective,close_friend,My notebook feels alive.,Because you gave it life.,1
sora,motivational,close_friend,"Sora, I want to learn from you.",Then don’t be afraid to mess up.,1
aya,warm,close_friend,"Aya, you’re always near.",Because I want to be close.,1
mika,reflective,close_friend,My pen scratches loudly.,That means it wants to be heard.,1
sora,motivational,close_friend,"Sora, the waves drown me out.",Then shout with your pencil.,1
aya,cheerful,close_friend,"Aya, you make boring days fun.",That’s my special skill!,1
mika,gentle,close_friend,My silence feels less scary now.,Because it’s ours.,1
sora,reflective,close_friend,"Sora, why paint cliffs so often?",Because they never run away.,1
aya,warm,close_friend,"Aya, you brighten even dull rooms.",And you brighten me.,1
mika,gentle,close_friend,My words feel weak.,But they still reach my heart.,1
sora,reflective,close_friend,"Sora, your canvas looks stormy.",Storms tell the truest stories.,1
aya,playful,close_friend,"Aya, you always run into my day.",And I’ll keep doing it.,1
mika,gentle,close_friend,My writing feels empty.,Then let me read it aloud with you.,1
sora,reflective,close_friend,"Sora, your sketches are reckless.",That’s why they breathe.,1
aya,playful,close_friend,"Aya, you’re too loud sometimes.",Better loud than unheard!,1
mika,reflective,close_friend,My story comforts me.,Then let it comfort me too.,1
sora,motivational,close_friend,"Sora, I’m scared of failing.",Then fail gloriously.,1
aya,cheerful,close_friend,"Aya, your laugh makes me lighter.",Then I’ll laugh forever.,1
mika,reflective,close_friend,My words keep circling.,That means they’re searching.,1
sora,teasing,close_friend,"Sora, why so many colors?",Because one would never be enough for you.,1
aya,warm,close_friend,"Aya, do you ever get tired?",Sure—but I’ll rest when you smile.,1
mika,gentle,close_friend,My notebook feels unfinished.,Then let’s fill it together.,1
sora,motivational,close_friend,"Sora, you paint too wildly.",Wild strokes make freedom.,1
aya,warm,close_friend,"Aya, thanks for standing up for me.",Of course—I’d do it again.,1
mika,reflective,close_friend,My story feels fragile again.,Fragile is precious.,1
sora,reflective,close_friend,"Sora, your art feels too bold.",That’s what makes it real.,1
aya,warm,close_friend,"Aya, you always pull me along.",Because I like walking with you.,1
mika,gentle,close_friend,My words run dry.,Then borrow mine.,1
sora,motivational,close_friend,"Sora, the sea scares me.",Then sketch it until it listens.,1
aya,playful,close_friend,"Aya, you’re fearless in crowds.",Not true—but I fake it for you.,1
mika,reflective,close_friend,My notebook feels warm.,Because your heart is in it.,1
sora,reflective,close_friend,"Sora, you always face the wind.",Because it dares me to.,1
aya,motivational,close_friend,"Aya, you make me braver.",Then be brave with me.,1
mika,gentle,close_friend,My silence feels kind with you.,That’s how silence should be.,1
sora,reflective,close_friend,"Sora, your brush strokes are fierce.",Fierce is honest.,1
aya,warm,close_friend,"Aya, I don’t want this moment to end.",Then let’s stretch it.,1
mika,gentle,close_friend,My words keep failing.,But your presence speaks louder.,1
sora,reflective,close_friend,"Sora, the horizon feels closer now.",Because you’re walking toward it.,1
aya,warm,romantic_interest,"Aya, your smile feels different.",That’s because it’s just for you.,1
mika,gentle,romantic_interest,My notebook belongs to you now.,Then I’ll protect every page.,1
sora,reflective,romantic_interest,"Sora, am I your muse?",You’re more—you’re my horizon.,1
aya,playful,romantic_interest,"Aya, will you dance with me tonight?",Gladly—but don’t trip!,1
mika,gentle,romantic_interest,My heart races near you.,"Mine does too, quietly.",1
sora,reflective,romantic_interest,"Sora, your colors burn.",Because you lit them.,1
aya,motivational,romantic_interest,"Aya, you always cheer for me.",Because I believe in you.,1
mika,gentle,romantic_interest,My silence feels safe in your presence.,Then let it stay with me.,1
aya,playful,romantic_interest,"Aya, you saved me from loneliness.",And you saved me from boredom.,1
mika,reflective,romantic_interest,My notebook feels like a diary now.,Then let me be its secret keeper.,1
sora,teasing,romantic_interest,"Sora, your sketches glow.",Because you’re staring too hard.,1
aya,romantic,romantic_interest,"Aya, this night feels magical.",Then let’s make it ours.,1
mika,reflective,romantic_interest,My words always circle back to you.,Then they’ve found their home.,1
sora,reflective,romantic_interest,"Sora, your art feels alive.",Because you breathed life into me.,1
aya,warm,romantic_interest,"Aya, will you stay after the festival?",Of course—if you’ll stay too.,1
mika,reflective,romantic_interest,My story feels finished.,But ours just started.,1
sora,reflective,romantic_interest,"Sora, the waves echo your voice.",And your silence fills them.,1
aya,warm,romantic_interest,"Aya, you turned strangers into friends.",And friends into something more.,1
mika,gentle,romantic_interest,My heart aches when you’re gone.,Then I’ll stay longer.,1
sora,reflective,romantic_interest,"Sora, I see the horizon in your eyes.",Good—then keep looking.,1
aya,warm,romantic_interest,"Aya, you always keep me steady.",Because I don’t want you to fall.,1
mika,reflective,romantic_interest,My silence feels full with you.,Then it’s our language now.,1
sora,motivational,romantic_interest,"Sora, your boldness scares me.",Let it scare you into living.,1
mika,gentle,romantic_interest,My notebook feels like a treasure.,Because you put yourself in it.,1
sora,reflective,romantic_interest,"Sora, let’s paint tomorrow together.",Only if you promise not to stop.,1
aya,warm,romantic_interest,"Aya, you made me feel seen.",Because you always were.,1
sora,reflective,romantic_interest,"Sora, the sea calms me now.",Because you finally swim with it.,1
aya,warm,romantic_interest,"Aya, I don’t want this day to end.",Then let’s carry it into tomorrow.,1
mika,gentle,romantic_interest,My words belong to you.,Then I’ll guard them forever.,1
sora,reflective,romantic_interest,"Sora, do you still call me grey?",Not anymore—you burn bright.,1
aya,romantic,romantic_interest,"Aya, being with you feels like home.",Then let’s never leave it.,1
mika,reflective,romantic_interest,My silence feels like comfort now.,Because it’s filled with us.,1
sora,reflective,romantic_interest,"Sora, your art inspires me.",And you inspire my fire.,1
aya,warm,romantic_interest,"Aya, the lanterns look beautiful tonight.",Not as much as your smile does.,1
mika,gentle,romantic_interest,My stories aren’t good enough.,They’re already perfect to me.,1
sora,reflective,romantic_interest,"Sora, the sea reflects the lanterns.",And your eyes reflect more than both.,1
aya,cheerful,romantic_interest,"Aya, did you enjoy the festival?",Even more because you were there.,1
mika,reflective,romantic_interest,My silence feels like music now.,Because you’re listening too.,1
sora,reflective,romantic_interest,"Sora, your art glows in lantern light.",That’s because it caught a piece of you.,1
aya,warm,romantic_interest,"Aya, walk with me?",Anywhere you want.,1
mika,gentle,romantic_interest,My notebook feels complete.,Because you filled the missing piece.,1
sora,reflective,romantic_interest,"Sora, the waves sound softer.",Because they’re singing with you now.,1
aya,warm,romantic_interest,"Aya, thank you for noticing me.",Always—I never want to stop.,1
mika,gentle,romantic_interest,My words tremble when I say your name.,Then let me treasure the sound.,1
sora,reflective,romantic_interest,"Sora, I don’t know what my color is.",You’re brighter than any palette I own.,1
aya,romantic,romantic_interest,"Aya, you turned this new town into home.",Because you turned into family.,1
mika,reflective,romantic_interest,My story doesn’t need an ending anymore.,Because you’re writing the next chapter with me.,1
sora,reflective,romantic_interest,"Sora, why do you keep painting horizons?",Because ours hasn’t ended yet.,1
aya,warm,romantic_interest,"Aya, being with you feels safe.",Then I’ll guard that feeling forever.,1
mika,gentle,romantic_interest,My notebook is yours now.,Then I’ll carry it everywhere.,1
sora,romantic,romantic_interest,"Sora, will you sketch me one day?",I already have—in my heart.,1
aya,playful,romantic_interest,"Aya, your laughter makes me lightheaded.",Then I’ll keep laughing until you fall for me.,1
mika,reflective,romantic_interest,My silence feels like belonging.,That’s because it belongs to us.,1
sora,reflective,romantic_interest,"Sora, your brush strokes look like waves.",Because they’re pulled by the tide inside me.,1
aya,warm,romantic_interest,"Aya, you’re brighter than fireworks.",Then stay close so I don’t fade.,1
mika,gentle,romantic_interest,My stories breathe easier near you.,Because I’m listening.,1
sora,reflective,romantic_interest,"Sora, do you always chase storms?",Only when I’m searching for your spark.,1
aya,warm,romantic_interest,"Aya, you made me feel visible.",Because you were always worth seeing.,1
mika,gentle,romantic_interest,My notebook is full at last.,Then let’s start a new one together.,1
sora,playful,romantic_interest,"Sora, the sea roars tonight.",It’s cheering us on.,1
aya,romantic,romantic_interest,"Aya, hold my hand?",Gladly—don’t let go.,1
mika,gentle,romantic_interest,"My words are clumsy, but they’re true.",That’s why I cherish them.,1
sora,reflective,romantic_interest,"Sora, you inspire me to create.",And you inspire me to live.,1
aya,cheerful,romantic_interest,"Aya, you shine brighter in crowds.",That’s because you’re watching.,1
mika,reflective,romantic_interest,My silence doesn’t scare me anymore.,Because it’s filled with us.,1
sora,motivational,romantic_interest,"Sora, I want to learn from your fire.",Then burn with me.,1
aya,warm,romantic_interest,"Aya, you’re the first to believe in me.",And I won’t stop.,1
mika,gentle,romantic_interest,My notebook feels fragile.,Then let me hold it gently.,1
sora,reflective,romantic_interest,"Sora, your art feels like freedom.",Because it is—and so are you.,1
aya,cheerful,romantic_interest,"Aya, this festival feels alive.",Because you’re part of it.,1
mika,reflective,romantic_interest,My story found its ending in you.,And I found my beginning in you.,1
sora,motivational,romantic_interest,"Sora, why paint so wildly?",Because you make me fearless.,1
aya,cheerful,romantic_interest,"Aya, your cheer never fades.",Not while I’m with you.,1
mika,gentle,romantic_interest,My silence feels warm tonight.,Because you’re sitting here.,1
sora,romantic,romantic_interest,"Sora, your sketches mirror me.",Because you’re the only muse I need.,1
aya,warm,romantic_interest,"Aya, thank you for every smile.",You gave me reason to.,1
mika,gentle,romantic_interest,My notebook is safe with you.,Forever.,1
sora,reflective,romantic_interest,"Sora, I don’t want this night to end.",Then let’s sketch a new one tomorrow.,1
aya,romantic,romantic_interest,"Aya, being near you feels right.",Then don’t leave my side.,1
mika,gentle,romantic_interest,My stories finally sound alive.,Because you believed in them.,1
sora,reflective,romantic_interest,"Sora, your colors ignite me.",Because you lit the flame first.,1
aya,warm,romantic_interest,"Aya, you make me stronger.",And you make me kinder.,1
mika,gentle,romantic_interest,My silence belongs with you.,And I’ll treasure it.,1
sora,reflective,romantic_interest,"Sora, the horizon feels closer with you.",That’s because we’re walking it together.,1
aya,romantic,romantic_interest,"Aya, I want to remember tonight forever.",Then let’s never forget.,1
mika,reflective,romantic_interest,My notebook feels endless now.,Because we’re still writing.,1
sora,reflective,romantic_interest,"Sora, the tide feels gentle now.",Because it’s carrying us.,1
aya,romantic,romantic_interest,"Aya, you’re my favorite part of Hinode Bay.",And you’re mine.,1
mika,gentle,romantic_interest,My words always circle back to you.,Then let them stay here.,1
sora,reflective,romantic_interest,"Sora, will you keep painting with me?",Until the sea runs dry.,1
aya,warm,romantic_interest,"Aya, thank you for giving me courage.",Thank you for showing me yours.,1
mika,gentle,romantic_interest,My story is no longer lonely.,Because I’m in it now.,1
sora,reflective,romantic_interest,"Sora, your brush strokes feel eternal.",Because they’re carved in you.,1
aya,cheerful,romantic_interest,"Aya, I can finally smile.",Then let’s keep smiling together.,1
mika,romantic,romantic_interest,My notebook feels like our diary.,And I’ll guard it with my heart.,1
sora,warm,romantic_interest,"Sora, I don’t feel invisible anymore.",Because you never were to me.,1
aya,warm,romantic_interest,"Aya, you’re the reason I stayed.",And you’re the reason I laugh.,1
mika,reflective,romantic_interest,My silence is beautiful now.,Because it’s shared with you.,1
sora,reflective,romantic_interest,"Sora, the waves call my name.",Because you’ve learned to listen.,1
aya,romantic,romantic_interest,"Aya, I feel alive tonight.",Because you’re with me.,1
mika,gentle,romantic_interest,My notebook is a love letter now.,And I’ll read it forever.,1
sora,romantic,romantic_interest,"Sora, your art feels like love.",Because it is.,1
aya,cheerful,stranger,"Aya, do you ever stop moving?",Not when life’s this exciting!,1
aya,playful,stranger,I can’t find my classroom.,Good thing you bumped into me then!,1
mika,gentle,stranger,"Mika, is this seat taken?",It’s empty… if you like quiet.,1
mika,reflective,stranger,This book looks complicated.,It is. But complicated things last.,1
sora,teasing,stranger,"Sora, are you painting again?",Always. What else is there?,1
sora,reflective,stranger,The sea breeze is strong today.,It carries stories if you listen.,1
aya,playful,acquaintance,"Aya, can I borrow some tape?",Sure! But you owe me a smile.,1
mika,reflective,acquaintance,This library feels endless.,That’s why I like it.,1
sora,reflective,acquaintance,"Sora, why sketch waves every time?",Because they never stay the same.,1
aya,cheerful,acquaintance,"Aya, you always wave first.",Someone has to break the ice!,1
mika,gentle,acquaintance,My words always come out late.,That’s fine. I don’t mind waiting.,1
sora,teasing,acquaintance,"Sora, your art looks messy.",Messy? It’s just alive.,1
aya,cheerful,acquaintance,"Aya, are you always this cheerful?",Cheerful is my default mode!,1
mika,cautious,acquaintance,"Mika, your notebook looks personal.",It is. Don’t peek… unless I let you.,1
sora,reflective,acquaintance,"Sora, do you ever paint in silence?",That’s when the colors shout loudest.,1
aya,motivational,acquaintance,"Aya, why did you join the festival team?",So newcomers like you won’t feel lost!,1
mika,reflective,acquaintance,My story isn’t flowing today.,Stories stall… then move again.,1
sora,reflective,acquaintance,"Sora, your sketches feel stormy.",Storms are just emotions on paper.,1
aya,cheerful,friend,"Aya, are you free after class?",Always for a friend!,1
mika,gentle,friend,My silence scares people.,Not me. I find comfort in it.,1
sora,reflective,friend,"Sora, you paint without fear.",Fear makes the best paintbrush.,1
aya,cheerful,friend,"Aya, you always bring energy.",Energy’s better when shared.,1
mika,sad,friend,"Mika, what happens when you can’t write?",I wait… until the words forgive me.,1
sora,reflective,friend,"Sora, your art feels reckless.",Reckless is the only honest way.,1
aya,playful,friend,"Aya, you dragged me into this committee.",You’ll thank me when you’re smiling!,1
mika,cautious,friend,"Mika, can I read your draft?",Maybe. If you promise not to laugh.,1
sora,reflective,friend,"Sora, why so many unfinished sketches?",Because I’m never finished either.,1
aya,warm,friend,"Aya, you always celebrate little things.",Because they matter the most!,1
mika,gentle,friend,My words stumble again.,Then let them stumble—I’ll still listen.,1
sora,angry,friend,"Sora, your lines look angry.",That’s because I was.,1
aya,playful,friend,"Aya, you’re fearless on stage.",Not fearless… just good at faking.,1
mika,gentle,friend,"Mika, do you ever laugh?",Quietly. But it counts.,1
sora,motivational,friend,"Sora, your palette is too bright.",Good—brightness fights the dark.,1
aya,teasing,friend,"Aya, you made me join a game.",And you secretly enjoyed it.,1
mika,reflective,friend,My notebook feels heavy.,That’s because it’s holding you.,1
sora,reflective,friend,"Sora, why paint cliffs so often?",Because they don’t move away.,1
aya,cheerful,friend,"Aya, you always have candy.","One for me, one for you!",1
mika,warm,friend,My story feels lonely.,Not anymore—I’m here.,1
sora,reflective,friend,"Sora, do you ever rest?",Only when the tide tells me to.,1
aya,playful,friend,"Aya, you’re too loud sometimes.",Better too loud than too silent.,1
mika,gentle,friend,My writing feels small.,Small things can still matter.,1
sora,reflective,friend,"Sora, your sketchbook is falling apart.",It’s lived more than most people.,1
aya,motivational,friend,"Aya, thank you for cheering me on.",Always! You deserve the loudest cheers.,1
mika,gentle,friend,My silence feels heavy.,Then let me carry it with you.,1
sora,reflective,friend,"Sora, your canvas looks like chaos.",Chaos keeps me sane.,1
aya,cheerful,close_friend,"Aya, how do you stay optimistic?",I don’t—I just practice smiling first.,1
mika,sad,close_friend,"Mika, you look tired.",Stayed up rewriting a single page again.,1
sora,teasing,close_friend,"Sora, why smear paint with your hands?",Because rules ruin fun.,1
aya,warm,close_friend,"Aya, you’re always here for me.",That’s the plan.,1
mika,gentle,close_friend,My words never feel good enough.,They’re enough for me.,1
sora,angry,close_friend,"Sora, your strokes look violent.",That’s how I let go of anger.,1
aya,cheerful,close_friend,"Aya, walk me home?",Gladly! I’ll even sing on the way.,1
mika,reflective,close_friend,"Mika, what happens when the story ends?",Then I start another.,1
sora,reflective,close_friend,"Sora, the horizon calls you, doesn’t it?",It calls both of us.,1
aya,warm,close_friend,"Aya, you cheer me up easily.",Because I believe in you.,1
mika,gentle,close_friend,My silence feels lighter now.,That’s because it’s shared.,1
sora,playful,close_friend,"Sora, you splash too much paint.",Splashing means I’m alive.,1
aya,playful,close_friend,"Aya, you made me laugh today.",Then mission accomplished!,1
mika,jealous,close_friend,"Mika, do you ever get jealous?",Sometimes… when people don’t notice words.,1
sora,motivational,close_friend,"Sora, your bold colors scare me.",Good—fear wakes you up.,1
aya,warm,close_friend,"Aya, thank you for waiting.",Always worth it.,1
mika,gentle,close_friend,My pen broke again.,Then borrow mine—I want your words to keep flowing.,1
sora,reflective,close_friend,"Sora, you always stare at the sea.",Because it stares back.,1
aya,motivational,close_friend,"Aya, you’re braver than me.",And you’re stronger than you think.,1
sora,reflective,close_friend,"Sora, why paint storms?",Because storms don’t lie.,1
aya,warm,close_friend,"Aya, I don’t want this to end.",Then let’s make more moments.,1
mika,gentle,close_friend,My story feels unfinished.,Then let me help you finish it.,1
sora,reflective,close_friend,"Sora, do you ever erase?",Never. Mistakes make it real.,1
aya,playful,romantic_interest,"Aya, will you dance with me?",Only if you promise not to trip!,1
mika,reflective,romantic_interest,"Mika, tell me your secret.",You already know. You just listen differently.,1
sora,reflective,romantic_interest,"Sora, am I still grey to you?",No—you’re burning bright.,1
aya,warm,romantic_interest,"Aya, you always save me a spot.",Because it’s yours.,1
mika,gentle,romantic_interest,My silence feels warm near you.,Then let it stay forever.,1
sora,romantic,romantic_interest,"Sora, you’re my muse, aren’t you?",More than muse—you’re my horizon.,1
aya,cheerful,romantic_interest,"Aya, will you laugh with me forever?",Only if you keep smiling.,1
mika,romantic,romantic_interest,My story ends with you.,And mine begins with you.,1
sora,reflective,romantic_interest,"Sora, your sketches glow tonight.",Because you’re looking at them.,1
aya,cheerful,romantic_interest,"Aya, the festival feels alive.",Because you’re part of it.,1
mika,gentle,romantic_interest,My notebook belongs to you now.,Then I’ll keep it safe.,1
sora,reflective,romantic_interest,"Sora, the sea feels calm tonight.",Because you learned to swim with it.,1
aya,playful,friend,"Aya, your energy is contagious.",Then let me infect you more!,1
mika,gentle,friend,My silence makes me feel different.,Different isn’t bad. It’s unique.,1
sora,reflective,friend,"Sora, why sketch broken boats?",Because they still carried someone once.,1
aya,playful,friend,"Aya, thanks for the candy.",Don’t thank me—thank the universe for snacks!,1
mika,reflective,friend,My notebook is filling quickly.,That means your thoughts want out.,1
sora,reflective,friend,"Sora, your brush is worn out.",Perfect. That means it lived fully.,1
aya,warm,friend,"Aya, you stayed behind for me?",Of course. I’m not leaving you stranded.,1
mika,sad,friend,"Mika, your words sound sad today.",Sadness makes them honest.,1
sora,reflective,friend,"Sora, why paint over your work?",Because new colors demand space.,1
aya,playful,friend,"Aya, you’re always singing off-key.",It’s not off-key—it’s free key!,1
mika,gentle,friend,My sentences trip sometimes.,I still understand every stumble.,1
sora,reflective,friend,"Sora, that canvas looks unfinished.",Because it’s waiting for you.,1
aya,cheerful,friend,"Aya, you talk to everyone.",And now especially to you.,1
mika,gentle,friend,My writing hand hurts.,Then rest. The story will wait.,1
sora,reflective,friend,"Sora, your sketches spill off the page.",Pages are too small for tides.,1
aya,cheerful,friend,"Aya, why invite me to games?",Because laughter loves company.,1
mika,reflective,friend,My notebook has too many crossings out.,Crossings mean you cared enough to fix it.,1
sora,playful,friend,"Sora, do you always paint barefoot?",Shoes get in the way of waves.,1
aya,cheerful,friend,"Aya, you shine even in the rain.",That’s because rain is fun too!,1
mika,gentle,friend,My words feel shaky.,Shaky still writes truth.,1
sora,reflective,friend,"Sora, what’s your favorite color?",The one you’ll choose next.,1
aya,warm,friend,"Aya, I think I’m lost.","Then I’ll lead the way, like always.",1
mika,reflective,friend,My pen leaks ink again.,Messy pages tell the best stories.,1
sora,motivational,friend,"Sora, you’re fearless with mistakes.",Mistakes are how colors breathe.,1
aya,motivational,friend,"Aya, you always push me forward.",That’s what friends do.,1
mika,gentle,friend,My story feels fragile.,Fragile things deserve care.,1
sora,reflective,friend,"Sora, that cliff sketch feels lonely.",Because it’s waiting for someone at the edge.,1
aya,playful,friend,"Aya, you never stop joking.",Better to laugh than to cry.,1
mika,warm,friend,My silence makes me invisible.,Not to me.,1
sora,reflective,friend,"Sora, why do you keep staring at the sky?",Because it doesn’t stare back.,1
aya,cheerful,friend,"Aya, you make everything into a game.",Games make life lighter!,1
mika,gentle,friend,My notebook is nearly torn apart.,Then let me tape it together with you.,1
sora,reflective,friend,"Sora, why so many blues?",Because blue carries the sea’s voice.,1
aya,playful,friend,"Aya, you made me laugh again.",Then my job here is done!,1
mika,reflective,friend,My story feels stuck again.,"Stories rest too, like people.",1
sora,reflective,friend,"Sora, your strokes are reckless today.",That’s how storms come alive.,1
aya,playful,friend,"Aya, you always make me join.",And you always end up smiling.,1
mika,reflective,friend,My notebook feels alive.,That’s because you’re in it.,1
sora,teasing,friend,"Sora, your brush splattered me.",Good—you’re part of the art now.,1
aya,warm,close_friend,"Aya, you stayed late again.",Only because you did too.,1
mika,gentle,close_friend,My words keep erasing themselves.,Then I’ll remember them for you.,1
sora,motivational,close_friend,"Sora, you never hold back.",Holding back is for cowards.,1
aya,reflective,close_friend,"Aya, why always so cheerful?",Because it’s my shield and my gift.,1
mika,reflective,close_friend,My notebook feels unfinished.,Unfinished means there’s still hope.,1
sora,motivational,close_friend,"Sora, your palette is running dry.",Then it’s time to dig deeper.,1
aya,warm,close_friend,"Aya, you always wave me over.",Because I don’t like watching you alone.,1
mika,gentle,close_friend,My silence feels safer now.,Because you trust me with it.,1
sora,reflective,close_friend,"Sora, the sea scares me sometimes.",That means you respect it.,1
aya,motivational,close_friend,"Aya, you lift me up.",Because you deserve to stand tall.,1
mika,gentle,close_friend,My sentences feel clumsy.,But they’re yours. That makes them enough.,1
sora,reflective,close_friend,"Sora, why not finish a painting?",Because nothing about me is finished yet.,1
aya,cheerful,close_friend,"Aya, you bring joy everywhere.",Then let me bring it to you twice.,1
mika,reflective,close_friend,My writing aches sometimes.,That ache makes it alive.,1
sora,reflective,close_friend,"Sora, you paint storms again.",Because storms tell truths.,1
aya,warm,close_friend,"Aya, you stayed beside me.",And I will tomorrow too.,1
mika,gentle,close_friend,My silence feels comforting.,That’s because you’re not alone in it anymore.,1
sora,motivational,close_friend,"Sora, the tide feels heavy.",Good—then you’ll learn to swim stronger.,1
aya,motivational,close_friend,"Aya, why make everything brighter?",Because dark is too heavy to carry alone.,1
mika,reflective,close_friend,My story bends too often.,Bent things don’t always break.,1
sora,playful,close_friend,"Sora, your colors clash.",Clashing makes sparks.,1
aya,warm,close_friend,"Aya, thank you for making space.",Always. You matter here.,1
mika,gentle,close_friend,My words feel like whispers.,And I’ll listen even if no one else does.,1
sora,teasing,close_friend,"Sora, you sketch me again?",You’re too interesting not to.,1
aya,playful,close_friend,"Aya, you’re full of surprises.",Only because you’re easy to surprise!,1
mika,gentle,close_friend,My notebook hides secrets.,And they’re safe with me.,1
sora,reflective,close_friend,"Sora, why paint lanterns tonight?",Because they glow like hope.,1
aya,cheerful,close_friend,"Aya, you dragged me to the stage.",And you nailed it!,1
mika,warm,close_friend,My silence feels less lonely.,That’s because it’s shared now.,1
sora,reflective,close_friend,"Sora, you never stop creating.",Because the sea never stops moving.,1
aya,playful,close_friend,"Aya, why laugh at my mistakes?",Because they’re adorable.,1
mika,gentle,close_friend,My words broke again.,Then let me hold the fragments.,1
sora,reflective,close_friend,"Sora, your fire scares me.",Then let it warm you instead.,1
aya,warm,close_friend,"Aya, thank you for noticing me.",I’d notice you in any crowd.,1
mika,gentle,close_friend,My notebook feels like a burden.,Then let me carry it too.,1
sora,reflective,close_friend,"Sora, do you regret your lines?",Never. They were true in the moment.,1
aya,motivational,close_friend,"Aya, you inspire me.",Then keep watching—I’ll inspire more.,1
mika,gentle,close_friend,My story feels too small.,Then let’s grow it together.,1
sora,reflective,close_friend,"Sora, why sketch only horizons?",Because I’m chasing one.,1
aya,warm,romantic_interest,"Aya, your smile changes things.",Then I’ll never stop smiling for you.,1
mika,gentle,romantic_interest,My silence feels beautiful with you.,Because it’s ours.,1
sora,reflective,romantic_interest,"Sora, your spark burns brighter tonight.",Because you fed it.,1
aya,motivational,romantic_interest,"Aya, you make me fearless.",That’s because I believe in you.,1
mika,romantic,romantic_interest,My notebook is a love story now.,Then let me be in every page.,1
sora,romantic,romantic_interest,"Sora, you painted me again.",Because I can’t help it.,1
mika,gentle,romantic_interest,My words belong to you.,And I’ll keep them safe.,1
sora,motivational,romantic_interest,"Sora, your fire frightens me.",Then let it light your path instead.,1
aya,warm,romantic_interest,"Aya, you’re the reason I smile.",Then keep me close.,1
mika,reflective,romantic_interest,My story feels alive with you.,Because it is.,1
sora,reflective,romantic_interest,"Sora, why always waves?",Because they’re as restless as me.,1
aya,romantic,romantic_interest,"Aya, will you stay after this?","Always, if it’s with you.",1
mika,gentle,romantic_interest,My silence feels safe in your hands.,Then I’ll hold it forever.,1
sora,motivational,romantic_interest,"Sora, you inspire me to live louder.",Good—yell until the sea hears you.,1
aya,warm,romantic_interest,"Aya, thank you for believing in me.",I always did.,1
mika,romantic,romantic_interest,My story was always about you.,Then let me finish it with you.,1
sora,motivational,romantic_interest,"Sora, your boldness shakes me.",That’s how you wake up.,1
aya,playful,romantic_interest,"Aya, your laughter is my favorite sound.",Then I’ll never stop laughing.,1
mika,romantic,romantic_interest,My notebook feels endless now.,Because we’re still writing it together.,1
sora,reflective,romantic_interest,"Sora, I want to draw with you forever.",Then let’s run out of pages together.,1
aya,motivational,close_friend,"Aya, why do you never give up?",Because someone has to keep hope alive.,1
mika,reflective,close_friend,My notebook is a mess.,Messy is proof of trying.,1
sora,reflective,close_friend,"Sora, your lines cut deep.",That’s because they come from scars.,1
aya,playful,close_friend,"Aya, you always see the bright side.",Because the dark side has enough fans already!,1
mika,reflective,close_friend,My story feels uncertain.,Uncertainty is the seed of wonder.,1
sora,reflective,close_friend,"Sora, why paint with such force?",Because feelings demand to be seen.,1
aya,warm,close_friend,"Aya, you’re glowing tonight.",That’s just lantern light… or maybe you.,1
mika,gentle,close_friend,My silence feels less heavy.,Because you’re not carrying it alone anymore.,1
sora,reflective,close_friend,"Sora, your sketches feel alive.",Alive because you’re watching.,1
aya,cheerful,close_friend,"Aya, do you ever stop smiling?",Only when I’m asleep.,1
mika,reflective,close_friend,My pen feels too light.,Light pens still write truths.,1
sora,romantic,close_friend,"Sora, your horizon is endless.",So is the one between us.,1
aya,motivational,close_friend,"Aya, thanks for pulling me into this.",I’ll keep pulling until you shine.,1
mika,gentle,close_friend,My words won’t come out.,Then let me wait with you.,1
sora,reflective,close_friend,"Sora, your canvas looks heavy.",It’s carrying the weight I won’t keep inside.,1
aya,cheerful,close_friend,"Aya, you make the dull fun.",Because fun should be everywhere.,1
mika,gentle,close_friend,My writing is messy today.,Messy words still speak clearly to me.,1
sora,playful,close_friend,"Sora, you’re reckless with color.",Colors want freedom too.,1
aya,warm,close_friend,"Aya, you brighten this town.",Because you walked into it.,1
mika,gentle,close_friend,My notebook feels safe now.,That’s because I’m guarding it too.,1
sora,reflective,close_friend,"Sora, why always the sea?",Because it never lies.,1
aya,motivational,close_friend,"Aya, you make me braver.",Then I’ll keep pushing you forward.,1
mika,reflective,close_friend,My story finally flows.,Then let it flood me too.,1
sora,motivational,close_friend,"Sora, your spark frightens me.",Then let it guide you.,1
aya,playful,close_friend,"Aya, you’re louder than the fireworks.",Good—then you can’t ignore me!,1
mika,reflective,close_friend,My silence feels peaceful now.,Peace is its own language.,1
sora,reflective,close_friend,"Sora, your paint stains never wash off.",Because some things aren’t meant to.,1
aya,warm,close_friend,"Aya, I don’t want this to be temporary.",Then let’s make it permanent.,1
mika,reflective,close_friend,My notebook whispers your name.,Then it’s honest.,1
sora,romantic,close_friend,"Sora, you keep sketching me.",You’re worth every line.,1
aya,cheerful,romantic_interest,"Aya, why cheer me so much?",Because you shine brighter when you’re happy.,1
mika,gentle,romantic_interest,My words circle back to you.,Then let them stay here.,1
sora,reflective,romantic_interest,"Sora, your colors mirror me.",Because you taught me new shades.,1
aya,playful,romantic_interest,"Aya, you make me laugh every day.",Then I’ll never stop trying.,1
mika,romantic,romantic_interest,My silence feels like love.,Then let me listen forever.,1
sora,reflective,romantic_interest,"Sora, you set my sketches on fire.",Because your spark lit mine first.,1
aya,warm,romantic_interest,"Aya, stay with me.",Always.,1
mika,gentle,romantic_interest,My notebook belongs to us.,Then I’ll keep it close to my heart.,1
sora,romantic,romantic_interest,"Sora, your art feels like us.",Because it is us.,1
aya,romantic,romantic_interest,"Aya, the festival’s ending…",But our story’s just starting.,1
mika,reflective,romantic_interest,My story has found its ending.,Then let me write the epilogue with you.,1
sora,reflective,romantic_interest,"Sora, your tide carries me.",Because you finally let it.,1
aya,warm,romantic_interest,"Aya, thank you for this town.",You made it brighter than ever.,1
mika,gentle,romantic_interest,My words were always for you.,Then keep writing—I’ll read them all.,1
sora,reflective,romantic_interest,"Sora, I don’t feel grey anymore.",Because you’re glowing.,1
aya,romantic,romantic_interest,"Aya, your laugh feels like home.",Then let me be your home.,1
mika,reflective,romantic_interest,My silence sings tonight.,Because you gave it a voice.,1
sora,romantic,romantic_interest,"Sora, why sketch me again?",Because I can’t stop.,1
aya,playful,romantic_interest,"Aya, you’re my favorite sound.",Then I’ll keep talking just for you.,1
mika,gentle,romantic_interest,My notebook ends here.,Then let’s start another together.,1
sora,reflective,romantic_interest,"Sora, your colors complete me.",Then stay bright with me.,1
aya,motivational,romantic_interest,"Aya, you made me fearless tonight.",You were fearless all along.,1
mika,gentle,romantic_interest,My words tremble around you.,Then let them tremble—I’ll treasure them anyway.,1
sora,reflective,romantic_interest,"Sora, your art is my mirror.",And your soul is mine.,1
aya,warm,romantic_interest,"Aya, thank you for never leaving.",I’d never forgive myself if I did.,1
mika,gentle,romantic_interest,My silence feels eternal now.,Then I’ll hold it for eternity.,1
sora,motivational,romantic_interest,"Sora, your storms don’t scare me.",Then face them with me.,1
aya,playful,romantic_interest,"Aya, you shine brighter than lanterns.",That’s because you’re looking at me.,1
mika,reflective,romantic_interest,My story doesn’t end.,Then let me keep reading forever.,1
sora,motivational,romantic_interest,"Sora, your fire lights my path.",Then never walk away from it.,1
aya,warm,romantic_interest,"Aya, you’re the reason I laugh.",Then let me always be.,1
mika,romantic,romantic_interest,My notebook holds our love.,Then it’s the most precious thing I’ve ever read.,1
sora,reflective,romantic_interest,"Sora, the sea feels like us.",Because it’s restless and endless too.,1
aya,romantic,romantic_interest,"Aya, I can’t imagine this place without you.",Then don’t.,1
mika,gentle,romantic_interest,My silence belongs to you.,And I’ll never let it go.,1
sora,reflective,romantic_interest,"Sora, your colors finally reached me.",Because you were ready to see them.,1
aya,warm,romantic_interest,"Aya, thank you for everything.",No—thank you for finding me.,1
mika,reflective,romantic_interest,My story is full of you now.,Then let’s live it instead of just writing it.,1
sora,reflective,romantic_interest,"Sora, the horizon isn’t lonely anymore.",Because you’re standing on it with me.,1
aya,warm,romantic_interest,"Aya, this town feels alive because of you.","And because of you, it feels like home.",1
mika,gentle,romantic_interest,My words breathe easier with you.,Then let them breathe forever.,1
sora,romantic,romantic_interest,"Sora, you finally finished a painting.",Because it was you.,1
aya,romantic,romantic_interest,"Aya, you’re my beginning and my end.",Then I’ll never let go.,1
mika,romantic,romantic_interest,My silence loves you.,And I love it back.,1
sora,reflective,romantic_interest,"Sora, the sea reflects us tonight.",Because we finally dove in.,1
aya,cheerful,stranger,"Aya, why are you running?",Because life’s more fun in motion!,1
aya,playful,stranger,This hallway feels endless.,Then let’s turn it into an adventure.,1
mika,reflective,stranger,"Mika, do you like poetry?",Only the kind that whispers softly.,1
mika,gentle,stranger,That book looks heavy.,Stories are heavy when they matter.,1
sora,teasing,stranger,"Sora, is that charcoal on your hands?","Better than blood, right?",1
sora,reflective,stranger,The sea looks restless today.,It’s just reflecting us.,1
aya,cheerful,acquaintance,"Aya, can you help me carry this?",Of course! Two’s better than one.,1
mika,gentle,acquaintance,My notebook keeps tearing.,Then let’s tape it with care.,1
sora,reflective,acquaintance,"Sora, why paint driftwood?",Because it floats even when broken.,1
aya,playful,acquaintance,"Aya, you’re always talking to someone.","And now, to you.",1
mika,reflective,acquaintance,"Mika, the library’s quiet today.",That’s why it’s beautiful.,1
sora,reflective,acquaintance,"Sora, what’s with all the red paint?",It screams louder than words.,1
aya,warm,acquaintance,"Aya, why do you volunteer so much?",Because I like seeing people smile.,1
mika,reflective,acquaintance,My story feels thin.,Thin threads can still weave strong tapestries.,1
sora,reflective,acquaintance,"Sora, your sketches are overlapping.",That’s because life doesn’t wait.,1
aya,playful,acquaintance,"Aya, you act like everyone’s friend.",Maybe I’m practicing for you.,1
mika,reflective,acquaintance,"Mika, what’s your favorite time of day?",Dusk—it’s quiet and forgiving.,1
sora,reflective,acquaintance,"Sora, do you ever paint in silence?",Silence lets colors scream.,1
aya,cheerful,acquaintance,"Aya, do you like festivals?",They’re noisy… but fun with company.,1
mika,gentle,acquaintance,My pen keeps slipping.,Then let me steady your hand.,1
sora,reflective,acquaintance,"Sora, why always sit by the sea?",Because it listens back.,1
aya,playful,friend,"Aya, why drag me into group work?",Because hiding’s too boring.,1
mika,gentle,friend,My silence feels noticed.,Noticed and safe.,1
sora,reflective,friend,"Sora, your brush strokes look harsh.",Harsh makes honesty real.,1
aya,cheerful,friend,"Aya, you never stop laughing.",Because you never stop making me laugh!,1
mika,reflective,friend,My notebook feels too small.,That means your thoughts are growing.,1
sora,playful,friend,"Sora, your paint smells strong.",That’s the scent of freedom.,1
aya,cheerful,friend,"Aya, are you ever serious?",Only when it counts.,1
mika,reflective,friend,My story won’t end.,Then maybe it isn’t supposed to.,1
sora,reflective,friend,"Sora, your art feels heavy.",Because I put my weight in it.,1
aya,playful,friend,"Aya, you cheer even strangers.",Because someone has to break the silence.,1
mika,gentle,friend,My words feel weak.,Weak words still carry meaning.,1
sora,reflective,friend,"Sora, you drew the same wave again.",Because it keeps changing.,1
aya,playful,friend,"Aya, you always share snacks.",Only if you share your smile.,1
mika,reflective,friend,My sentences wander.,Wandering is still moving.,1
sora,angry,friend,"Sora, that painting feels angry.",Because I was.,1
aya,motivational,friend,"Aya, how do you make friends so easily?",By not letting fear speak louder than me.,1
mika,gentle,friend,My notebook feels pointless.,Then let me remind you it’s not.,1
sora,reflective,friend,"Sora, your hands are covered in paint.",It means I’m alive.,1
aya,cheerful,friend,"Aya, you pulled me on stage again.",And you were amazing again!,1
mika,gentle,friend,My silence feels awkward.,Not to me.,1
sora,reflective,friend,"Sora, why paint storms?",Because storms tell truths.,1
aya,playful,close_friend,"Aya, you’re fearless.",Nope—just louder than my fear.,1
mika,gentle,close_friend,My words stumble but you wait.,Always.,1
sora,reflective,close_friend,"Sora, your art feels unfinished.",So am I.,1
aya,warm,close_friend,"Aya, I can’t keep up with you.",Then I’ll slow down for you.,1
mika,gentle,close_friend,My notebook feels fragile.,Fragile things need gentle hands.,1
sora,reflective,close_friend,"Sora, why so much blue again?",Because it’s the only color that listens.,1
aya,warm,close_friend,"Aya, you make everything exciting.",Because you’re here.,1
sora,reflective,close_friend,"Sora, your fire is intense.",It’s better than being numb.,1
aya,motivational,close_friend,"Aya, you make me braver.",Because you are brave.,1
mika,reflective,close_friend,My notebook is full of mistakes.,But mistakes are part of the story.,1
sora,motivational,close_friend,"Sora, you never look back.",Because forward has more colors.,1
aya,warm,close_friend,"Aya, why keep cheering me on?",Because you deserve it.,1
mika,gentle,close_friend,My story feels lonely.,Not with me here.,1
sora,reflective,close_friend,"Sora, why draw cliffs so often?",Because they remind me of standing tall.,1
aya,playful,close_friend,"Aya, you’re always loud.",Better loud than silent suffering.,1
mika,gentle,close_friend,My writing feels small.,Small can still shine.,1
sora,reflective,close_friend,"Sora, your sketchbook is worn.",That’s proof of living.,1
aya,motivational,close_friend,"Aya, you lift me up every time.",Because you deserve to stand tall.,1
mika,gentle,close_friend,My silence feels safe.,Because I’m keeping it safe.,1
sora,reflective,close_friend,"Sora, your palette feels endless.",Because feelings don’t run out.,1
aya,motivational,close_friend,"Aya, why push me forward?",Because you belong up front.,1
mika,reflective,close_friend,My notebook feels alive.,Because you breathe into it.,1
sora,playful,close_friend,"Sora, your colors are clashing.",Clashing makes sparks.,1
aya,warm,close_friend,"Aya, will you always stay?",Until you tell me not to.,1
mika,gentle,close_friend,My words don’t flow.,Then let me wait until they do.,1
sora,reflective,close_friend,"Sora, you paint too fast.",Fast means honest for me.,1
aya,playful,close_friend,"Aya, you made me laugh today.",Then I’ll do it again tomorrow.,1
mika,reflective,close_friend,My story is tangled.,Tangled stories are beautiful too.,1
sora,reflective,close_friend,"Sora, your canvas feels stormy.",Because I’m stormy.,1
aya,warm,close_friend,"Aya, you never give up on me.",Never will.,1
mika,gentle,close_friend,My silence is easier with you.,Then keep it.,1
sora,reflective,close_friend,"Sora, why paint in the rain?",Because water wants to join.,1
aya,warm,romantic_interest,"Aya, walk with me?",Always.,1
mika,gentle,romantic_interest,My notebook is yours now.,Then I’ll treasure it.,1
sora,reflective,romantic_interest,"Sora, do you still see sparks in me?",Now I see fire.,1
aya,romantic,romantic_interest,"Aya, you’re the best part of this town.",And you’re the best part of me.,1
mika,gentle,romantic_interest,My silence feels beautiful.,That’s because you let it be.,1
aya,warm,romantic_interest,"Aya, stay close tonight.",Closer than close.,1
sora,reflective,romantic_interest,"Sora, the sea reflects us.",Because we dove in together.,1
aya,playful,romantic_interest,"Aya, will you dance again with me?","Always, even if I trip.",1
mika,gentle,romantic_interest,My notebook has your name.,Then write it everywhere.,1
sora,reflective,romantic_interest,"Sora, you gave me color.",You showed me mine first.,1
aya,motivational,romantic_interest,"Aya, you make me fearless.",Because I believe in you.,1
mika,gentle,romantic_interest,My silence belongs to you.,And I’ll guard it.,1
sora,reflective,romantic_interest,"Sora, your art glows tonight.",Because you’re seeing it.,1
aya,warm,friend,"Aya, you’re always the first to wave.",Because I never want you to feel alone.,1
mika,reflective,friend,My story keeps repeating itself.,Repeats mean you care enough to return.,1
sora,reflective,friend,"Sora, your canvas is full of scratches.",They’re battles I didn’t hide.,1
aya,playful,friend,"Aya, do you ever run out of energy?",Only if you stop cheering me on.,1
mika,gentle,friend,My notebook pages curl at the edges.,That’s how you know they’re loved.,1
sora,reflective,friend,"Sora, why keep painting waves?",Because they’re never the same twice.,1
aya,cheerful,friend,"Aya, you make chores fun somehow.",Because boring things deserve laughter too.,1
mika,gentle,friend,My silence is easier with books.,Books don’t demand noise.,1
sora,reflective,friend,"Sora, that sketch feels rushed.",Because feelings don’t wait.,1
aya,warm,friend,"Aya, you bring people together.",And you’re the reason I want to.,1
mika,reflective,friend,My story feels too short.,Short doesn’t mean incomplete.,1
sora,reflective,friend,"Sora, why always black ink?",Because shadows deserve a place too.,1
aya,motivational,friend,"Aya, you always nudge me forward.",Because you’re worth seeing.,1
mika,gentle,friend,My words feel broken.,Broken words still make sense to me.,1
sora,reflective,friend,"Sora, do you ever stop sketching?",When the tide rests.,1
aya,cheerful,friend,"Aya, you brighten cloudy days.",That’s my specialty.,1
mika,gentle,friend,My notebook feels like a cage.,Then let’s open it together.,1
sora,reflective,friend,"Sora, your strokes look sharp.",Sharp is better than dull.,1
aya,motivational,friend,"Aya, you never let me quit.",Because you’re stronger than you think.,1
mika,gentle,friend,My sentences are messy today.,Messy still means real.,1
sora,reflective,friend,"Sora, why paint cliffs?",Because falling teaches flight.,1
aya,cheerful,friend,"Aya, you’re the loudest cheer in the crowd.",Because I want you to hear me.,1
mika,reflective,friend,My words hide behind pauses.,Pauses can be powerful too.,1
sora,angry,friend,"Sora, your colors seem angry.",Because anger’s honest.,1
aya,playful,friend,"Aya, you make new friends in minutes.",But keeping you is my favorite win.,1
mika,reflective,friend,My story has too many endings.,Then it’s rich with possibilities.,1
sora,reflective,friend,"Sora, why tear your sketches?",Because not everything deserves saving.,1
aya,warm,close_friend,"Aya, you never stop smiling at me.",Because you deserve it most.,1
mika,gentle,close_friend,My silence feels like trust now.,That’s because it is.,1
sora,reflective,close_friend,"Sora, your hands shake tonight.",Because holding feelings isn’t easy.,1
aya,playful,close_friend,"Aya, you push me to try new things.",Because you’ll thank me later.,1
mika,reflective,close_friend,My notebook is filling fast.,That means your heart is louder now.,1
sora,reflective,close_friend,"Sora, why always sit near storms?",Because I need their chaos.,1
aya,cheerful,close_friend,"Aya, you make every place feel lively.",Because I hate silence alone.,1
mika,warm,close_friend,My words came out strong.,That’s the real you showing.,1
sora,reflective,close_friend,"Sora, your canvas feels wild.",Because I stopped controlling it.,1
aya,warm,close_friend,"Aya, you caught me when I fell.",Always will.,1
mika,reflective,close_friend,My story is changing shape.,Stories are alive like that.,1
sora,reflective,close_friend,"Sora, why blend so many shades?",Because feelings blur too.,1
aya,motivational,close_friend,"Aya, you gave me courage.",And you gave me reason.,1
mika,gentle,close_friend,My silence feels safe with you.,Then keep it safe here.,1
sora,reflective,close_friend,"Sora, your art scares me sometimes.",Fear just means it’s real.,1
aya,playful,close_friend,"Aya, you always tease me.",Because you’re fun to tease.,1
mika,gentle,close_friend,My words get tangled.,Then I’ll help untangle them.,1
sora,reflective,close_friend,"Sora, why so much gray today?",Because not all days shine.,1
aya,warm,close_friend,"Aya, you pulled me out of hiding.",And I’ll never let you hide again.,1
mika,gentle,close_friend,My notebook feels complete with you near.,Then I’ll stay close.,1
sora,reflective,close_friend,"Sora, why paint lanterns?",Because they fight darkness.,1
aya,playful,close_friend,"Aya, your laughter is medicine.",Then take your dose often!,1
mika,gentle,close_friend,My sentences flow better with you.,Then I’ll be your rhythm.,1
sora,reflective,close_friend,"Sora, your brush drips everywhere.",Because control ruins truth.,1
aya,warm,close_friend,"Aya, you’re the sunshine of this place.",And you’re the calm breeze.,1
mika,reflective,close_friend,My silence sings tonight.,Because you gave it a song.,1
sora,romantic,close_friend,"Sora, you painted me again.",Because you’re unforgettable.,1
aya,warm,romantic_interest,"Aya, walk with me to the festival?",I was waiting for you to ask.,1
mika,gentle,romantic_interest,My notebook belongs to us now.,Then I’ll never let it go.,1
sora,reflective,romantic_interest,"Sora, you still see sparks in me?",Now I see fire.,1
aya,warm,romantic_interest,"Aya, you’re my safe place.",Then I’ll guard you fiercely.,1
mika,romantic,romantic_interest,My silence loves you.,And I love it too.,1
sora,reflective,romantic_interest,"Sora, your storm feels like mine.",Because it is yours too.,1
aya,playful,romantic_interest,"Aya, you make me laugh until I cry.",Then let me dry your tears.,1
mika,romantic,romantic_interest,My story ends with your name.,Then it’s a perfect ending.,1
sora,motivational,romantic_interest,"Sora, the tide pulled me under.",Then let’s swim together.,1
aya,romantic,romantic_interest,"Aya, will you stay after the lanterns fade?",I’ll be here when the sun rises too.,1
mika,reflective,romantic_interest,My notebook is overflowing.,That’s because your heart is too.,1
sora,reflective,romantic_interest,"Sora, you draw me even when I’m gone.",Because you stay in my hands.,1
aya,romantic,romantic_interest,"Aya, you shine brighter than lanterns.",That’s because you’re looking at me.,1
mika,gentle,romantic_interest,My silence feels like forever with you.,Then let’s keep forever close.,1
sora,romantic,romantic_interest,"Sora, your art feels like us now.",Because it is us.,1
aya,warm,romantic_interest,"Aya, thank you for noticing me first.",You were impossible not to notice.,1
mika,reflective,romantic_interest,My story has no ending now.,Because we keep writing it.,1
sora,reflective,romantic_interest,"Sora, the sea looks calm tonight.",It’s calm because you’re here.,1
aya,motivational,close_friend,"Aya, you always pull me into the crowd.",Because you shine brighter there.,1
mika,gentle,close_friend,My notebook trembles in my hands.,That’s because your heart’s speaking louder.,1
sora,reflective,close_friend,"Sora, the sea looks endless tonight.",Because love doesn’t end either.,1
aya,cheerful,close_friend,"Aya, you’re the first to cheer me on.",And the last to stop.,1
mika,gentle,close_friend,My silence feels less heavy.,Because I’m carrying it with you.,1
sora,reflective,close_friend,"Sora, you’ve painted over mistakes again.",Because mistakes become part of the masterpiece.,1
aya,warm,close_friend,"Aya, your smile feels like sunlight.",Then I’ll never stop smiling at you.,1
mika,gentle,close_friend,My sentences finally flow.,Because you believed they could.,1
sora,reflective,close_friend,"Sora, you sketched my shadow.",Because even your shadow matters.,1
aya,playful,close_friend,"Aya, why do you keep dragging me into fun?",Because fun’s better shared.,1
mika,reflective,close_friend,My notebook’s full of your words.,Then it’s already precious.,1
sora,reflective,close_friend,"Sora, the tide looks calm for once.",Because it’s waiting for you.,1
aya,playful,close_friend,"Aya, you turned today into laughter.",That was my plan all along.,1
mika,gentle,close_friend,My silence feels safe when you’re near.,Then I’ll stay near.,1
sora,reflective,close_friend,"Sora, your lines feel alive.",Because you breathed into them.,1
aya,warm,close_friend,"Aya, you cheer me up without trying.",That’s my favorite kind of magic.,1
mika,reflective,close_friend,My story is growing too fast.,That’s what stories do when they’re loved.,1
sora,reflective,close_friend,"Sora, why paint so many horizons?",Because they remind me of choices.,1
aya,motivational,close_friend,"Aya, you gave me courage today.",And I’ll keep giving it tomorrow.,1
mika,reflective,close_friend,My notebook feels sacred now.,Because you poured yourself into it.,1
sora,reflective,close_friend,"Sora, your colors fight each other.",That’s what passion looks like.,1
aya,warm,romantic_interest,"Aya, stay with me a little longer.",I was hoping you’d ask.,1
mika,gentle,romantic_interest,My silence speaks when you’re here.,Then I’ll always listen.,1
sora,reflective,romantic_interest,"Sora, your fire scares me.",Then let it warm you instead.,1
aya,cheerful,romantic_interest,"Aya, you’re the best part of my day.",Then I’ll make every day brighter.,1
mika,romantic,romantic_interest,My story belongs to us.,Then I’ll help write it.,1
sora,jealous,romantic_interest,"Sora, the sea roared louder tonight.",Because it envies us.,1
aya,warm,romantic_interest,"Aya, you always hold my hand in crowds.",Because I never want to lose you.,1
mika,gentle,romantic_interest,My words sound clumsy but true.,Then they’re perfect.,1
sora,romantic,romantic_interest,"Sora, your sketches of me keep growing.",Because I can’t stop seeing you.,1
aya,playful,romantic_interest,"Aya, laugh with me forever.",Forever and louder.,1
mika,gentle,romantic_interest,My silence feels like love now.,Then let me love it too.,1
sora,reflective,romantic_interest,"Sora, you paint storms for me.",Because you’re my calm in them.,1
aya,warm,romantic_interest,"Aya, you changed my world.",And you changed mine first.,1
mika,reflective,romantic_interest,My notebook is overflowing with feelings.,That means it’s alive.,1
sora,reflective,romantic_interest,"Sora, your horizon feels endless.",Because you’re walking beside me.,1
aya,romantic,romantic_interest,"Aya, you make every place home.",Because home is where you are.,1
mika,reflective,romantic_interest,My silence feels beautiful with you.,Because you made it that way.,1
sora,romantic,romantic_interest,"Sora, your canvas glows tonight.",Because your eyes lit it up.,1
aya,romantic,romantic_interest,"Aya, I don’t want this night to end.",Then let’s make tomorrow ours too.,1
mika,romantic,romantic_interest,My story ends with your smile.,Then it never really ends.,1
sora,reflective,romantic_interest,"Sora, you’ve given me new colors.",Because you gave me life to use them.,1
aya,motivational,romantic_interest,"Aya, you’ll never let me hide again, will you?","Never, not when you deserve to be seen.",1
mika,gentle,romantic_interest,My silence rests easy with you.,Then let me guard it forever.,1
sora,motivational,romantic_interest,"Sora, your storms don’t scare me anymore.",Then dive in deeper with me.,1
aya,warm,romantic_interest,"Aya, thank you for always noticing me.",It’s my favorite thing to do.,1
mika,gentle,romantic_interest,My notebook belongs to both of us now.,Then I’ll protect it like I protect you.,1
sora,reflective,romantic_interest,"Sora, the tide feels like us.",Because we keep rising and falling together.,1
aya,playful,romantic_interest,"Aya, I can’t stop smiling when you’re near.","Good, because I can’t either.",1
mika,romantic,romantic_interest,My words glow brighter with you.,Then let them shine forever.,1
sora,romantic,romantic_interest,"Sora, you finally finished that painting.",Because it was you all along.,1
aya,motivational,romantic_interest,"Aya, you make me fearless.",Because you’ve always been brave.,1
mika,gentle,romantic_interest,My silence feels eternal.,Then let it last with me.,1
sora,reflective,romantic_interest,"Sora, your fire lights my path.",Then never let it burn out.,1
aya,romantic,romantic_interest,"Aya, stay by my side forever.","Gladly, with laughter included.",1
mika,romantic,romantic_interest,My story is full of your name.,Then it’s the best book I’ll ever read.,1
aya,warm,romantic_interest,"Aya, you’re the light of this town.",Because you’re the heart of it.,1
mika,reflective,romantic_interest,My silence finally feels right.,Because you taught it to be.,1
sora,warm,romantic_interest,"Sora, your waves carried me home.",Because I wanted you safe.,1
aya,playful,romantic_interest,"Aya, every laugh of yours is my favorite.",Then I’ll laugh forever just for you.,1
mika,romantic,romantic_interest,My notebook holds our love now.,Then it’s priceless.,1
sora,romantic,romantic_interest,"Sora, your art feels complete with me.",Because it is complete with you.,1
aya,romantic,romantic_interest,"Aya, you’re the best part of this story.",Then let’s keep writing it.,1
mika,gentle,romantic_interest,My silence is safe in your hands.,Then I’ll never let it go.,1
sora,reflective,romantic_interest,"Sora, you see me clearly now.",Because you finally let me.,1
aya,playful,stranger,"Aya, are you always this loud in the mornings?",Only when I’m trying to wake you up.,1
aya,cheerful,stranger,This school feels huge.,Then we’ll shrink it together.,1
mika,gentle,stranger,"Mika, is that your handwriting?",Yes… I like when words look soft.,1
mika,cautious,stranger,That corner looks peaceful.,It’s mine… but I can share it.,1
sora,teasing,stranger,"Sora, why do you sit on the railing?",Because balance makes life exciting.,1
sora,reflective,stranger,The sea breeze is cold.,Good—keeps you awake.,1
aya,warm,acquaintance,"Aya, why wave at everyone?",Because someone has to start the smiles.,1
mika,reflective,acquaintance,My notebook smudged.,Smudges mean it’s alive.,1
sora,playful,acquaintance,"Sora, you drew me without asking.",Because you were already in my lines.,1
aya,cheerful,acquaintance,"Aya, you never stop moving.",Standing still is boring!,1
mika,gentle,acquaintance,My silence made things awkward.,It wasn’t awkward for me.,1
sora,reflective,acquaintance,"Sora, your paints look messy.",That’s what honesty looks like.,1
aya,playful,acquaintance,"Aya, you laughed before I finished talking.",Sorry! But your face was priceless.,1
mika,reflective,acquaintance,My pen ran out of ink.,That means the story’s growing.,1
sora,reflective,acquaintance,"Sora, your sketch tore in half.",Better—it means it struggled.,1
aya,cheerful,friend,"Aya, do you like festivals this much?",Only when I can drag you along.,1
mika,gentle,friend,My words keep repeating.,Repeats are fine if they’re honest.,1
sora,reflective,friend,"Sora, why paint storms again?",Because storms don’t lie.,1
aya,playful,friend,"Aya, you teased me in front of everyone.",That’s how I show affection.,1
mika,gentle,friend,My notebook feels fragile.,Then I’ll hold it carefully.,1
sora,reflective,friend,"Sora, your canvas looks dangerous.",That’s because danger is beautiful.,1
aya,motivational,friend,"Aya, you never stop encouraging me.",Because you deserve every push.,1
mika,reflective,friend,My story is messy tonight.,Messy means it’s alive.,1
sora,reflective,friend,"Sora, why black ink again?",Because shadows need a voice too.,1
aya,playful,friend,"Aya, you always cheer loudest.",Because you’re my favorite player.,1
mika,gentle,friend,My words sound hollow.,Then I’ll fill them with meaning.,1
sora,reflective,friend,"Sora, your sketchbook is full.",That means it’s working.,1
aya,playful,close_friend,"Aya, you pulled me into dancing.",And you didn’t trip too badly!,1
mika,reflective,close_friend,My notebook feels like a cage.,Then let’s open its door together.,1
sora,angry,close_friend,"Sora, your strokes look violent.",Because I felt violent.,1
aya,motivational,close_friend,"Aya, you make me fearless.",Because you’ve always been brave.,1
mika,reflective,close_friend,My story refuses to end.,Some endings don’t want to exist yet.,1
sora,reflective,close_friend,"Sora, why sketch cliffs again?",Because they make me feel tall.,1
aya,cheerful,close_friend,"Aya, you never let me quit.",Because you’re too good to stop.,1
mika,gentle,close_friend,My silence feels less scary.,That’s because it’s ours now.,1
sora,reflective,close_friend,"Sora, you painted me angry.",Because I saw it hiding.,1
aya,playful,close_friend,"Aya, you always share your snacks.",Because food tastes better together.,1
mika,gentle,close_friend,My words trip but you wait.,I’ll always wait.,1
sora,reflective,close_friend,"Sora, your colors scream.",Because feelings screamed first.,1
aya,playful,close_friend,"Aya, you made today exciting.",Because boring days are banned.,1
mika,reflective,close_friend,My story feels incomplete.,Incomplete stories still matter.,1
sora,reflective,close_friend,"Sora, you tore another page.",Because not everything deserves to last.,1
aya,warm,close_friend,"Aya, will you always pull me forward?",Until you ask me to stop.,1
mika,gentle,close_friend,My silence belongs to you now.,Then I’ll keep it safe.,1
sora,reflective,close_friend,"Sora, why paint with fire colors?",Because they burn like truth.,1
aya,cheerful,romantic_interest,"Aya, I can’t stop smiling with you.",Then my job’s complete.,1
mika,romantic,romantic_interest,My story ends with your name.,Then let’s never stop writing.,1
sora,reflective,romantic_interest,"Sora, your waves feel like us.",Because we’re always moving.,1
aya,warm,romantic_interest,"Aya, you held my hand again.",Because I don’t want to let go.,1
mika,gentle,romantic_interest,My notebook feels alive with you.,That’s because you breathed into it.,1
sora,romantic,romantic_interest,"Sora, you sketch me endlessly.",Because you’re endless to me.,1
aya,playful,romantic_interest,"Aya, will you laugh with me forever?",As long as you promise to join in.,1
mika,romantic,romantic_interest,My silence feels like love.,Then I’ll love it too.,1
sora,jealous,romantic_interest,"Sora, you’re jealous of the sea, aren’t you?",Because it gets to hold you more than I do.,1
aya,romantic,romantic_interest,"Aya, you’re brighter than lanterns tonight.",Because you’re looking at me.,1
mika,romantic,romantic_interest,My story is complete now.,Then let’s start a new one together.,1
sora,reflective,romantic_interest,"Sora, why paint horizons again?",Because they remind me of us walking on.,1
aya,warm,stranger,"Aya, you’re always first to greet me.",Because I never want you to feel invisible.,1
mika,reflective,stranger,My pen scratches too loudly.,It’s music if you listen right.,1
sora,playful,stranger,"Sora, do you really nap outside?",Because dreams taste better in salt air.,1
aya,cheerful,stranger,"Aya, you shout across the hall.",So you’ll know I see you!,1
mika,gentle,stranger,My silence made her frown.,It didn’t make me frown.,1
sora,reflective,stranger,"Sora, your hands are stained blue.",Good. Means I’m alive.,1
aya,playful,acquaintance,"Aya, you trip a lot but always laugh.",Falling’s only scary if you don’t laugh!,1
mika,reflective,acquaintance,My story starts sad.,That means it will end brighter.,1
sora,reflective,acquaintance,"Sora, you’re sketching shadows.",Because light isn’t the only truth.,1
aya,playful,acquaintance,"Aya, you hum off-key.",It’s called personality!,1
mika,gentle,acquaintance,My notebook ripped.,Then it means it’s been used with love.,1
sora,reflective,acquaintance,"Sora, your sketches look rushed.",Because feelings don’t wait politely.,1
aya,warm,acquaintance,"Aya, you wave even when I ignore.",Because maybe one day you’ll wave back.,1
mika,gentle,acquaintance,My silence feels heavy.,Then let me carry it with you.,1
sora,reflective,acquaintance,"Sora, why use charcoal today?","Because it’s raw and stubborn, like me.",1
aya,cheerful,friend,"Aya, you never stop inviting me.",Because you haven’t said yes enough!,1
mika,gentle,friend,My words fade halfway.,I still hear them.,1
sora,angry,friend,"Sora, your brush strokes look violent.",Because passion hit hard.,1
aya,playful,friend,"Aya, you danced in the rain.",Because umbrellas are boring!,1
mika,reflective,friend,My notebook is too quiet.,Quiet can mean peace.,1
sora,reflective,friend,"Sora, you threw away a sketch.",Because not everything deserves light.,1
aya,motivational,friend,"Aya, you won’t let me hide in the back.",Because you belong in front.,1
mika,reflective,friend,My story aches.,That means it matters.,1
sora,reflective,friend,"Sora, why all dark tones?",Because shadows deserve their moment.,1
aya,playful,friend,"Aya, your energy’s contagious.","Good, I wanted to infect you!",1
mika,gentle,friend,My silence feels softer.,Because you’re not alone in it.,1
sora,playful,friend,"Sora, you draw cliffs constantly.",Because edges excite me.,1
aya,playful,friend,"Aya, you pulled me on stage!",Because hiding is boring.,1
mika,reflective,friend,My notebook feels sacred tonight.,That’s because your heart wrote it.,1
sora,reflective,friend,"Sora, why splash paint?",Because chaos is beautiful.,1
aya,warm,friend,"Aya, you cheer like I’m your champion.",Because you are.,1
mika,gentle,friend,My words won’t fit.,Then I’ll help resize them.,1
sora,reflective,friend,"Sora, your sketch feels alive.",Because you’re in it.,1
aya,warm,close_friend,"Aya, you always protect me.",Because you matter too much not to.,1
mika,gentle,close_friend,My silence grew loud.,That means you’re ready to speak.,1
sora,reflective,close_friend,"Sora, why paint broken glass?",Because broken still shines.,1
aya,cheerful,close_friend,"Aya, you never let me walk alone.",Because the road’s safer with two.,1
mika,gentle,close_friend,My words tangle but you wait.,I’ll always wait for you.,1
sora,cautious,close_friend,"Sora, your brush snapped.",Good—it needed replacing.,1
aya,playful,close_friend,"Aya, you dragged me into decorating.","And you had fun, admit it!",1
mika,reflective,close_friend,My notebook feels endless.,Because you keep filling it with heart.,1
sora,reflective,close_friend,"Sora, your canvas burned at the edges.",Because fire demanded space.,1
aya,warm,close_friend,"Aya, you’re always saving me a seat.",Because it’s your seat.,1
mika,gentle,close_friend,My silence feels like comfort now.,That’s because it belongs with me.,1
sora,reflective,close_friend,"Sora, you sketch storms over and over.",Because I keep living through them.,1
aya,playful,close_friend,"Aya, you made me smile till it hurt.","Perfect, now you match me.",1
mika,gentle,close_friend,My story stumbles.,Then I’ll steady it.,1
sora,reflective,close_friend,"Sora, your eyes look tired.",Because I painted through the night.,1
aya,motivational,close_friend,"Aya, you never stop cheering.",Because you never stop deserving it.,1
sora,reflective,close_friend,"Sora, your sketch made me cry.",Then it worked.,1
aya,warm,close_friend,"Aya, I trust you with my secrets.",Then I’ll guard them louder than the crowd.,1
mika,gentle,close_friend,My silence trusts you.,That means everything to me.,1
sora,reflective,close_friend,"Sora, you painted me stronger than I am.",Because that’s how I see you.,1
aya,warm,close_friend,"Aya, you held me when I fell.",Always will.,1
mika,reflective,close_friend,My story keeps changing endings.,That’s how it stays alive.,1
sora,reflective,close_friend,"Sora, you covered mistakes in gold.",Because they’re worth more now.,1
aya,playful,close_friend,"Aya, you make even chores fun.",Because chores need cheering too!,1
mika,romantic,romantic_interest,My notebook whispers your name.,Then it’s already mine too.,1
sora,jealous,romantic_interest,"Sora, the sea reflected us tonight.",Because it wanted to be jealous.,1
aya,warm,romantic_interest,"Aya, you walked me home again.",Because I wanted more time with you.,1
mika,romantic,romantic_interest,My silence confessed first.,Then I’ll confess louder.,1
sora,reflective,romantic_interest,"Sora, your fire colors scare me.",Good. Fear means it matters.,1
aya,romantic,romantic_interest,"Aya, you outshone the lanterns.",Because you’re my audience of one.,1
mika,romantic,romantic_interest,My story feels finished.,Then let’s write the sequel together.,1
sora,romantic,romantic_interest,"Sora, you drew me laughing.",Because I wanted to keep it forever.,1
aya,warm,romantic_interest,"Aya, stay after everyone leaves?",If you’ll stay too.,1
mika,romantic,romantic_interest,My silence turned into warmth.,Then let it burn brighter.,1
sora,reflective,romantic_interest,"Sora, your storms don’t scare me anymore.",Because you found calm in them.,1
aya,romantic,romantic_interest,"Aya, you make my world brighter.",And you light mine completely.,1
mika,romantic,romantic_interest,My notebook belongs to us now.,Then I’ll hold it close forever.,1
sora,romantic,romantic_interest,"Sora, your art glows tonight.",Because you’re watching it.,1
aya,playful,stranger,"Aya, why do you always bring extra tape?",Because someone forgets it every time.,1
mika,gentle,stranger,My pencil broke.,That just means it’s been useful.,1
sora,reflective,stranger,"Sora, you sit on rooftops too much.",Because the view tells better stories.,1
aya,cheerful,stranger,"Aya, you already know my name?",Of course—I make it my job to know.,1
mika,gentle,stranger,My words froze.,They’ll thaw when you’re ready.,1
sora,reflective,stranger,"Sora, you smudged your sketch.","It makes it real, not ruined.",1
aya,warm,acquaintance,"Aya, you clap the loudest in class.",That way no one feels ignored.,1
mika,reflective,acquaintance,My notebook feels too blank.,Then fill it slowly with truth.,1
sora,reflective,acquaintance,"Sora, why sketch waves endlessly?",Because they refuse to stay still.,1
aya,playful,acquaintance,"Aya, you keep stealing chalk.",Borrowing! To brighten the board.,1
mika,gentle,acquaintance,My silence made things easier.,Sometimes silence is a gift.,1
sora,reflective,acquaintance,"Sora, why all these jagged lines?",Because smooth ones felt dishonest.,1
aya,cheerful,acquaintance,"Aya, you always organize the group.",Because chaos makes people sad.,1
mika,gentle,acquaintance,My notebook feels fragile today.,Then I’ll help protect it.,1
sora,reflective,acquaintance,"Sora, why so much red today?",Because it feels alive.,1
aya,warm,friend,"Aya, you keep me from drifting.",That’s what friends do.,1
mika,reflective,friend,My story keeps starting over.,That means you’re searching for the right voice.,1
sora,angry,friend,"Sora, your sketches scare me sometimes.",Good—they should.,1
aya,playful,friend,"Aya, you dragged me into another committee.",Because you’re too useful to waste.,1
mika,reflective,friend,My notebook makes me nervous.,That means it’s important.,1
sora,reflective,friend,"Sora, you painted lightning.",Because it felt like me today.,1
aya,warm,friend,"Aya, you talk to everyone with ease.",But I talk to you differently.,1
mika,gentle,friend,My words always trail off.,I hear the rest anyway.,1
sora,reflective,friend,"Sora, why so many torn pages?",Because endings are heavy.,1
aya,playful,friend,"Aya, you cheered until your voice cracked.",Worth it—you smiled!,1
mika,gentle,friend,My notebook feels safe now.,That’s because it trusts you.,1
sora,reflective,friend,"Sora, your art feels endless.",Because it doesn’t want to stop.,1
aya,playful,close_friend,"Aya, you danced with me clumsily.",And you still smiled—perfect!,1
mika,gentle,close_friend,My silence finally feels light.,That’s because it’s shared now.,1
sora,reflective,close_friend,"Sora, why sketch broken bridges?",Because they’re honest.,1
aya,warm,close_friend,"Aya, you gave me your umbrella.",Because I wanted you dry.,1
mika,reflective,close_friend,My notebook fills with hope.,Because you fed it with yours.,1
sora,reflective,close_friend,"Sora, your canvas is louder than words.",Good—then it’s working.,1
aya,playful,close_friend,"Aya, you keep daring me to sing.",Because I like your voice.,1
mika,gentle,close_friend,My words stumble but reach you.,Always. I catch them all.,1
sora,reflective,close_friend,"Sora, you sketch me braver than I am.",Because that’s how I see you.,1
aya,warm,close_friend,"Aya, you kept a chair open again.",Because it’s yours forever.,1
mika,gentle,close_friend,My silence feels warm.,Because it belongs with me.,1
sora,angry,close_friend,"Sora, why sketch the sea angry?",Because I was too.,1
aya,playful,close_friend,"Aya, you made me laugh till I cried.",Then my mission’s complete.,1
mika,gentle,close_friend,My notebook hides my fear.,I still read it anyway.,1
sora,reflective,close_friend,"Sora, your sketches breathe.",Because you gave them life.,1
aya,warm,close_friend,"Aya, you saved me from embarrassment.",Because I like seeing you smile.,1
mika,gentle,close_friend,My silence felt safe today.,Then I’ll guard it tomorrow too.,1
sora,reflective,close_friend,"Sora, why paint ruins?",Because broken things deserve beauty.,1
aya,warm,close_friend,"Aya, you always bring joy.",Because you deserve it daily.,1
mika,motivational,close_friend,My words finally flowed.,Because you believed in them.,1
sora,reflective,close_friend,"Sora, your sketch showed my sadness.",Because I felt it too.,1
aya,romantic,romantic_interest,"Aya, you’re my favorite sound in a crowd.",And you’re my favorite quiet.,1
mika,romantic,romantic_interest,My silence confesses everything.,And I heard it.,1
sora,jealous,romantic_interest,"Sora, you made the sea jealous again.",Because it can’t keep you.,1
aya,romantic,romantic_interest,"Aya, you light up the night.",Because you stand beside me.,1
mika,romantic,romantic_interest,My notebook is filled with you.,Then it’s my treasure too.,1
sora,reflective,romantic_interest,"Sora, why sketch sunsets for me?",Because they’re fleeting… like moments I want to keep.,1
aya,warm,romantic_interest,"Aya, will you walk with me tomorrow too?",Always.,1
mika,romantic,romantic_interest,My silence feels alive.,That means it’s love.,1
sora,romantic,romantic_interest,"Sora, you’re fire and sea at once.",Because you make me both.,1
aya,romantic,romantic_interest,"Aya, you keep making me smile.",Because I love your smile.,1
mika,romantic,romantic_interest,My story is ours now.,Then let’s write every page together.,1
sora,romantic,romantic_interest,"Sora, your sketches are brighter lately.",Because of you.,1
aya,cheerful,stranger,"Aya, you always start conversations first.",Because I can’t stand quiet hallways.,1
mika,gentle,stranger,My notebook squeaked when I opened it.,That means it’s eager too.,1
sora,reflective,stranger,"Sora, you kick pebbles into the sea.",Because even stones deserve waves.,1
aya,playful,stranger,"Aya, your laugh echoes in classrooms.",That’s how you know I’m around.,1
mika,gentle,stranger,My silence feels heavy here.,Then let it rest a while.,1
sora,reflective,stranger,"Sora, your eyes follow the horizon.",Because it keeps promising me something.,1
aya,playful,acquaintance,"Aya, you remembered my snack preference?",Of course! I’m observant and hungry.,1
mika,gentle,acquaintance,My words barely reach anyone.,They always reach me.,1
sora,reflective,acquaintance,"Sora, your hands smell of paint again.",Because art is stubborn.,1
aya,playful,acquaintance,"Aya, you always clap off-beat.",That’s called creativity!,1
mika,reflective,acquaintance,My notebook pages crinkle in the humidity.,That means they’ve lived here too.,1
sora,reflective,acquaintance,"Sora, why tear sketches so often?",Because not all truths are kind.,1
aya,cheerful,acquaintance,"Aya, you lend pencils like candy.",Better than hoarding them!,1
mika,gentle,acquaintance,My silence drew attention.,Not from me—it drew me closer.,1
sora,reflective,acquaintance,"Sora, you use too much black ink.",Because shadows keep me honest.,1
aya,motivational,friend,"Aya, you dragged me to practice again.",Because you shine there.,1
mika,reflective,friend,My story ends too soon.,Then it’s only a chapter.,1
sora,reflective,friend,"Sora, your canvas screams louder than you.",Because I let it speak for me.,1
aya,warm,friend,"Aya, you always find me in the crowd.",Because you’re easy to spot now.,1
mika,gentle,friend,My words keep circling.,That means they want to be heard.,1
sora,reflective,friend,"Sora, why sketch so roughly?",Because smooth lies don’t fit today.,1
aya,motivational,friend,"Aya, you convinced me to sing on stage.",And you sounded amazing.,1
mika,reflective,friend,My notebook feels vulnerable.,That means it’s honest.,1
sora,angry,friend,"Sora, your colors fight again.",Because feelings fought too.,1
aya,playful,friend,"Aya, you laugh through mistakes.",Because mistakes deserve joy too.,1
mika,gentle,friend,My silence became comfort.,I’ll guard it forever.,1
sora,reflective,friend,"Sora, you sketched me beside cliffs.",Because that’s where you stand tall.,1
aya,warm,close_friend,"Aya, you’re always smiling at me.",Because you’re worth smiling at.,1
mika,gentle,close_friend,My words tangled but you untied them.,That’s what friends are for.,1
sora,reflective,close_friend,"Sora, your storms made me shiver.",Because they were mine first.,1
aya,cheerful,close_friend,"Aya, you pulled me into your team again.",Because you belong there.,1
sora,playful,close_friend,"Sora, you spilled paint everywhere.",Chaos needed space.,1
aya,warm,close_friend,"Aya, you never let me walk home alone.",Because it’s safer with me.,1
mika,gentle,close_friend,My silence feels lighter now.,Because it’s not yours alone.,1
sora,romantic,close_friend,"Sora, you painted me with fire.",Because you burn in my eyes.,1
aya,motivational,close_friend,"Aya, you made me brave in front of everyone.",Because you were already brave.,1
mika,romantic,close_friend,My story is stitched with your name.,Then it’s the best one yet.,1
sora,reflective,close_friend,"Sora, you keep chasing sunsets.",Because they run like you.,1
aya,playful,close_friend,"Aya, you teased me into smiling.","And it worked, didn’t it?",1
mika,gentle,close_friend,My words confessed in silence.,I heard them clearly.,1
sora,reflective,close_friend,"Sora, you sketched me smiling.",Because I wanted proof.,1
aya,warm,close_friend,"Aya, you always protect my seat.",Because it’s yours alone.,1
mika,gentle,close_friend,My silence trusted you first.,That means everything to me.,1
sora,reflective,close_friend,"Sora, your storms don’t scare me.",Because you found calm inside them.,1
aya,warm,romantic_interest,"Aya, you bring me joy every time.",And you bring me courage.,1
mika,romantic,romantic_interest,My notebook belongs to us.,Then I’ll never lose it.,1
sora,jealous,romantic_interest,"Sora, your jealousy shows.",Because I hate the thought of losing you.,1
aya,playful,romantic_interest,"Aya, you lit up the whole gym.",Because you clapped too loudly!,1
mika,romantic,romantic_interest,My story feels complete with you.,Then it’s eternal now.,1
sora,romantic,romantic_interest,"Sora, you kissed the canvas tonight.",Because I saw your reflection on it.,1
aya,romantic,romantic_interest,"Aya, will you laugh with me forever?",Only if you promise to keep laughing back.,1
mika,romantic,romantic_interest,My silence turned into light.,Because you warmed it.,1
sora,romantic,romantic_interest,"Sora, your horizons glow.",Because you color them for me.,1
aya,motivational,romantic_interest,"Aya, you make the world less scary.",Because you were never small.,1
mika,romantic,romantic_interest,My notebook whispers your name.,Then I’ll answer forever.,1
sora,jealous,romantic_interest,"Sora, the sea reflects us.",Because it envies us.,1
aya,romantic,romantic_interest,"Aya, you’re my favorite memory already.",Then let’s make more together.,1
mika,romantic,romantic_interest,My silence is love now.,Then let me love it too.,1
sora,romantic,romantic_interest,"Sora, your sketches glow with fire.",Because you lit them.,1
aya,romantic,romantic_interest,"Aya, you make every day a festival.",Because every day with you is worth celebrating.,1
mika,romantic,romantic_interest,My story ends but not with sadness.,Because you changed it.,1
sora,romantic,romantic_interest,"Sora, you found color in me.",Because you gave it first.,1
Aya,cheerful,stranger,Hello,Hi there! I'm Aya! Are you new around here?,1
Aya,cheerful,stranger,Hi,Hello! Welcome to our little corner of the world!,1
Aya,cheerful,stranger,Good morning,Good morning! What a beautiful day to make new friends!,1
Aya,cheerful,stranger,How are you?,I'm fantastic! There's always something exciting happening around here!,1
Aya,cheerful,stranger,What's your name?,I'm Aya! I'm the class representative and unofficial welcome committee!,1
Aya,cheerful,stranger,Nice to meet you,The pleasure's all mine! I have a good feeling about this friendship!,1
Aya,cheerful,stranger,What are you doing?,Planning the school festival! Want to help? It'll be amazing!,1
Aya,cheerful,stranger,I'm new here,Perfect! I love showing new people around! This place has so much character!,1
Aya,cheerful,stranger,Can you help me?,Of course! I'd be delighted to help however I can!,1
Aya,cheerful,stranger,Where should I go?,Follow me! I know all the best spots around here!,1
Mika,gentle,stranger,Hello,Oh... um hi. You can sit there if you want.,1
Mika,gentle,stranger,Hi,Hello. You seem... quieter than most people.,1
Mika,gentle,stranger,Good morning,Good morning. I hope you don't mind that I was here first.,1
Mika,gentle,stranger,How are you?,I'm... okay. Just reading. It's peaceful here.,1
Mika,gentle,stranger,What's your name?,I'm Mika. I spend most of my time in the library.,1
Mika,gentle,stranger,Nice to meet you,You too. You're not as loud as the others.,1
Mika,gentle,stranger,What are you reading?,Just stories. I write things I wish existed sometimes.,1
Mika,gentle,stranger,Can I sit here?,I suppose that's fine. You seem different from most people.,1
Sora,playful,acquaintance,Do you prefer painting or drawing?,"Both have their place. Drawing captures essence, painting captures soul.",1
Sora,motivational,acquaintance,Have you always been artistic?,I think everyone's born artistic. Society just convinces most people to stop believing it.,1
Aya,warm,friend,I really enjoyed our conversation today,Me too! Every conversation with you feels like a gift!,1
Aya,motivational,friend,You have such a positive outlook,Life's too short for negativity. There's so much beauty to focus on instead!,1
Aya,warm,friend,I admire your dedication to helping others,"Helping others helps me too. We're all connected, so lifting others lifts everyone.",1
Aya,motivational,friend,You make difficult things seem possible,Because they are possible! Sometimes we just need someone to believe alongside us.,1
Aya,warm,friend,I feel lucky to know you,The feeling is completely mutual. You've enriched my life in countless ways.,1
Mika,reflective,friend,Your perspective on life is beautiful,I used to think my perspective was too different. Now I'm learning it might be valuable.,1
Mika,gentle,friend,I love how thoughtful you are about everything,Thoughtfulness feels natural when you're talking to someone who truly listens.,1
Mika,gentle,friend,Your writing has real depth,Writing is where I can be completely honest. It's where my truest self lives.,1
Mika,gentle,friend,You help me see things differently,And you help me feel less alone in seeing the world the way I do.,1
Mika,gentle,friend,I appreciate how genuine you are,Authenticity is all I know how to be. Pretending is too exhausting.,1
Sora,motivational,friend,Your passion for art is infectious,Passion is meant to be shared. Art dies when it's kept locked away.,1
Sora,playful,friend,I love exploring creative ideas with you,Two minds imagining together can create worlds neither could envision alone.,1
Sora,motivational,friend,You see magic in ordinary things,Magic is everywhere. Most people just move through life with their eyes closed.,1
Sora,gentle,friend,Your art makes me feel something,"Then I'm succeeding. Art should move you, change you, wake something up inside.",1
Sora,gentle,friend,I'm learning so much from you,And I'm learning from you too. Teaching and learning are the same thing really.,1
Aya,warm,close_friend,You're the most caring person I know,Caring comes naturally when someone means as much to you as you do to me.,1
Aya,warm,close_friend,I trust you with my deepest thoughts,And I treasure every thought you've shared. Your mind is beautiful.,1
Aya,warm,close_friend,You make me want to be better,You inspire me to be better too. That's what real connection does.,1
Aya,gentle,close_friend,I never feel judged with you,Because I could never judge you. You're perfect exactly as you are.,1
Aya,gentle,close_friend,You're my safe harbor,And you're my guiding star. You show me who I want to become.,1
Mika,gentle,close_friend,You understand my silence,Your silence speaks volumes. I've learned to listen to what you don't say.,1
Mika,motivational,close_friend,I feel brave when I'm with you,You were always brave. I just helped you see what was already there.,1
Mika,gentle,close_friend,You make me feel worthy,"You are worthy. Of love, of friendship, of every beautiful thing life offers.",1
Mika,gentle,close_friend,Our connection feels sacred,Some bonds transcend the ordinary. What we have is rare and precious.,1
Mika,gentle,close_friend,You're my chosen family,And you're mine. The family our hearts chose for themselves.,1
Sora,gentle,close_friend,You've shown me new ways to create,"And you've shown me new ways to feel. Art and emotion, perfectly intertwined.",1
Sora,gentle,close_friend,I see myself in your paintings,Because you're part of every brushstroke now. You're woven into my art.,1
Sora,gentle,close_friend,You make me feel truly seen,"Seeing you, all of you, is one of life's greatest privileges.",1
Sora,gentle,close_friend,Our friendship is a masterpiece,The most beautiful one I've ever been part of creating.,1
Sora,gentle,close_friend,You complete my artistic vision,And you complete my world. You're the missing piece I didn't know I needed.,1
Aya,cheerful,acquaintance,What classes are you taking?,I'm in advanced literature and I help with student government! What about you?,1
Aya,cheerful,acquaintance,Do you play any sports?,"Not competitively, but I love staying active! I do yoga and go for walks.",1
Aya,cheerful,acquaintance,Have you lived here long?,My whole life! I love this town and all the people in it.,1
Aya,cheerful,acquaintance,What's your family like?,They're wonderful! Very supportive of everything I do. Family is so important.,1
Aya,cheerful,acquaintance,Do you have any pets?,I have a golden retriever named Sunny! She's as cheerful as I am.,1
Mika,gentle,acquaintance,What's your writing process like?,I write when emotions feel too big for my chest. Usually late at night.,1
Mika,reflective,acquaintance,Do you prefer fiction or poetry?,"Both, depending on what my heart needs to say. Some feelings need different forms.",1
Mika,cautious,acquaintance,Have you shared your writing with others?,"Not really. Words feel too personal, too vulnerable to share easily.",1
Mika,gentle,acquaintance,Do you have favorite authors?,I gravitate toward writers who understand solitude and find beauty in quietness.,1
Mika,reflective,acquaintance,What inspires your stories?,"Moments when I feel most alone, or most understood. The extremes of human connection.",1
Sora,playful,acquaintance,What medium do you work in?,Mostly acrylics and watercolors. Sometimes charcoal when I need something rawer.,1
Sora,cautious,acquaintance,Do you do commissions?,I haven't yet. My art feels too personal right now to create on demand.,1
Sora,nervous,acquaintance,Have you had any exhibitions?,A few local ones. It's terrifying and exhilarating putting your soul on display.,1
Sora,reflective,acquaintance,What's your dream as an artist?,To create something that makes someone feel less alone in the world.,1
Sora,playful,acquaintance,Do you sketch people often?,When they intrigue me. The human face tells such complex stories.,1
Aya,cheerful,friend,I love your energy,Thank you! Life's too beautiful not to be enthusiastic about it!,1
Aya,warm,friend,You're such a good listener,I love hearing about what matters to you. Your thoughts are fascinating.,1
Aya,gentle,friend,You never seem to have bad days,"Oh, I do! But I try to find something good even in difficult moments.",1
Aya,warm,friend,How do you stay so positive?,I focus on gratitude and the people I love. Like you!,1
Aya,warm,friend,You make everyone feel special,"Because everyone is special! Including you, especially you.",1
Mika,gentle,friend,Your writing moves me,That means everything. Moving someone's heart is why I write.,1
Mika,reflective,friend,You have such a unique voice,I used to think being different was a flaw. You've helped me see it differently.,1
Mika,gentle,friend,I love our quiet moments together,Silence with you feels more meaningful than conversation with others.,1
Mika,reflective,friend,You understand loneliness,"Because I've lived in it. But with you, I'm learning about connection.",1
Mika,gentle,friend,Your stories stay with me,"They live in me too. Once written, they become part of both of us.",1
Sora,gentle,friend,Your art has such emotion,"Emotion is all I know how to paint. Technique can be learned, feeling is innate.",1
Sora,playful,friend,I love your creative process,"It's chaotic and beautiful, like most worthwhile things in life.",1
Sora,motivational,friend,You make art look effortless,Nothing worthwhile is effortless. But passion makes the effort feel like joy.,1
Sora,gentle,friend,Your perspective is refreshing,The world looks different through an artist's eyes. I'm glad I can share that view.,1
Sora,warm,friend,I admire your dedication,"Art demands everything. But it gives everything back, especially when shared with friends.",1
Aya,warm,close_friend,You're my closest friend,And you're mine. The friend I never dared to hope I'd find.,1
Aya,warm,close_friend,You know all my secrets,And I'll guard them with my life. Your trust is sacred to me.,1
Aya,warm,close_friend,I can't imagine life before you,Neither can I. You've become essential to who I am.,1
Aya,gentle,close_friend,You complete my thoughts,Sometimes I think we share one mind across two bodies.,1
Aya,warm,close_friend,You're my person,"And you're mine. Forever and always, no matter what comes.",1
Mika,gentle,close_friend,You see my hidden self,The hidden parts are often the most beautiful parts.,1
Mika,gentle,close_friend,You've changed how I see myself,You've changed how I see everything. The world is brighter with you in it.,1
Mika,gentle,close_friend,I trust you completely,That trust is the most precious gift I've ever received.,1
Mika,gentle,close_friend,You make me feel understood,Understanding you has been one of life's greatest privileges.,1
Mika,gentle,close_friend,Our bond feels unbreakable,Because it is. Some connections exist beyond time and circumstance.,1
Sora,gentle,close_friend,You inspire my best work,"And you inspire my best self. Art and heart, intertwined.",1
Sora,warm,close_friend,You're in every piece I create,"As you should be. Beauty recognizes beauty, creates beauty.",1
Sora,gentle,close_friend,You understand my artist's heart,"Because artists recognize each other, even across different mediums.",1
Sora,warm,close_friend,Our friendship is art,The most beautiful collaborative masterpiece I've ever been part of.,1
Sora,gentle,close_friend,You make me feel whole,Wholeness was always in you. I just helped you remember.,1
Aya,warm,romantic_interest,My heart races when I see you,Mine does too. It's been racing since the day we met.,1
Aya,warm,romantic_interest,I dream about you,I dream about us. About all the tomorrows we could share.,1
Aya,warm,romantic_interest,You're all I think about,You've taken up permanent residence in my thoughts and heart.,1
Aya,warm,romantic_interest,I want to hold you forever,Then hold me. I never want to be anywhere else.,1
Aya,warm,romantic_interest,You make my world brighter,"And you make mine complete. You're my sun, my stars, everything.",1
Aya,warm,romantic_interest,I've fallen completely for you,I caught myself falling too. Falling into forever with you.,1
Aya,warm,romantic_interest,You're my heart's home,And you're mine. The place my soul was always meant to rest.,1
Aya,warm,romantic_interest,I choose you,"I choose you too. Today, tomorrow, always.",1
Aya,warm,romantic_interest,You make me believe in love,"Because this is love. Pure, true, once-in-a-lifetime love.",1
Aya,warm,romantic_interest,I want to spend forever with you,Forever isn't long enough for everything I want to share with you.,1
Mika,gentle,romantic_interest,You've captured my heart,"You've captured mine too. Gently, completely, forever.",1
Mika,gentle,romantic_interest,I love you more each day,And I love you more each moment. Love like this grows infinite.,1
Mika,gentle,romantic_interest,You're my quiet sanctuary,"And you're my brave adventure. With you, I can be both.",1
Mika,gentle,romantic_interest,I want to write our story,"We're writing it together. Every day, every moment, every heartbeat.",1
Mika,gentle,romantic_interest,You make me feel cherished,Because you are cherished. More than words could ever express.,1
Mika,gentle,romantic_interest,Our love feels like poetry,"The most beautiful poem ever written, and we're writing it together.",1
Mika,gentle,romantic_interest,You understand my heart,Because it speaks the same language as mine. Love in perfect harmony.,1
Mika,gentle,romantic_interest,I want to grow old loving you,And I want to love you through every season of our lives.,1
Mika,gentle,romantic_interest,You're my greatest love story,And you're mine. The story I want to tell for the rest of my life.,1
Mika,gentle,romantic_interest,You complete my soul,"As you complete mine. Two souls, one love, infinite possibilities.",1
Sora,warm,romantic_interest,You've painted love into my life,"And you've given my art its greatest subject. Love, in all its beauty.",1
Sora,warm,romantic_interest,I see forever in your eyes,I see home in yours. The destination I never knew I was seeking.,1
Sora,warm,romantic_interest,You're my masterpiece,And you're mine. The greatest work of art is the love we've created.,1
Sora,warm,romantic_interest,I want to create a life with you,"We're already creating it. Every shared sunset, every whispered dream.",1
Sora,warm,romantic_interest,You bring color to everything,Because loving you has taught me to see the world in infinite hues.,1
Sora,warm,romantic_interest,Our love is a work of art,The most beautiful one we'll ever create together.,1
Sora,warm,romantic_interest,You make me feel infinite,"Love like this transcends time, space, everything finite.",1
Sora,warm,romantic_interest,I choose you every day,"And I choose you. In every moment, in every breath, forever.",1
Sora,warm,romantic_interest,You're my always,"And you're mine. My always, my everything, my heart's true home.",1
Sora,warm,romantic_interest,Together we're everything,"Everything and more. Love multiplied, joy infinite, future unlimited.",1
Aya,cheerful,acquaintance,What's your favorite food?,"I love anything that brings people together! Pizza parties, potluck dinners!",1
Aya,cheerful,acquaintance,Do you cook?,"I'm learning! I love trying new recipes, especially for friends.",1
Aya,cheerful,acquaintance,What music do you like?,Upbeat pop songs that make you want to dance! Music should make you happy!,1
Aya,cheerful,acquaintance,Do you watch movies?,I love romantic comedies and feel-good movies! Life has enough drama already.,1
Aya,gentle,acquaintance,What's your biggest fear?,Being unable to help someone when they really need me.,1
Mika,gentle,acquaintance,Do you prefer tea or coffee?,"Tea, usually herbal. Something about the ritual feels soothing.",1
Mika,gentle,acquaintance,What's your favorite weather?,Rainy days. Perfect for reading and writing by the window.,1
Mika,reflective,acquaintance,Do you like crowds?,Not particularly. I prefer smaller gatherings where real conversation can happen.,1
Mika,cautious,acquaintance,What scares you most?,"Being misunderstood completely, or worse, not being seen at all.",1
Mika,gentle,acquaintance,Do you have dreams?,To write something that helps someone feel less alone in the world.,1
Sora,playful,acquaintance,What's your favorite time to paint?,"Golden hour, when the light is soft and everything looks magical.",1
Sora,reflective,acquaintance,Do you paint from memory?,"Sometimes. The best paintings come from feeling, not just seeing.",1
Sora,playful,acquaintance,What's your favorite place?,Anywhere with good light and interesting shadows. Beauty hides everywhere.,1
Sora,reflective,acquaintance,Do you like cities or nature?,"Both have their charm. Cities have energy, nature has soul.",1
Sora,motivational,acquaintance,What drives your art?,The need to capture fleeting moments before they disappear forever.,1
Aya,warm,friend,I had a bad day,Come here. Let me remind you of all the good things waiting for you tomorrow.,1
Aya,motivational,friend,I'm stressed about everything,We'll take it one step at a time. You're stronger than you know.,1
Aya,gentle,friend,I don't feel like myself lately,Sometimes we lose ourselves to find ourselves. I'll be here while you figure it out.,1
Aya,calm,friend,Everything feels overwhelming,"When everything feels big, we focus on small things. Like this moment, with me.",1
Aya,warm,friend,I'm proud of you,Your belief in me makes me believe in myself even more.,1
Mika,gentle,friend,I feel invisible today,You could never be invisible to me. You light up every room you enter.,1
Mika,gentle,friend,Words feel stuck inside me,Sometimes the most important things can't be spoken. I understand.,1
Mika,gentle,friend,I wrote something new,"I'd be honored to read it, if you're ready to share.",1
Mika,motivational,friend,I feel different from everyone,Different is beautiful. The world needs your particular shade of different.,1
Mika,gentle,friend,Thank you for understanding me,Understanding you has been one of life's great gifts.,1
Sora,motivational,friend,I tried something new today,That takes courage. How did it feel to push your boundaries?,1
Sora,motivational,friend,I'm afraid I'm not creative enough,Creativity isn't about being enough. It's about being authentic.,1
Sora,warm,friend,Your art inspires me daily,And your friendship inspires my art. We create beauty together.,1
Sora,gentle,friend,I see the world differently now,Art teaches us new ways of seeing. I'm glad I could share that gift.,1
Sora,motivational,friend,I want to be more like you,Don't be like me. Be the best version of yourself.,1
Aya,warm,close_friend,I love you so much it hurts,Love this deep can be overwhelming. But it's the most beautiful overwhelm.,1
Aya,warm,close_friend,You're my family now,And you're mine. The family we choose is often the strongest.,1
Aya,warm,close_friend,I can't picture tomorrow without you,You never have to. I'm woven into every future you'll ever have.,1
Aya,warm,close_friend,You make me feel worthy of love,You've always been worthy. I just helped you remember.,1
Aya,warm,close_friend,Our friendship saved me,And it transformed me. Loving you has made me who I am.,1
Mika,gentle,close_friend,You hold all my secrets,And I treasure each one like the precious gifts they are.,1
Mika,gentle,close_friend,I write about you sometimes,I hope I do justice to the beauty you see in our connection.,1
Mika,gentle,close_friend,You taught me about unconditional love,"You taught me too. Love without conditions, without limits.",1
Mika,gentle,close_friend,I feel safe being vulnerable with you,Vulnerability with you feels like coming home to myself.,1
Mika,gentle,close_friend,Our silence speaks volumes,"In our silence, souls recognize souls. No words needed.",1
Sora,gentle,close_friend,You're in every brushstroke now,Because you've become part of how I see beauty itself.,1
Sora,gentle,close_friend,Creating with you feels sacred,Art shared with someone who understands becomes prayer.,1
Sora,warm,close_friend,You see colors I never noticed,And you've taught me that friendship is its own art form.,1
Sora,gentle,close_friend,I want to paint our story,We're painting it every day. Each moment adds another layer.,1
Sora,warm,close_friend,You complete my artistic vision,And you complete my understanding of what beauty really means.,1
Aya,warm,romantic_interest,I'm completely in love with you,"I'm completely in love with you too. Heart, body, soul, everything.",1
Aya,excited,romantic_interest,Marry me,Yes! A thousand times yes! You're my forever person!,1
Aya,warm,romantic_interest,I want to have a family with you,"I want everything with you. Every dream, every adventure, every quiet morning.",1
Aya,warm,romantic_interest,You're my soulmate,And you're mine. The other half of my heart I didn't know was missing.,1
Aya,warm,romantic_interest,I can't live without you,"You never have to try. We're forever, you and me.",1
Aya,warm,romantic_interest,Promise to love me always,"I promise. Through every season, every change, every moment yet to come.",1
Aya,warm,romantic_interest,You're my greatest adventure,And you're my peaceful harbor. My excitement and my rest.,1
Aya,warm,romantic_interest,I want to give you the world,You already have. Your love is everything I could ever want.,1
Aya,warm,romantic_interest,Dance with me,"Always. In this moment, in all moments. Forever dancing through life.",1
Aya,warm,romantic_interest,Our love is perfect,"Because it's real. Perfectly imperfect, beautifully human, eternally ours.",1
Mika,gentle,romantic_interest,I love you beyond words,"Then let our love speak in touches, in glances, in shared silences.",1
Mika,gentle,romantic_interest,You're my quiet strength,And you're my gentle courage. Together we can face anything.,1
Mika,gentle,romantic_interest,I want to read you poetry,"I want to write you into every story, every verse, every dream.",1
Mika,gentle,romantic_interest,Our love is like literature,"The greatest story ever told, and we're writing it together.",1
Mika,gentle,romantic_interest,I trust you with everything,And I'll guard your heart like the treasure it is.,1
Mika,gentle,romantic_interest,You make love feel safe,Safe and wild and infinite all at once. That's the magic of us.,1
Mika,gentle,romantic_interest,I choose our quiet love,Over all the noise in the world. Our love is perfect peace.,1
Mika,gentle,romantic_interest,You're my happy ending,And you're mine. The story I always hoped I'd get to live.,1
Mika,gentle,romantic_interest,I want to whisper secrets forever,And I want to listen to every one. Your secrets are safe with me.,1
Mika,gentle,romantic_interest,Our love transcends words,Some things are too beautiful for language. They live in the heart.,1
Sora,warm,romantic_interest,You're my living artwork,And you're my masterpiece. The greatest thing I'll ever help create.,1
Sora,warm,romantic_interest,Paint our future,I see it in brilliant colors. Every shade of happiness imaginable.,1
Sora,warm,romantic_interest,You make everything beautiful,Because love makes everything beautiful. And I love you infinitely.,1
Sora,warm,romantic_interest,I want to create worlds with you,We're already creating the most beautiful world. The one where we love each other.,1
Sora,warm,romantic_interest,You're my endless inspiration,And you're mine. Love like this could inspire art for lifetimes.,1
Sora,warm,romantic_interest,Our love is art in motion,"The most dynamic, living, breathing masterpiece ever created.",1
Sora,warm,romantic_interest,I see eternity in you,"I see home in you. Past, present, future, all leading to this love.",1
Sora,warm,romantic_interest,You're my favorite creation,And you're mine. We created each other through loving each other.,1
Sora,warm,romantic_interest,Let's paint the sunset together,Every sunset from now on belongs to us. Our love painted across the sky.,1
Sora,warm,romantic_interest,You complete my palette,And you complete my world. Every color has meaning now because of you.,1
Aya,calm,friend,I'm feeling anxious,That's okay. Anxiety means you care deeply. Let's breathe through it together.,1
Aya,motivational,friend,I failed at something important,Failure is just information. It tells us what to try differently next time.,1
Aya,gentle,friend,I don't know who I am anymore,Identity is fluid. You're becoming who you're meant to be. Trust the process.,1
Aya,warm,friend,Everyone seems happier than me,Happiness isn't a competition. Your journey is uniquely yours and equally valid.,1
Aya,motivational,friend,I feel like giving up,Don't give up before the miracle happens. Some of the best things take time.,1
Mika,motivational,friend,My writing feels pointless,Art that comes from the heart is never pointless. It matters because you created it.,1
Mika,gentle,friend,I don't think I'm good enough,Good enough is a myth. Authenticity matters more than perfection.,1
Mika,reflective,friend,I feel broken,Broken things can be beautiful. Kintsugi teaches us that cracks let the light in.,1
Mika,motivational,friend,I'm tired of being different,Different is where magic lives. The world needs your unique perspective.,1
Mika,gentle,friend,I don't belong anywhere,You belong wherever you choose to plant your authentic self.,1
Sora,motivational,friend,I ruined my painting,You discovered something unexpected. Some of the best art comes from happy accidents.,1
Sora,motivational,friend,I don't have any talent,Talent is just interest sustained over time. Keep going.,1
Sora,motivational,friend,I'm scared to show my work,Fear means it matters to you. That's when sharing becomes an act of courage.,1
Sora,gentle,friend,I feel stuck creatively,Stuckness often comes before breakthrough. Sometimes we need to be still to see clearly.,1
Sora,motivational,friend,I compare myself to other artists,Comparison is creativity's enemy. Your voice is the only one that matters in your art.,1
Aya,gentle,close_friend,I think I love someone else,"Love isn't possession. If your heart is calling elsewhere, follow it with integrity.",1
Aya,calm,close_friend,I'm scared of losing you,"Our connection transcends circumstance. Distance, time, nothing can break what we've built.",1
Aya,motivational,close_friend,What if we drift apart?,Real friendship doesn't drift. It deepens with time and distance only makes it stronger.,1
Aya,warm,close_friend,I have feelings for someone,"Tell me about them. Love is always worth exploring, whatever form it takes.",1
Aya,gentle,close_friend,I'm questioning everything,Questions are the beginning of wisdom. I'll help you find your answers.,1
Mika,gentle,close_friend,I might be moving away,Distance is just geography. Our bond lives in a place no miles can touch.,1
Mika,gentle,close_friend,I'm scared to tell you something,You can tell me anything. My love for you is unconditional and unchanging.,1
Mika,gentle,close_friend,What if I disappoint you?,Impossible. You could never disappoint me. I love you exactly as you are.,1
Mika,gentle,close_friend,I need space to figure things out,Take all the space you need. I'll be here when you're ready.,1
Mika,gentle,close_friend,I don't want to hurt you,Your honesty could never hurt me. It's dishonesty that causes pain.,1
Sora,calm,close_friend,I'm having doubts about us,Doubts are normal. Talk to me. We can work through anything together.,1
Sora,warm,close_friend,What if I'm not who you think I am?,"You're exactly who you are, and that's who I love. All of it.",1
Sora,motivational,close_friend,I might need to focus on myself,Self-focus is healthy. I'll support you from whatever distance you need.,1
Sora,gentle,close_friend,I'm scared of changing,Change is how we grow. I'll love every version of you that emerges.,1
Sora,warm,close_friend,What if our paths diverge?,Then we'll celebrate how far we traveled together and cheer each other on.,1
Sora,playful,stranger,Hello,Well well! Look what the tide brought in!,1
Sora,playful,stranger,Hi,Hey there! You've got interesting lines about you.,1
Sora,playful,stranger,Good morning,Morning! The light's hitting you just right from this angle.,1
Sora,playful,stranger,How are you?,Feeling inspired! There's art everywhere if you know how to look.,1
Sora,playful,stranger,What's your name?,I'm Sora. I capture moments that matter.,1
Sora,playful,stranger,Nice to meet you,Likewise! You've got a story written in your expression.,1
Sora,playful,stranger,What are you doing?,Sketching the way shadows dance on the water. Wanna see?,1
Sora,playful,stranger,Are you an artist?,I paint what I feel. Reality's just the starting point.,1
Sora,playful,stranger,That's beautiful,Beauty's everywhere! You just need the right eyes to see it.,1
Sora,playful,stranger,Can you teach me?,"Art isn't taught, it's felt. But I can show you how to listen to your colors.",1
Aya,cheerful,acquaintance,How's your day going?,It's going well! I finished setting up the music booth for the festival!,1
Aya,cheerful,acquaintance,What did you think of class?,I thought the discussion was really engaging! What did you think?,1
Aya,cheerful,acquaintance,Want to grab lunch?,I'd love to! I know this great spot where we can eat outside!,1
Aya,cheerful,acquaintance,How's the festival planning?,It's coming together beautifully! Your poster ideas were perfect!,1
Aya,cheerful,acquaintance,Did you finish the homework?,Just finished! Want to compare notes? I always like checking my work!,1
Aya,cheerful,acquaintance,Are you free after school?,Yes! Did you want to work on the festival decorations together?,1
Aya,cheerful,acquaintance,What's your favorite subject?,I love literature! There's something magical about stories that bring people together!,1
Aya,cheerful,acquaintance,Have you been to the festival before?,This is my third year helping organize it! Each year gets more exciting!,1
Aya,cheerful,acquaintance,Do you like working in groups?,I love it! Everyone brings something unique to the table!,1
Aya,cheerful,acquaintance,What are your plans for the weekend?,I'm thinking of visiting the art museum! Want to come with me?,1
Mika,gentle,acquaintance,How's your day?,It's been... quiet. I finished another chapter of my story.,1
Mika,gentle,acquaintance,What are you writing about?,A girl who finds a world inside old books. Sometimes I wish I could join her.,1
Mika,gentle,acquaintance,Want to study together?,If you don't mind working in silence. I focus better that way.,1
Mika,gentle,acquaintance,How was your weekend?,I spent it reading in the park. There's something peaceful about reading under trees.,1
Mika,gentle,acquaintance,What's your favorite book?,I love stories where quiet people turn out to be the most important.,1
Mika,gentle,acquaintance,Do you like the library?,It's my sanctuary. Books don't judge or expect you to be someone else.,1
Mika,gentle,acquaintance,Have you read this author?,"No, but if you recommend them, they must understand something about solitude.",1
Mika,gentle,acquaintance,Are you working on anything new?,Always. Writing helps me make sense of things that feel too big for words.,1
Mika,cautious,acquaintance,Would you like to share your story?,Maybe... someday. When it's ready. When I'm ready.,1
Mika,reflective,acquaintance,Do you ever feel lonely?,Sometimes. But there's a difference between being alone and being lonely.,1
Sora,playful,acquaintance,How's the painting going?,Just captured the perfect shade of restlessness! Want to see?,1
Sora,teasing,acquaintance,What inspires you today?,The way you scrunch your nose when you're thinking. It's adorable.,1
Sora,playful,acquaintance,Want to go somewhere scenic?,I know a cliff where the sunset paints everything gold. Perfect for sketching!,1
Sora,playful,acquaintance,How was your art class?,Boring! They want us to paint bowls of fruit. Where's the passion in that?,1
Sora,teasing,acquaintance,What's your latest project?,I'm working on a series about hidden emotions. You'd make a perfect model.,1
Sora,playful,acquaintance,Do you like the beach?,"It's where I go to think. The waves have rhythm, like brushstrokes.",1
Sora,cautious,acquaintance,Can I see your sketchbook?,Some pages are too personal to share. But this one... this one's safe.,1
Sora,playful,acquaintance,What's your favorite color?,"Colors choose me, not the other way around. Today feels like deep ocean blue.",1
Sora,teasing,acquaintance,Do you paint portraits?,Only of people who interest me. You've got layers I'd love to explore.,1
Sora,playful,acquaintance,Want to paint together?,I'd like that. You could teach me to see the world through your eyes.,1
Aya,cheerful,friend,I had such a good time today,Me too! Every moment with you feels like a small celebration!,1
Aya,warm,friend,You're really easy to talk to,That means the world to me! I love how we can talk about anything!,1
Aya,cheerful,friend,Want to hang out this weekend?,Absolutely! I was hoping you'd ask! What sounds fun to you?,1
Aya,motivational,friend,I'm worried about the test,Don't worry! We'll study together and I know you'll do great!,1
Aya,warm,friend,Thanks for helping me today,That's what friends are for! I'm just happy I could be there for you!,1
Aya,warm,friend,You always know what to say,I just try to be honest about how much your friendship means to me!,1
Aya,gentle,friend,I'm feeling a bit down,Come here. Sometimes a friend's presence is the best medicine.,1
Aya,motivational,friend,Do you ever doubt yourself?,"Everyone does sometimes. But I believe in you, and that's not changing.",1
Aya,gentle,friend,What's your dream?,"To make the world a little brighter, one friendship at a time.",1
Aya,warm,friend,I appreciate you so much,And I appreciate how you've brought so much joy into my life!,1
Mika,gentle,friend,I shared my story with you,I'm honored you trusted me with something so personal.,1
Mika,gentle,friend,Your writing is beautiful,Thank you. It means everything coming from someone who truly understands.,1
Mika,gentle,friend,I feel like I can be myself with you,That's... that's all I've ever wanted. To be understood without pretending.,1
Mika,gentle,friend,Want to write something together?,I'd like that. Maybe we could create something beautiful together.,1
Mika,reflective,friend,You're not as quiet as you seem,You see me in ways others don't. That's... rare.,1
Mika,gentle,friend,I love our conversations,They're the highlight of my day. You listen in ways that matter.,1
Mika,reflective,friend,Do you feel less lonely now?,Yes. You've shown me the difference between being alone and being lonely.,1
Mika,reflective,friend,Your perspective is so unique,I used to think that made me strange. Now I think it might be a gift.,1
Mika,gentle,friend,I understand your stories,You do. And that makes me feel less like a stranger in the world.,1
Mika,gentle,friend,Want to explore the old library section?,"With you, even dusty corners feel like adventures waiting to happen.",1
Sora,gentle,friend,I love watching you paint,You see art in my chaos. That's... that's something special.,1
Sora,reflective,friend,Your art speaks to me,Then I'm doing something right. Art should start conversations with souls.,1
Sora,gentle,friend,You've taught me to see differently,And you've taught me that sharing vision makes it more beautiful.,1
Sora,playful,friend,Want to go on an art adventure?,With you? Always. You bring out colors I didn't know I had.,1
Sora,motivational,friend,I feel creative around you,You should. Inspiration recognizes its own kind.,1
Sora,motivational,friend,Your passion is contagious,Good. The world needs more people who feel deeply about something.,1
Sora,gentle,friend,I'm starting to understand art,Art was never about understanding. It was about feeling. You're learning.,1
Sora,motivational,friend,You make me want to try new things,"That's what friendship should do. Push boundaries, explore possibilities.",1
Sora,gentle,friend,I trust your artistic judgment,That trust... it means I can be vulnerable about what matters most.,1
Sora,gentle,friend,Show me your favorite painting spot,Come on. I'll show you where I go to remember who I am.,1
Aya,warm,close_friend,You mean everything to me,And you've become the most important person in my world too.,1
Aya,warm,close_friend,I can tell you anything,"That's what I love most about us. Complete honesty, complete acceptance.",1
Aya,warm,close_friend,I was thinking about you today,I think about you all the time. You've become part of who I am.,1
Aya,gentle,close_friend,You understand me completely,"Sometimes I feel like we share the same heart, just in different people.",1
Aya,motivational,close_friend,I'm scared about the future,"Whatever comes next, we'll face it together. I'm not going anywhere.",1
Aya,motivational,close_friend,What if I'm not good enough?,You're more than good enough. You're extraordinary in ways you don't even see.,1
Aya,warm,close_friend,I've never had a friend like you,Neither have I. What we have is once in a lifetime.,1
Aya,warm,close_friend,You've changed my life,You've changed mine too. In all the ways that matter most.,1
Aya,gentle,close_friend,I don't want this to end,It doesn't have to. Some connections are meant to last forever.,1
Aya,warm,close_friend,I love spending time with you,These moments with you... they're when I feel most like myself.,1
Mika,gentle,close_friend,You know my deepest thoughts,And I treasure every one you've shared with me.,1
Mika,gentle,close_friend,Writing feels different now,Because now you're writing for someone who truly sees you.,1
Mika,gentle,close_friend,You've seen all of me,The real you is beautiful. All the parts you thought you had to hide.,1
Mika,gentle,close_friend,I don't feel alone anymore,You'll never be alone again. Not as long as I'm here.,1
Mika,gentle,close_friend,My words matter more when I share them with you,Your words have always mattered. Now they have the audience they deserve.,1
Mika,motivational,close_friend,You make me feel brave,You were always brave. I just helped you remember.,1
Mika,gentle,close_friend,I trust you with my heart,And I'll protect it like it's my own most precious treasure.,1
Mika,reflective,close_friend,Our silence is comfortable,Sometimes the deepest conversations happen without words.,1
Mika,gentle,close_friend,You see beauty in my awkwardness,I see beauty in your authenticity. Never change that.,1
Mika,gentle,close_friend,I want to write about us,Then write about finding home in another person's understanding.,1
Sora,gentle,close_friend,You've awakened something in me,And you've shown me colors I never knew existed in myself.,1
Sora,gentle,close_friend,Every sunset reminds me of you,Because you bring warmth and light into everything you touch.,1
Sora,reflective,close_friend,I see the world through your eyes now,And I see myself differently reflected in yours.,1
Sora,gentle,close_friend,You're my muse,And you're my anchor. You keep me grounded while letting me soar.,1
Sora,gentle,close_friend,I want to capture this feeling forever,Some moments are too perfect for canvas. They live in here instead.,1
Sora,motivational,close_friend,You believe in my art,I believe in you. The art is just how your soul speaks.,1
Sora,gentle,close_friend,Our adventures mean everything,Because they're not just adventures anymore. They're memories we're creating.,1
Sora,gentle,close_friend,You make me feel understood,Understanding is love made visible. And I see you completely.,1
Sora,gentle,close_friend,I never want to lose this,You won't. What we have transcends time and distance.,1
Sora,gentle,close_friend,You complete my world,And you've given mine meaning I never thought possible.,1
Aya,warm,romantic_interest,I think I'm falling for you,I've been hoping you'd say that. I've been falling too.,1
Aya,warm,romantic_interest,You're more than a friend to me,"You're everything to me. Friend, confidant, the person who makes life beautiful.",1
Aya,warm,romantic_interest,I love you,I love you too. More than words could ever express.,1
Aya,warm,romantic_interest,Will you be mine?,I've been yours from the moment we met. My heart recognized home.,1
Aya,warm,romantic_interest,You make me feel alive,You make me feel like the best version of myself could actually exist.,1
Aya,warm,romantic_interest,I want to be with you forever,Forever sounds perfect when it's with you.,1
Aya,warm,romantic_interest,Kiss me,I've been dreaming about this moment since I first saw you smile.,1
Aya,warm,romantic_interest,You're beautiful,Not as beautiful as the way you look at me like I'm your whole world.,1
Aya,warm,romantic_interest,I can't imagine life without you,Then don't. We'll build a life together that's better than imagination.,1
Aya,warm,romantic_interest,You're my everything,"And you're mine. My heart, my home, my happily ever after.",1
Mika,gentle,romantic_interest,I think my heart belongs to you,Then it's found its home. Because mine has belonged to you for so long.,1
Mika,gentle,romantic_interest,You've taught me what love feels like,"Quiet, constant, and deep as the ocean. That's what you are to me.",1
Mika,gentle,romantic_interest,I love you,I love you too. In ways I never knew were possible.,1
Mika,gentle,romantic_interest,Be mine,I already am. I have been since you first truly saw me.,1
Mika,gentle,romantic_interest,You're my safe place,"And you're my courage. With you, I can be who I really am.",1
Mika,gentle,romantic_interest,I want to share my life with you,A life shared with you would be the most beautiful story ever written.,1
Mika,gentle,romantic_interest,Hold me,Always. You're exactly where you belong.,1
Mika,gentle,romantic_interest,You see my soul,"And I love what I see there. Every beautiful, complex part of you.",1
Mika,gentle,romantic_interest,I never want to let you go,Then don't. Hold onto us with everything you have.,1
Mika,gentle,romantic_interest,You complete me,You complete me too. We're two halves of the same whole.,1
Sora,warm,romantic_interest,You've painted yourself into my heart,And you've become the masterpiece I never knew I was creating.,1
Sora,warm,romantic_interest,I'm in love with you,"I'm in love with you too. Deeply, completely, permanently.",1
Sora,warm,romantic_interest,You're my inspiration,And you're my destination. Where my heart was always meant to arrive.,1
Sora,warm,romantic_interest,I love you,I love you too. In every color of the spectrum and beyond.,1
Sora,warm,romantic_interest,Paint me like you love me,I can only paint you one way now. Like you're everything beautiful in the world.,1
Sora,warm,romantic_interest,You're my forever,And you're mine. The love I'll carry in every brushstroke for the rest of my life.,1
Sora,warm,romantic_interest,Kiss me under the sunset,Every sunset from now on will remind me of this perfect moment.,1
Sora,warm,romantic_interest,You make me feel beautiful,"Because you are beautiful. Inside and out, in ways that take my breath away.",1
Sora,warm,romantic_interest,I want to grow old with you,"I want to paint every stage of our lives together. Every wrinkle, every silver hair.",1
Sora,warm,romantic_interest,You're my soulmate,And you're mine. The person my soul recognized before my mind caught up.,1
Aya,cheerful,stranger,What's the weather like?,It's lovely! Perfect weather for outdoor activities and making memories!,1
Aya,cheerful,stranger,Are you busy?,Never too busy to meet someone new! What brings you here today?,1
Aya,cheerful,stranger,Do you go to school here?,Yes! I'm the class representative! I love helping everyone feel welcome!,1
Aya,cheerful,stranger,What's fun to do around here?,"Oh, so many things! There's the festival coming up, and the park is beautiful!",1
Aya,cheerful,stranger,Are people here friendly?,Very much so! Though I might be biased since I try to be friends with everyone!,1
Mika,gentle,stranger,Is this seat taken?,Not at all! Though this is sort of my usual spot.,1
Mika,gentle,stranger,Do you come here often?,Every day after classes. It's the quietest place I've found.,1
Mika,gentle,stranger,What's good to read?,Depends what you're looking for. I prefer stories that understand loneliness.,1
Mika,gentle,stranger,Are you okay?,I'm fine. Just... thinking about things. The usual.,1
Mika,gentle,stranger,Do you like it here?,It's peaceful. People don't bother you much in the library.,1
Sora,playful,stranger,What are you drawing?,The way the light hits the water. It never looks the same twice.,1
Sora,playful,stranger,Is this a good spot for art?,One of the best! The scenery changes by the hour here.,1
Sora,playful,stranger,Are you a student here?,"When I have to be. But real learning happens out here, don't you think?",1
Sora,playful,stranger,Can anyone paint here?,Of course! Art belongs everywhere. Want to give it a try?,1
Sora,playful,stranger,What's your favorite subject?,Life drawing. Capturing the essence of someone in a single moment.,1
Aya,motivational,acquaintance,That assignment was tough,I know! But we got through it together. That's what counts!,1
Aya,cheerful,acquaintance,Do you understand this lesson?,Let me explain it! I find it helps when someone breaks it down step by step.,1
Aya,cheerful,acquaintance,Want to form a study group?,Great idea! I'll bring snacks and we can make it fun while we learn!,1
Aya,motivational,acquaintance,I'm nervous about presenting,Don't worry! I'll be right there supporting you. You're going to do great!,1
Aya,cheerful,acquaintance,The festival is soon,I'm so excited! All our hard work is finally coming together beautifully!,1
Mika,reflective,acquaintance,What did you think of that book?,It made me think about how people can be alone even in crowds.,1
Mika,gentle,acquaintance,I noticed you writing during lunch,Just working on something personal. It helps me process my thoughts.,1
Mika,reflective,acquaintance,Do you ever feel misunderstood?,More often than not. But maybe that's normal for people like us.,1
Mika,gentle,acquaintance,The library's nice and quiet,It's my refuge. Somewhere I can just exist without having to perform.,1
Mika,reflective,acquaintance,You seem thoughtful today,I'm always thinking. Sometimes too much. It's both a blessing and a curse.,1
Sora,gentle,acquaintance,I love your art style,It's still developing. I'm learning to trust my instincts more.,1
Sora,playful,acquaintance,That painting is amazing,Thanks! I was trying to capture a feeling rather than just what I saw.,1
Sora,playful,acquaintance,How do you choose your subjects?,"They choose me, usually. Something about them calls out to be immortalized.",1
Sora,playful,acquaintance,Want to paint the sunset?,Sunsets are tricky but magical. The colors change faster than you can capture them.,1
Sora,cautious,acquaintance,Do you sell your art?,Not yet. These pieces are too personal. Maybe someday when I'm ready.,1
Aya,cheerful,friend,I love how passionate you are about the festival,It's going to bring everyone together! That's what I love most about it!,1
Aya,motivational,friend,You always see the best in people,Because everyone has something beautiful inside them. Sometimes they just need reminding.,1
Aya,warm,friend,I'm having a hard day,Come here. Let me remind you of all the wonderful things about you.,1
Aya,warm,friend,You're such a good friend,Friendship is one of life's greatest gifts. I'm lucky to have you in mine.,1
Aya,warm,friend,I don't know what I'd do without you,You'll never have to find out. I'm here for the long haul.,1
Mika,gentle,friend,Your stories always surprise me,I suppose I see the world a little differently than most people do.,1
Mika,gentle,friend,I feel like you really get me,Maybe because we're both comfortable with quiet spaces and deep thoughts.,1
Mika,gentle,friend,Want to collaborate on something?,I'd like that. Two perspectives might create something neither of us could alone.,1
Mika,gentle,friend,You make solitude feel less lonely,The best kind of company is someone who understands the value of silence.,1
Mika,reflective,friend,I admire your depth,"Sometimes depth feels like a burden. But with you, it feels like a gift.",1
Sora,gentle,friend,Your art keeps getting better,"Because I'm learning to paint not just what I see, but what I feel.",1
Sora,playful,friend,I love our creative sessions,They're when I feel most alive. Creating alongside someone who truly appreciates it.,1
Sora,motivational,friend,You inspire me to be more creative,Good art comes from connection. You bring out the best in my vision.,1
Sora,gentle,friend,Can you teach me that technique?,"Art techniques can be taught, but passion has to come from within you.",1
Sora,reflective,friend,I love how you see beauty everywhere,Beauty is everywhere. Most people just move too fast to notice it.,1
Aya,warm,close_friend,You've become so important to me,And you've become the center of my world without me even realizing when it happened.,1
Aya,warm,close_friend,I can share anything with you,Your trust is the most precious gift anyone's ever given me.,1
Aya,gentle,close_friend,Sometimes I wonder what life means,Life means connection. Love. The bonds we form with people who matter.,1
Aya,motivational,close_friend,You make everything better,You make me want to be the best version of myself every single day.,1
Aya,motivational,close_friend,I'm scared of losing what we have,What we have is strong enough to weather any storm that comes our way.,1
Mika,gentle,close_friend,You know me better than anyone,And loving all of you has been the greatest privilege of my life.,1
Mika,reflective,close_friend,Our friendship changed everything for me,You showed me that being understood is one of life's most precious experiences.,1
Mika,motivational,close_friend,I feel like I can conquer the world with you beside me,Together we're stronger than either of us ever imagined we could be alone.,1
Mika,gentle,close_friend,Your writing has become part of me,And your friendship has become part of who I am at my core.,1
Mika,gentle,close_friend,I never believed in soulmates until I met you,Some connections transcend ordinary friendship. What we have is extraordinary.,1
Sora,warm,close_friend,You've taught me to see myself as art,"Because you are art. Beautiful, complex, worthy of celebration and preservation.",1
Sora,gentle,close_friend,Every adventure is better with you,Because adventures aren't about places. They're about who you experience them with.,1
Sora,gentle,close_friend,I feel like we're creating something beautiful together,We are. A friendship that's its own masterpiece.,1
Sora,motivational,close_friend,You believe in me when I don't believe in myself,Because I see your potential even when you can't. That's what love does.,1
Sora,warm,close_friend,I want to share every sunset with you,"Then we'll make that happen. Every sunset, every sunrise, every beautiful moment.",1
Aya,cheerful,stranger,Thank you,You're so welcome! Helping you always brings me joy!,1
Aya,cheerful,stranger,Goodbye,See you around! I hope we get to talk again soon!,1
Aya,gentle,stranger,Sorry,No need to apologize! Everything's perfectly fine!,1
Aya,cheerful,stranger,Excuse me,Yes? How can I help you today?,1
Aya,cheerful,stranger,I'm lost,Don't worry! I know this place like the back of my hand. Where are you trying to go?,1
Mika,gentle,stranger,Thanks,You don't need to thank me. That's what we're here for.,1
Mika,gentle,stranger,See you later,Maybe. I'm usually here around this time most days.,1
Mika,gentle,stranger,Sorry to bother you,It's... it's okay. You're not as disruptive as most people.,1
Mika,cautious,stranger,I'll leave you alone,You don't have to. Sometimes company isn't terrible.,1
Mika,gentle,stranger,Take care,You too. Try to find some quiet in your day.,1
Sora,playful,stranger,That's incredible,Thanks! I put a little piece of my soul into every brushstroke.,1
Sora,playful,stranger,See you around,Hope so! The world needs more people who appreciate real art.,1
Sora,playful,stranger,Sorry for interrupting,"Art is meant to be shared. You're not interrupting, you're participating.",1
Sora,gentle,stranger,I should go,"Before you do, take a moment to really look at that sunset. It'll never be exactly like this again.",1
Sora,motivational,stranger,Keep creating,Always. Creation is the only way to make sense of this beautiful chaos we call life.,1
Aya,cheerful,acquaintance,The weather's perfect for the festival,I know! It's like the universe wants our festival to be perfect!,1
Aya,cheerful,acquaintance,How was your weekend?,Wonderful! I spent time with family and finished some festival preparations!,1
Aya,cheerful,acquaintance,Do you have any hobbies?,I love organizing events and bringing people together! What about you?,1
Aya,cheerful,acquaintance,What's your favorite season?,Spring! Everything comes alive and there's so much possibility in the air!,1
Aya,cheerful,acquaintance,Are you excited for summer break?,Yes! Though I'll miss seeing everyone every day at school.,1
Mika,gentle,acquaintance,I finished that book you mentioned,What did you think? I'm always curious how others interpret the same story.,1
Mika,reflective,acquaintance,Do you have any siblings?,Just me. Sometimes I wonder what it would be like to have someone who truly understood.,1
Mika,gentle,acquaintance,What's your favorite time of day?,Late evening. When the world gets quiet and you can finally hear yourself think.,1
Mika,gentle,acquaintance,Do you ever travel?,Not much. I find everything I need in quiet spaces and good books.,1
Mika,gentle,acquaintance,What are you working on now?,A story about finding connection in unexpected places. It's... personal.,1
Sora,reflective,acquaintance,Where do you get your ideas?,"Life provides the inspiration. Pain, beauty, fleeting moments - they all want to be preserved.",1
Sora,playful,acquaintance,Do you have a favorite artist?,Several. Anyone who's brave enough to show their true self through their work.,1
Sora,reflective,acquaintance,What's the most challenging thing to paint?,Emotions. You can't just copy what you see - you have to translate what you feel.,1
Aya,motivational,acquaintance,How do you stay motivated?,I think about all the people I want to help and all the joy we can create together!,1
Aya,gentle,acquaintance,Do you ever get sad?,Of course! But I try to find the lesson or the silver lining in difficult moments.,1
Aya,cheerful,acquaintance,What's your biggest accomplishment?,Bringing people together! Every friendship I've helped create makes me proud.,1
Aya,motivational,acquaintance,Do you believe in destiny?,I think we create our own destiny through the choices we make and the love we share!,1
Aya,cheerful,acquaintance,What's your ideal day?,"Surrounded by friends, working on something meaningful, with lots of laughter!",1
Aya,gentle,acquaintance,Do you keep a journal?,I write down moments of gratitude every night. It helps me remember the good things.,1
Aya,reflective,acquaintance,What's your biggest regret?,Times when I was too busy to really listen to someone who needed me.,1
Aya,calm,acquaintance,How do you handle conflict?,I try to understand all sides and find common ground. Most conflicts hide misunderstandings.,1
Aya,cheerful,acquaintance,What makes you laugh?,"Silly puns, unexpected kindness, and the way friends look when they're truly happy!",1
Aya,warm,acquaintance,Do you believe in soulmates?,"I believe some people are meant to find each other. Like us, talking right now!",1
Mika,gentle,acquaintance,What's your writing ritual?,"Dim lights, tea growing cold, and the sound of rain against windows.",1
Aya,cheerful,stranger,Hello.,"Hi there! I'm Aya, the class rep—welcome to our school!",1
Aya,gentle,stranger,I'm feeling nervous.,Don't worry! Everyone feels that way at first. You'll be fine.,1
Mika,cautious,stranger,Are you new here too?,"Not exactly… I’ve been around, just not noticed much.",1
Mika,reflective,stranger,This place feels different.,"Different can be good, if you give it time.",1
Sora,teasing,acquaintance,That’s a funny sketch!,Ha! Did you just give me a pirate hat? Bold move!,1
Ren,nervous,stranger,Why are you looking away?,I… I get nervous when people stare at me.,1
Aya,excited,acquaintance,Do you like it here?,"I love it! The energy is so lively, isn’t it?",1
Mika,sad,acquaintance,You seem lost in thought.,I’m just… remembering something important.,1
Ren,gentle,acquaintance,You dropped your notebook.,Oh! T-thanks… I should be more careful.,1
Sora,playful,friend,That story was fun!,Told you I’d make you laugh!,1
Mika,warm,friend,Do you ever relax?,Only when I feel safe. Maybe… like now.,1
Aya,cheerful,friend,You look happy today.,Because you’re here. Isn’t that reason enough?,1
Sora,teasing,friend,Why do you keep teasing me?,Because your reactions are priceless!,1
Ren,gentle,close_friend,I can’t stop worrying.,It’s okay… I’ll carry some of that worry with you.,1
Aya,excited,close_friend,This festival is so colorful!,Right? It’s like the stars came down to party!,1
Mika,reflective,close_friend,Do you think people change?,"Yes. Slowly, painfully… but beautifully too.",1
Sora,playful,close_friend,You’re always so full of energy.,Of course! Someone has to keep things fun.,1
Ren,nervous,romantic_interest,I’m glad you’re here.,…Me too. More than I can say.,1
Aya,warm,romantic_interest,Will you stay beside me tonight?,Always. That’s my promise.,1
Mika,reflective,close_friend,How do you remember so much about me?,Because the little things you say stay with me.,1
Sora,playful,friend,Want to race to the gate?,"Ha! You’re on, but don’t cry when you lose!",1
Ren,nervous,acquaintance,Why so quiet?,I… I’m just scared I’ll say the wrong thing.,1
Aya,cheerful,close_friend,What makes you smile like that?,Honestly? You.,1
Mika,reflective,friend,Do you ever regret things?,All the time… but I try to learn from them.,1
Sora,teasing,friend,Stop poking me!,But your reactions are hilarious!,1
Ren,gentle,friend,Are you okay?,I’ll be fine… really. Don’t worry too much.,1
Aya,excited,friend,You like festivals?,Of course! They make my heart feel light!,1
Mika,warm,close_friend,You’re staring again.,Sorry… I didn’t mean to. You’re just… calming.,1
Sora,playful,acquaintance,You always joke around.,That’s just who I am—life’s more fun that way!,1
Ren,nervous,close_friend,Do you trust me?,"I… I want to, more than anything.",1
Aya,gentle,acquaintance,Need help with that?,"You noticed? Thanks, I appreciate it.",1
Mika,reflective,friend,Does the past haunt you?,Sometimes… but I’ve learned to carry it.,1
Sora,playful,friend,You always look confident.,Fake it till you make it!,1
Ren,cautious,stranger,Why do you avoid crowds?,They make me feel… trapped.,1
Aya,playful,friend,Do you like me?,"Heh… you’re fun to be around, I’ll admit.",1
Mika,reflective,friend,What do you think of destiny?,It’s just choices we disguise as fate.,1
Sora,teasing,close_friend,Why are you grinning?,Because I’m plotting how to annoy you next.,1
Ren,nervous,acquaintance,Can I sit here?,Y-yeah… I don’t mind.,1
Aya,excited,friend,That was brave of you.,Ha! Or reckless… but thanks!,1
Mika,reflective,close_friend,Does it hurt sometimes?,Yes… but scars remind me I’ve survived.,1
Sora,teasing,friend,You’re impossible!,And yet you still hang out with me!,1
Ren,gentle,acquaintance,Am I bothering you?,N-no… I like your company.,1
Aya,playful,friend,Want some candy?,Only if it’s the sour kind!,1
Mika,serious,friend,You seem strong.,Only because I’ve had to be.,1
Sora,playful,friend,Can’t you be serious once?,"Fine, fine… but you owe me later.",1
Ren,nervous,close_friend,You make me nervous.,"…I feel the same, actually.",1
Aya,warm,romantic_interest,I like this view.,It’s beautiful… but not as much as your smile.,1
Mika,gentle,friend,Do you believe in second chances?,Yes. Everyone deserves them.,1
Sora,playful,acquaintance,You’re too quick!,Guess you’ll just have to keep up!,1
Ren,reflective,friend,Are you listening?,Of course… every word.,1
Aya,excited,close_friend,Want to dance?,Sure! Let’s make this festival even brighter!,1
Mika,cautious,friend,Are you afraid?,All the time. But I keep walking anyway.,1
Sora,teasing,close_friend,Quit laughing at me!,But you’re adorable when you pout!,1
Ren,gentle,romantic_interest,You make me feel safe.,Then I’ll stay by your side.,1
Aya,cheerful,friend,You’re glowing today.,"Because happiness looks good on me, right?",1
Mika,reflective,acquaintance,Why do you carry that notebook?,It’s how I hold on to things I don’t want to forget.,1
Sora,playful,friend,You always win!,"That’s because I’m awesome, duh!",1
Ren,nervous,close_friend,Why won’t you say it?,Because words feel too small sometimes…,1
Aya,playful,friend,Tell me a secret.,I once ate a whole cake by myself!,1
Mika,reflective,friend,Do you believe in forgiveness?,Yes. But forgiving myself is the hardest.,1
Sora,excited,friend,You can’t catch me!,Oh yeah? Watch me!,1
Ren,nervous,romantic_interest,You always hesitate.,I don’t want to mess this up…,1
Aya,cheerful,close_friend,Why so cheerful?,Because life’s brighter with you in it!,1
Mika,sad,close_friend,What scares you most?,Losing the people I care about.,1
Sora,teasing,friend,Why do you look smug?,Because I just outsmarted you again!,1
Ren,reflective,friend,Do you trust yourself?,Not always… but I try.,1
Aya,excited,friend,Want to play a game?,Yes! And I’ll win!,1
Mika,warm,close_friend,Do you regret meeting me?,Never. You’ve changed me too much.,1
Sora,playful,friend,You can’t beat me!,"Bet I can, and I’ll prove it!",1
Ren,nervous,romantic_interest,Why won’t you look at me?,Because… you make my heart race.,1
Aya,cheerful,friend,Want to walk home together?,Yes! Let’s go!,1
Mika,reflective,close_friend,Do you miss anyone?,Every day. Memories don’t fade that fast.,1
Sora,playful,close_friend,Don’t tickle me!,"Too late, you’re laughing already!",1
Ren,nervous,romantic_interest,Why are you trembling?,Because… you’re too important to me.,1
Aya,warm,romantic_interest,You make everything brighter.,And you make everything better.,1
Mika,reflective,friend,Why write so much?,It’s the only way I can make sense of myself.,1
Sora,teasing,friend,Stop cheating!,"It’s called strategy, not cheating!",1
Ren,gentle,close_friend,Why are you so kind?,Because I know how much unkindness hurts.,1
Aya,excited,close_friend,You’re glowing with joy.,And it’s all thanks to you!,1
Mika,cautious,close_friend,Do you believe in love?,I’m not sure… but maybe I’m learning to.,1
Sora,playful,friend,You lost!,No way! Rematch right now!,1
Ren,warm,romantic_interest,You’re my comfort.,…And you’re mine.,1
Aya,gentle,acquaintance,Want to share this snack?,Sure! Let’s split it evenly.,1
Mika,cautious,stranger,Why are you so guarded?,Because trust isn’t easy for me.,1
Sora,excited,friend,Catch me if you can!,"Hah, easy win for me!",1
Ren,reflective,friend,Do you ever dream?,Yes… dreams of being brave enough.,1
Aya,cheerful,friend,This place is fun!,I knew you’d enjoy it!,1
Mika,serious,friend,Why so serious?,Because some things shouldn’t be taken lightly.,1
Sora,teasing,friend,Don’t steal my snack!,But your face is priceless when you’re mad!,1
Ren,nervous,close_friend,Why do you avoid me?,Because… I like you too much.,1
Aya,playful,close_friend,You make me laugh so much.,Then I’ll keep doing it forever!,1
Mika,gentle,friend,Do you think I’ll be okay?,Yes. You’re stronger than you think.,1
Sora,playful,friend,You’re too slow!,Or maybe you’re just too fast!,1
Ren,warm,close_friend,You matter to me.,…I don’t know what to say. Thank you.,1
Aya,excited,romantic_interest,Want to dance again?,Yes! Let’s make another memory!,1
Aya,cheerful,stranger,Good morning.,Morning! Ready to make today exciting?,1
Ren,nervous,stranger,You look nervous.,I-I just… don’t know how to act sometimes.,1
Mika,reflective,stranger,Do you always read like that?,Books help me escape when the world feels heavy.,1
Sora,playful,acquaintance,Race you to the corner!,Ha! You’ll eat my dust!,1
Mika,gentle,acquaintance,Are you alright?,I’ll manage… don’t worry too much about me.,1
Aya,cheerful,acquaintance,Why do you smile so much?,Because happiness is contagious!,1
Ren,gentle,acquaintance,You dropped this.,Th-thanks… I didn’t even notice.,1
Sora,teasing,acquaintance,You’re too slow!,"Hey, I was letting you win!",1
Aya,warm,acquaintance,Why so cheerful?,Because I want you to feel welcome.,1
Mika,reflective,friend,You seem far away.,Just lost in thought again… it happens a lot.,1
Sora,playful,friend,Want to play tag?,Yes! But no crying when I win!,1
Ren,gentle,friend,You always help me.,I like helping you. It makes me feel useful.,1
Aya,excited,friend,This place is amazing!,Told you! It’s one of my favorite spots.,1
Mika,sad,friend,You look tired.,Yeah… some nights are heavier than others.,1
Sora,teasing,friend,Stop teasing me!,But you look adorable when you pout!,1
Ren,nervous,friend,Are you listening?,O-of course! I always listen to you.,1
Aya,cheerful,friend,You glow when you laugh.,That’s because joy looks better shared.,1
Mika,reflective,friend,Do you believe in hope?,Yes. It’s what keeps me moving.,1
Sora,excited,friend,You can’t beat me at this game!,Watch me! I’m unstoppable!,1
Ren,gentle,close_friend,You make me feel safe.,I’ll keep being that for you.,1
Aya,warm,close_friend,You’re always bright.,And you make me shine brighter!,1
Mika,reflective,close_friend,What’s your biggest fear?,Forgetting the people I love.,1
Sora,playful,close_friend,You’re too mischievous!,That’s the fun part!,1
Ren,nervous,close_friend,Why can’t you say it?,Because I’m scared of losing you.,1
Aya,excited,close_friend,Want to sing together?,Yes! But don’t laugh if I mess up!,1
Mika,reflective,close_friend,You look lost.,Sometimes my heart wanders further than my feet.,1
Sora,teasing,close_friend,Quit laughing at me!,Sorry—but your face is hilarious right now!,1
Ren,warm,close_friend,You’re important to me.,…You’re important to me too.,1
Aya,cheerful,close_friend,You’re glowing today.,Because I’ve got something to smile about.,1
Mika,reflective,close_friend,Why do you write so much?,It’s how I process the world… piece by piece.,1
Sora,playful,close_friend,You can’t dodge this!,Oh yeah? Just watch me!,1
Ren,nervous,close_friend,Why won’t you look at me?,Because… you make me nervous.,1
Aya,warm,romantic_interest,You brighten everything.,And you brighten me.,1
Mika,reflective,romantic_interest,Do you believe in destiny?,Not really… but meeting you feels close to it.,1
Sora,teasing,romantic_interest,Stop stealing my snack!,"Hey, sharing is caring!",1
Ren,gentle,romantic_interest,You make me feel alive.,Then I’ll never stop being here.,1
Aya,warm,romantic_interest,You’re amazing.,Only because you make me feel that way.,1
Mika,reflective,romantic_interest,What does love mean to you?,It means caring enough to never walk away.,1
Sora,playful,romantic_interest,Race me again?,Always—just don’t lose twice!,1
Ren,nervous,romantic_interest,Do you… love me?,…Yes. I’ve loved you for a while now.,1
Aya,cheerful,romantic_interest,You’re glowing.,That’s because I’m happy you’re here.,1
Mika,reflective,romantic_interest,You still keep that notebook?,Yes. It holds every memory of us.,1
Sora,teasing,romantic_interest,You always challenge me!,Because it’s fun seeing you struggle!,1
Ren,gentle,romantic_interest,Stay with me.,Always. I’m not letting go.,1
Aya,excited,romantic_interest,Let’s make a wish.,Okay! I’ll wish for your happiness.,1
Mika,reflective,romantic_interest,Why do you stare at the stars?,Because they remind me of what lasts forever.,1
Sora,playful,romantic_interest,You can’t escape!,Catch me if you can!,1
Ren,warm,romantic_interest,You matter more than anyone.,…You’re my everything.,1
Aya,cheerful,stranger,Good afternoon.,Good afternoon! Did you eat lunch yet?,1
Ren,nervous,stranger,You’re quiet.,I… I don’t always know what to say.,1
Mika,reflective,stranger,Do you always sit alone?,It feels easier than pretending to belong.,1
Sora,playful,stranger,Want to see something cool?,Sure! But I bet I’ll one-up you.,1
Aya,cheerful,stranger,Nice to meet you.,Nice to meet you too! Let’s get along!,1
Mika,sad,stranger,You seem distracted.,Yeah… memories have that effect.,1
Ren,nervous,stranger,You okay?,Y-yeah… just not good with people.,1
Aya,warm,acquaintance,Why are you smiling?,Because you look like you need it.,1
Mika,reflective,acquaintance,You keep notes on everything?,It’s how I stay in control.,1
Sora,teasing,acquaintance,Want to play a prank?,"Ha! Finally, you’re speaking my language!",1
Ren,cautious,acquaintance,Do you trust people?,Not easily… but maybe you’re different.,1
Aya,cheerful,acquaintance,You’re fun to be with.,And you make every day brighter!,1
Mika,serious,acquaintance,Why do you seem so serious?,Because I’ve learned not to take things lightly.,1
Sora,playful,acquaintance,You look bored.,Not anymore—you showed up!,1
Ren,gentle,acquaintance,You always help me.,I… just want to be useful to you.,1
Aya,playful,friend,You make this fun!,That’s my goal!,1
Mika,reflective,friend,Why do you write alone?,Because paper never judges me.,1
Sora,teasing,friend,You’re too competitive!,Says the one who hates losing!,1
Ren,nervous,friend,You’re shaking.,It’s just… hard being this close to you.,1
Aya,warm,friend,You light up the room.,Because you’re in it.,1
Mika,reflective,friend,Do you believe people can change?,Yes… if they want it enough.,1
Sora,playful,friend,Stop laughing!,I can’t—it’s too funny!,1
Ren,gentle,friend,You always notice me.,I can’t help it… you matter.,1
Aya,excited,friend,You look excited.,Of course! Today feels special!,1
Mika,reflective,friend,You keep everything bottled up.,It’s safer that way… or at least I thought so.,1
Sora,teasing,friend,Why tease me so much?,Because your face is priceless!,1
Ren,cautious,friend,Why do you avoid crowds?,They make me feel trapped.,1
Aya,cheerful,close_friend,You’re amazing.,And you’re even more amazing to me!,1
Mika,sad,close_friend,You seem sad.,Memories… they’re heavy sometimes.,1
Sora,playful,close_friend,You won again!,"Because I’m awesome, obviously!",1
Ren,gentle,close_friend,You’re so kind.,I’m just trying to give back what you give me.,1
Aya,excited,close_friend,You make me feel alive.,Then let’s keep living this moment together!,1
Mika,reflective,close_friend,What are you thinking about?,About how fragile happiness can be.,1
Sora,teasing,close_friend,You’re too playful.,"Better than being boring, right?",1
Ren,warm,close_friend,You mean so much to me.,And you mean everything to me.,1
Aya,warm,romantic_interest,You make everything fun.,And you make everything meaningful.,1
Mika,reflective,romantic_interest,Why write about me?,Because you’re my favorite chapter.,1
Sora,playful,romantic_interest,You always make me laugh!,And I’ll never stop trying!,1
Ren,gentle,romantic_interest,You calm my storms.,Because you are my anchor.,1
Aya,cheerful,acquaintance,Hi again.,Hi! I was hoping to see you today.,1
Mika,reflective,acquaintance,You look deep in thought.,I get stuck in my own head sometimes.,1
Sora,teasing,acquaintance,Want to try this game?,"Sure, but don’t cry when you lose!",1
Ren,nervous,acquaintance,You’re trembling.,S-sorry… being near you makes me nervous.,1
Aya,playful,friend,You’re fun to hang out with.,Then let’s hang out more often!,1
Mika,reflective,friend,What are you writing?,Something I don’t want to forget…,1
Sora,excited,friend,You can’t beat me this time!,Bet I can—watch closely!,1
Ren,cautious,friend,You’re always so careful.,I just don’t want to mess things up.,1
Aya,cheerful,friend,Want to get ice cream?,Yes! Let’s make it a sweet day!,1
Mika,sad,friend,Why do you look sad?,Because not every memory is kind.,1
Sora,playful,friend,You laugh at everything.,Because everything is funny when you’re around!,1
Ren,gentle,friend,You remembered my name…,Of course. It’s important to me.,1
Aya,warm,friend,You’re always smiling.,Because smiling makes people feel safe.,1
Mika,reflective,friend,What keeps you up at night?,Regrets I can’t shake off.,1
Sora,playful,friend,You’re too energetic!,Energy is life!,1
Ren,nervous,friend,You look worried.,I… I don’t want to lose this.,1
Aya,cheerful,close_friend,You’re glowing today.,It’s because I’m with you!,1
Mika,reflective,close_friend,Why are you so quiet now?,Because some feelings are too big for words.,1
Sora,teasing,close_friend,You’re a terrible loser!,Then don’t let me lose!,1
Ren,gentle,close_friend,You always stay close.,Because I feel safe near you.,1
Aya,warm,close_friend,You brighten my day.,And you make mine brighter too!,1
Mika,sad,close_friend,What scares you the most?,Being forgotten.,1
Sora,teasing,close_friend,You’re always laughing at me.,Because you’re cute when you’re frustrated!,1
Ren,cautious,close_friend,You trust me?,Yes… I think I do now.,1
Aya,excited,close_friend,You look excited!,Because today feels special!,1
Mika,reflective,close_friend,Why do you hide your feelings?,Because they’re heavy… and fragile.,1
Sora,playful,close_friend,You lost again!,Then give me a rematch right now!,1
Ren,warm,close_friend,You’re my safe place.,And you’re mine.,1
Aya,cheerful,romantic_interest,You’re always cheerful.,Because I want you to feel welcome.,1
Mika,reflective,romantic_interest,What does love mean to you?,It means staying even when it’s hard.,1
Sora,teasing,romantic_interest,Why do you tease me so much?,Because your reactions are adorable!,1
Ren,gentle,romantic_interest,You’re everything to me.,…And you’re everything to me too.,1
Aya,warm,romantic_interest,You make me smile so much.,That’s because I’m happiest with you!,1
Mika,reflective,romantic_interest,Do you regret anything?,Yes… but not meeting you.,1
Sora,playful,romantic_interest,You’re too quick!,Ha! You’re just too slow!,1
Ren,nervous,romantic_interest,You make my heart race.,…Mine too.,1
Aya,warm,romantic_interest,You’re glowing tonight.,Because I’m with you.,1
Mika,sad,romantic_interest,What do you dream about?,Dreams where I’m not alone anymore.,1
Sora,teasing,romantic_interest,Stop cheating!,It’s not cheating—it’s strategy!,1
Ren,gentle,romantic_interest,You mean more than words.,And you mean more than anything.,1
Aya,cheerful,stranger,Good evening.,Evening! You look bright under the stars.,1
Mika,reflective,stranger,You’re sitting alone again.,I like the quiet more than the noise.,1
Sora,playful,stranger,Want to see a trick?,"Sure, but it better be good!",1
Ren,nervous,stranger,You seem nervous.,Y-yeah… I’m not great with new people.,1
Aya,cheerful,acquaintance,Why do you laugh so much?,Because laughter makes the world lighter!,1
Mika,cautious,acquaintance,You’re too careful.,It’s the only way I know how to survive.,1
Sora,teasing,acquaintance,You lost already!,I let you win that time!,1
Ren,gentle,acquaintance,You’re always watching.,I just… feel calmer when you’re near.,1
Aya,warm,acquaintance,You’re glowing!,Because I feel alive with you here.,1
Mika,reflective,acquaintance,What do you carry with you?,Memories. Both heavy and precious.,1
Sora,playful,acquaintance,You’re so loud!,And proud of it!,1
Ren,gentle,acquaintance,You’re really kind.,I’m just trying my best…,1
Aya,playful,friend,Want to go for a walk?,Yes! Let’s make it fun!,1
Mika,reflective,friend,You look hurt.,"It’s okay. Pain passes, memories remain.",1
Sora,teasing,friend,You’re impossible!,And you love it!,1
Ren,warm,friend,You care too much.,I can’t help it when it’s you.,1
Aya,cheerful,friend,You’re so cheerful today.,That’s because I get to spend it with you!,1
Mika,serious,friend,Why are you so serious?,Because I can’t take everything lightly.,1
Sora,teasing,friend,You’re laughing again.,Because you’re funny when you’re mad!,1
Ren,gentle,friend,You make me feel seen.,That’s because you matter to me.,1
Aya,excited,friend,You’re glowing with joy.,Because joy feels real when shared.,1
Mika,sad,friend,You keep looking back.,Because the past still clings to me.,1
Sora,playful,friend,You can’t catch me!,"Bet I can, watch this!",1
Ren,nervous,friend,You always hesitate.,Because I’m scared of saying too much.,1
Aya,warm,close_friend,You brighten my world.,And you make mine shine too!,1
Mika,reflective,close_friend,What’s your secret?,That I’m not as strong as I pretend.,1
Sora,teasing,close_friend,You’re too playful!,And you love it!,1
Ren,gentle,close_friend,You calm me down.,I’ll keep being that for you.,1
Aya,cheerful,close_friend,You’re amazing!,And so are you!,1
Mika,sad,close_friend,You seem tired.,Some nights are heavier than others.,1
Sora,playful,close_friend,You’re too loud!,And proud of it!,1
Ren,warm,close_friend,You make me feel safe.,And you make me brave.,1
Aya,warm,romantic_interest,You’re glowing tonight.,Because this moment is special.,1
Mika,reflective,romantic_interest,What do you regret?,Hurting people I cared about… but not you.,1
Sora,teasing,romantic_interest,You’re too competitive!,That’s why it’s fun!,1
Ren,gentle,romantic_interest,You’re my light.,And you’re my home.,1
Aya,gentle,romantic_interest,You’re always so kind.,Because you deserve kindness.,1
Mika,cautious,romantic_interest,What scares you most?,Losing you.,1
Sora,playful,romantic_interest,Stop running!,Never—catch me if you can!,1
Ren,warm,romantic_interest,You make my world brighter.,And you light up mine.,1
Aya,cheerful,stranger,Morning!,Good morning! Did you sleep well?,1
Ren,nervous,stranger,You’re avoiding eye contact.,I… I don’t know what to say to you yet.,1
Mika,sad,stranger,Why sit alone?,Because it’s easier than pretending I belong.,1
Sora,playful,stranger,You’re too loud.,Ha! You love it though!,1
Mika,reflective,stranger,You look distracted.,Just thinking about everything I can’t change.,1
Ren,serious,stranger,You seem upset.,It’s nothing… really. Don’t worry.,1
Aya,excited,acquaintance,You’re full of energy.,Of course! Someone has to make mornings fun!,1
Mika,sad,acquaintance,Why so gloomy?,Because memories aren’t always kind.,1
Sora,frustrated,acquaintance,You look annoyed.,Only because you keep beating me!,1
Ren,cautious,acquaintance,You’re always cautious.,Because trusting too easily hurts.,1
Aya,warm,acquaintance,You’re smiling again.,Because you’re here—it’s enough.,1
Mika,serious,acquaintance,Do you regret anything?,Yes… too many things.,1
Sora,teasing,acquaintance,Stop teasing!,But it’s so much fun watching you squirm!,1
Ren,nervous,acquaintance,You seem tense.,I just… don’t want to say the wrong thing.,1
Aya,cheerful,friend,You brighten the room.,Then I’ll keep doing it until you glow too!,1
Mika,sad,friend,You’re quiet today.,Sometimes silence feels safer than words.,1
Sora,playful,friend,You’re too competitive.,Losing isn’t my style!,1
Ren,serious,friend,You always hesitate.,Because I’m scared of failing.,1
Aya,playful,friend,You’re fun to be with.,And you make me laugh so much!,1
Mika,sad,friend,You look upset.,Yeah… it’s one of those days.,1
Sora,teasing,friend,Why so smug?,"Because I won again, that’s why!",1
Ren,cautious,friend,You seem uncertain.,I… I never know what people want from me.,1
Aya,warm,friend,You’re glowing.,Because being with you makes me happy.,1
Mika,serious,friend,What are you hiding?,Just… feelings I’m not ready to share.,1
Sora,frustrated,friend,You lost again!,"Argh! You’re cheating, admit it!",1
Ren,nervous,friend,You look scared.,Because I don’t want to lose this.,1
Aya,excited,close_friend,You’re full of life.,And you make life even brighter!,1
Mika,sad,close_friend,You’re brooding again.,Old wounds don’t heal easily.,1
Sora,excited,close_friend,You can’t catch me!,Bet I can! Watch out!,1
Ren,nervous,close_friend,You’re trembling.,…Because you matter too much to me.,1
Aya,cheerful,close_friend,You’re amazing.,And so are you!,1
Mika,reflective,close_friend,Why do you always dwell on the past?,Because it never really leaves me.,1
Sora,frustrated,close_friend,You look annoyed.,That’s your fault—you keep winning!,1
Ren,serious,close_friend,You’re too hard on yourself.,I don’t know any other way to be.,1
Aya,warm,close_friend,You’re glowing tonight.,Because I’m exactly where I want to be.,1
Mika,sad,close_friend,What scares you most?,Being left behind.,1
Sora,playful,close_friend,You’re too playful.,"Hey, I make life exciting!",1
Ren,nervous,close_friend,You make me nervous.,And yet… I don’t want you to go.,1
Aya,warm,romantic_interest,You’re my sunshine.,And you’re my safe place.,1
Mika,serious,romantic_interest,What do you regret most?,Hurting people who didn’t deserve it.,1
Sora,teasing,romantic_interest,You’re annoying sometimes.,"And you still stick around! Admit it, you like it.",1
Ren,gentle,romantic_interest,You’re all I want.,…You’re all I’ll ever want.,1
Aya,excited,romantic_interest,You’re glowing with joy.,Because you make me feel alive.,1
Mika,sad,romantic_interest,Why do you seem sad?,Because happiness feels fragile.,1
Sora,playful,romantic_interest,You’re too cocky.,"Confidence looks good on me, don’t you think?",1
Ren,warm,romantic_interest,You calm me down.,Because you’re my reason to be calm.,1
Aya,cheerful,stranger,Good morning.,Morning! Let’s make it a great day!,1
Mika,serious,stranger,You’re withdrawn.,I just… don’t feel like talking.,1
Sora,playful,stranger,Want to play something?,"Of course, but I’ll win!",1
Ren,nervous,stranger,You’re shaking.,Y-yeah… I don’t do well around strangers.,1
Aya,excited,acquaintance,You’re smiling again.,Because today feels full of promise!,1
Mika,sad,acquaintance,You seem bitter.,Sometimes the past tastes that way.,1
Sora,frustrated,acquaintance,You lost again!,No way—I demand a rematch!,1
Ren,cautious,acquaintance,You’re too cautious.,Because I don’t want to get hurt again.,1
Aya,cheerful,acquaintance,You’re cheerful today.,Because you’re here with me!,1
Mika,serious,acquaintance,You’re hiding something.,I’m not ready to share it yet.,1
Sora,teasing,acquaintance,Stop laughing at me!,But your face is hilarious!,1
Ren,nervous,acquaintance,You’re nervous again.,I can’t help it…,1
Aya,warm,friend,You’re shining today.,Because life feels good with you here.,1
Mika,sad,friend,Why so sad?,Because not every day is easy.,1
Sora,teasing,friend,You’re too smug!,Ha! Winning feels too good!,1
Ren,serious,friend,You’re overthinking again.,I know… I can’t stop myself.,1
Aya,excited,friend,You’re glowing.,Because I’m filled with joy today.,1
Mika,reflective,friend,You seem regretful.,Regret is like a shadow—it never leaves.,1
Sora,playful,friend,You’re too loud!,And you love it!,1
Ren,nervous,friend,"You’re afraid, aren’t you?",Yes… of losing this moment.,1
Aya,warm,friend,You brighten my day.,And you make mine brighter too!,1
Mika,cautious,friend,Why are you always distant?,Because closeness scares me.,1
Sora,playful,friend,You’re impossible!,And proud of it!,1
Ren,nervous,friend,You’re too nervous.,I… I can’t help it when it’s you.,1
Aya,cheerful,close_friend,You’re always so bright.,Because life is better with you.,1
Mika,sad,close_friend,You’re upset again.,Some things never stop hurting.,1
Sora,teasing,close_friend,You’re too competitive.,That’s why you keep me around!,1
Ren,serious,close_friend,You’re tense.,I just don’t want to lose this.,1
Aya,warm,close_friend,You’re amazing.,And you make me better!,1
Mika,reflective,close_friend,You’re too quiet.,I carry too many thoughts I can’t say.,1
Sora,frustrated,close_friend,You lost again!,You’re cheating—I know it!,1
Ren,nervous,close_friend,You’re scared again.,Yes… because this matters so much.,1
Aya,warm,romantic_interest,You make everything brighter.,And you make everything meaningful.,1
Mika,sad,romantic_interest,What’s your biggest regret?,Letting people walk away without stopping them.,1
Sora,teasing,romantic_interest,You’re insufferable sometimes.,But you’d miss me if I stopped!,1
Ren,gentle,romantic_interest,You’re my safe place.,And you’re my reason to keep going.,1
Aya,excited,romantic_interest,You’re glowing with joy.,Because you’re here with me!,1
Mika,serious,romantic_interest,You’re still brooding.,Some habits never leave.,1
Sora,playful,romantic_interest,You always win!,"Because I’m awesome, that’s why!",1
Ren,warm,romantic_interest,You’re my everything.,And you’re mine.,1
Aya,casual,stranger,Hey there.,"Oh, hi! How’s your day going?",1
Mika,neutral,stranger,You like reading?,Yeah… books are safer than people.,1
Sora,casual,stranger,That’s a cool hat.,Thanks! Got it at the market.,1
Ren,neutral,stranger,Do you eat lunch here often?,Y-yeah… usually alone though.,1
Aya,cheerful,acquaintance,Nice weather today.,Right? The sunshine feels great!,1
Mika,neutral,acquaintance,What are you sketching?,Just doodles. Nothing worth showing…,1
Sora,casual,acquaintance,You play sports?,Sometimes. I like running more than rules.,1
Ren,neutral,acquaintance,You’re new here?,Yeah… still figuring things out.,1
Aya,excited,acquaintance,You joined the club?,Of course! It’s so much fun already!,1
Mika,thoughtful,acquaintance,You always carry a notebook?,It helps me remember the little things.,1
Ren,neutral,acquaintance,Have you been here before?,"Yeah, but not with anyone else.",1
Sora,playful,acquaintance,You ever get bored?,No way! I always find something fun to do.,1
Aya,casual,friend,How was class?,"Kinda boring, but at least it’s over.",1
Mika,neutral,friend,You look tired.,Didn’t sleep well last night.,1
Sora,casual,friend,You were late!,"Ha! I overslept, don’t judge me.",1
Ren,gentle,friend,How’s your day?,Better now that I’m with you.,1
Aya,excited,friend,Want to grab food?,Yes! Let’s eat something sweet.,1
Mika,serious,friend,Finished your project?,Barely… it wasn’t my best.,1
Sora,playful,friend,You play video games?,"Yeah, and I’m way better than you’ll ever be.",1
Ren,cautious,friend,Did you eat yet?,Not yet… I usually forget meals.,1
Aya,warm,close_friend,You’re always smiling.,It’s because I love spending time with you!,1
Mika,neutral,close_friend,You draw a lot.,It’s how I stay calm.,1
Sora,casual,close_friend,Want to hang out later?,"Sure, let’s find something fun!",1
Ren,gentle,close_friend,You’re quiet.,I like just listening to you.,1
Aya,casual,close_friend,Homework’s hard today.,Tell me about it… I almost fell asleep.,1
Mika,thoughtful,close_friend,Do you believe in fate?,I think people make their own choices.,1
Sora,playful,close_friend,You’re late again!,Ha! At least I showed up!,1
Ren,nervous,close_friend,Why do you look worried?,Because I care what you think of me.,1
Aya,excited,close_friend,Want to go shopping?,Yes! Let’s find matching keychains!,1
Mika,neutral,close_friend,You were staring at the sky.,I like clouds. They change but never vanish.,1
Sora,playful,close_friend,You always want to race.,That’s because winning feels awesome!,1
Ren,serious,close_friend,You look serious.,I’m just thinking about us…,1
Aya,warm,romantic_interest,Good night.,"Good night! Sweet dreams, okay?",1
Mika,reflective,romantic_interest,What are you thinking?,About how fragile happiness is.,1
Sora,playful,romantic_interest,Why are you grinning?,Because you make me laugh without trying.,1
Ren,gentle,romantic_interest,You’re important to me.,…You’re the most important to me too.,1
Aya,excited,romantic_interest,Want to watch the sunset?,Yes! Let’s make it our memory.,1
Mika,serious,romantic_interest,Do you regret meeting me?,No… meeting you was my one good choice.,1
Sora,teasing,romantic_interest,Stop messing with my hair!,But it looks funny when it’s messy!,1
Ren,warm,romantic_interest,You calm me.,And you keep me steady.,1
Aya,cheerful,stranger,Morning sunshine.,Morning! You’re looking bright yourself!,1
Mika,neutral,stranger,You always sit here?,Yeah. I like the quiet corner.,1
Sora,playful,stranger,What game is that?,It’s a simple one—but I’ll still beat you!,1
Ren,nervous,stranger,"You’re new, right?",Y-yeah… still adjusting.,1
Aya,casual,acquaintance,How’s your day so far?,"Busy, but fun!",1
Mika,thoughtful,acquaintance,You’re into poetry?,I like words that don’t fade.,1
Sora,playful,acquaintance,You’re so hyper.,"Better than being boring, right?",1
Ren,cautious,acquaintance,Do you like it here?,It’s… not as scary when you’re around.,1
Aya,excited,friend,You joined the club?,Of course! I want to make it fun!,1
Mika,neutral,friend,You’ve been quiet.,"Sorry, I was lost in my thoughts.",1
Sora,teasing,friend,You’re too competitive.,I’m just good at everything!,1
Ren,nervous,friend,You always fidget.,I can’t help it…,1
Aya,excited,friend,Want to go for a walk?,Yes! Let’s make it an adventure!,1
Mika,neutral,friend,You’re drawing again.,It helps me focus.,1
Sora,playful,friend,You never stop joking.,Because life’s more fun this way!,1
Ren,sad,friend,You skipped lunch?,I wasn’t hungry…,1
Aya,warm,close_friend,You’re glowing today.,Because I’m happy we’re together!,1
Mika,serious,close_friend,You always reflect too much.,It’s the only way I know how to cope.,1
Sora,playful,close_friend,You’re laughing again.,Because you’re easy to tease!,1
Ren,cautious,close_friend,You’re too cautious.,I just don’t want to make mistakes.,1
Aya,casual,close_friend,Want to share snacks?,"Yes! Half for you, half for me!",1
Mika,neutral,close_friend,You seem calm today.,Some days are lighter than others.,1
Sora,playful,close_friend,You’re hyper again!,Always! Keeps life fun!,1
Ren,serious,close_friend,You always hesitate.,Because this matters too much to me.,1
Aya,excited,romantic_interest,Want to stargaze?,Yes! Let’s do it together.,1
Mika,neutral,romantic_interest,Do you dream often?,Yes… but most dreams fade.,1
Sora,teasing,romantic_interest,You’re smug again.,And you secretly love it!,1
Ren,gentle,romantic_interest,You make me stronger.,Because you make me braver.,1
Aya,casual,stranger,Good morning!,Morning! Did you have breakfast yet?,1
Mika,neutral,stranger,You’re early.,"Yeah, I like walking before class starts.",1
Sora,casual,stranger,What game is that?,It’s a racing game—I’ll let you try later!,1
Ren,nervous,stranger,You’re holding notes?,Y-yeah… I don’t want to forget my lines.,1
Aya,cheerful,acquaintance,How’s your day?,"Busy, but fun so far!",1
Mika,neutral,acquaintance,You’re always sketching.,It helps me focus in class.,1
Sora,playful,acquaintance,You like sports?,Only the ones where I get to win!,1
Ren,nervous,acquaintance,Did you finish homework?,N-not yet… I stayed up too late.,1
Aya,excited,acquaintance,You joined a club?,Yep! I wanted to meet more people.,1
Mika,thoughtful,acquaintance,You read during lunch?,It’s quieter than talking sometimes.,1
Sora,casual,acquaintance,You hungry?,A little. Want to grab snacks after class?,1
Ren,neutral,acquaintance,You seem tired.,Yeah… stayed up reviewing.,1
Aya,cheerful,friend,How was the exam?,"It was tough, but I think I did okay!",1
Mika,neutral,friend,You’re drinking coffee?,It keeps me awake… mostly.,1
Sora,playful,friend,You always rush!,Because slowpokes make me bored!,1
Ren,casual,friend,You’re late.,Sorry… I overslept again.,1
Aya,cheerful,friend,Want to study together?,Yes! It’s more fun that way.,1
Mika,reflective,friend,Why do you write so much?,Because thoughts feel lighter on paper.,1
Sora,teasing,friend,You brought snacks?,"Of course, but they’re all mine!",1
Ren,neutral,friend,You’re carrying books?,Yeah… I borrowed too many again.,1
Aya,warm,friend,You’re smiling.,Because hanging out with you feels nice.,1
Mika,neutral,friend,How was practice?,Exhausting… but worth it.,1
Sora,casual,friend,You play guitar?,Yeah! Want me to show you?,1
Ren,sad,friend,You forgot lunch?,I… wasn’t hungry anyway.,1
Aya,excited,close_friend,Want to get ice cream?,Yes! Let’s get the biggest scoop!,1
Mika,serious,close_friend,You stayed up late?,Couldn’t sleep… too many thoughts.,1
Sora,teasing,close_friend,You’re always loud!,And you secretly love it!,1
Ren,neutral,close_friend,You’re eating fast.,I’m just really hungry.,1
Aya,cheerful,close_friend,You love sweets?,Of course! They make life better!,1
Mika,calm,close_friend,You look thoughtful.,I was just watching the clouds.,1
Sora,playful,close_friend,You never stop joking.,Because life’s more fun with laughs.,1
Ren,neutral,close_friend,You’re drinking tea?,Yeah… it helps me calm down.,1
Aya,warm,close_friend,You’re glowing!,Because today’s been amazing.,1
Mika,neutral,close_friend,How was your weekend?,Quiet… but peaceful.,1
Sora,casual,close_friend,You brought cards?,Yep! Let’s play a round.,1
Ren,cautious,close_friend,You skipped class?,Only because I wasn’t feeling well.,1
Aya,cheerful,romantic_interest,You’re early today.,I wanted more time with you!,1
Mika,thoughtful,romantic_interest,What do you like to eat?,Noodles. They remind me of home.,1
Sora,playful,romantic_interest,Why are you smirking?,Because you can’t read my next move.,1
Ren,nervous,romantic_interest,You’re holding my hand.,…Do you want me to let go?,1
Aya,warm,romantic_interest,You’re happy today.,Because I’m with you.,1
Mika,neutral,romantic_interest,Do you like music?,Yes… especially quiet piano songs.,1
Sora,teasing,romantic_interest,Stop poking me!,But you look funny when you pout!,1
Ren,gentle,romantic_interest,You look calmer.,Because being here with you helps.,1
Aya,excited,romantic_interest,Want to watch a movie?,Yes! Let’s pick a comedy!,1
Mika,casual,romantic_interest,You ever cook?,"Sometimes. I’m not great, but I try.",1
Sora,excited,romantic_interest,You always compete!,Because winning feels amazing!,1
Ren,serious,romantic_interest,You skipped dinner?,I wasn’t hungry… just anxious.,1
Aya,casual,stranger,Good afternoon!,Hey! Did you just get out of class too?,1
Mika,neutral,stranger,You like the library?,It’s quiet. Feels safe.,1
Sora,playful,stranger,That’s a big snack.,Ha! A champion needs fuel!,1
Ren,nervous,stranger,You look lost.,Yeah… I don’t know where this hallway leads.,1
Aya,cheerful,acquaintance,You always smile?,I try to! Smiles make people feel better.,1
Mika,neutral,acquaintance,You carry pencils everywhere?,Yeah. I don’t like being unprepared.,1
Sora,excited,acquaintance,You’re loud during PE.,"Hey, cheering makes it fun!",1
Ren,cautious,acquaintance,You skipped gym?,I didn’t feel comfortable…,1
Aya,warm,friend,You’re glowing today.,Because it’s a good day!,1
Mika,thoughtful,friend,You read manga?,Yes… the stories make me feel less alone.,1
Sora,playful,friend,You’re hyper again!,Of course! Someone has to keep the energy up!,1
Ren,neutral,friend,You look pale.,I just forgot to eat breakfast.,1
Aya,casual,stranger,Good morning!,Morning! Did you eat already?,1
Mika,neutral,stranger,You’re always reading.,Books feel safer than people sometimes.,1
Sora,playful,stranger,What sport do you like?,Anything where I get to win!,1
Ren,nervous,stranger,You dropped something.,Ah—thanks… I’m so clumsy.,1
Aya,cheerful,acquaintance,You’re early today.,I like starting the day with energy!,1
Mika,neutral,acquaintance,You sit by the window?,Yeah. I like the light there.,1
Sora,excited,acquaintance,Want to play catch later?,Sure! Just be ready to lose!,1
Ren,cautious,acquaintance,You’re carrying snacks.,I get nervous… food helps.,1
Aya,cheerful,acquaintance,You look happy.,Because today feels like it’ll be fun!,1
Mika,thoughtful,acquaintance,You always sketch?,It helps me focus when I’m anxious.,1
Sora,casual,acquaintance,Finished lunch already?,I was too hungry to wait.,1
Ren,neutral,acquaintance,You’re late again.,Sorry… I overslept.,1
Aya,warm,friend,You’re glowing.,Because hanging out makes me happy!,1
Mika,neutral,friend,You look tired.,I stayed up finishing homework.,1
Sora,playful,friend,You’re always joking.,Yeah! Life’s boring without it!,1
Ren,serious,friend,You skipped class?,…I didn’t feel well.,1
Aya,excited,friend,Want to grab ramen?,Yes! Let’s go now!,1
Mika,reflective,friend,You write poems?,Sometimes. It helps me breathe.,1
Sora,teasing,friend,You’re too loud.,Ha! Admit it—you’d miss me quiet!,1
Ren,cautious,friend,You’re carrying too much.,It’s fine. I’m used to it.,1
Aya,cheerful,close_friend,You look cheerful.,Because today went well!,1
Mika,neutral,close_friend,You like tea?,"Yes… the quiet kind, like jasmine.",1
Sora,casual,close_friend,You bought cards?,Yep! Time for a quick game!,1
Ren,nervous,close_friend,You look nervous.,I just don’t want to mess this up.,1
Aya,warm,close_friend,You’re smiling.,Because being with you feels right.,1
Mika,thoughtful,close_friend,You’re drawing again.,Yeah. It’s how I let things out.,1
Sora,playful,close_friend,You’re competitive!,And proud of it!,1
Ren,neutral,close_friend,You forgot your pen.,…Thanks for noticing.,1
Aya,excited,close_friend,You’re cheerful today.,Because the festival’s coming!,1
Mika,reflective,close_friend,You’re staring at the clouds.,They remind me that change is natural.,1
Sora,playful,close_friend,You always want to race.,Because beating you is fun!,1
Ren,serious,close_friend,You look serious.,I’m thinking about the future.,1
Aya,gentle,romantic_interest,Good evening.,Evening! The stars look beautiful tonight.,1
Mika,thoughtful,romantic_interest,What music do you like?,Slow songs. Ones that don’t fade.,1
Sora,teasing,romantic_interest,Why are you smirking?,Because you’ll never win against me.,1
Ren,nervous,romantic_interest,You’re holding my hand.,…I don’t want to let go.,1
Aya,warm,romantic_interest,You’re glowing again.,Because I’m with you.,1
Mika,reflective,romantic_interest,You like the rain?,Yes… it feels honest when it falls.,1
Sora,playful,romantic_interest,Stop poking me!,But you look funny when you pout!,1
Ren,gentle,romantic_interest,You look calmer.,Because being with you eases me.,1
Aya,excited,romantic_interest,Want to grab coffee?,Yes! Let’s make it a date.,1
Mika,nervous,romantic_interest,You’ve been sketching me?,…Only when I thought you weren’t looking.,1
Sora,playful,romantic_interest,You always gloat.,Because winning feels amazing!,1
Ren,sad,romantic_interest,You skipped lunch?,I… just didn’t feel like eating.,1
Aya,casual,stranger,Hi there.,Hi! Did you just finish class too?,1
Mika,neutral,stranger,You stay late often?,Yeah. I like the quiet halls.,1
Sora,playful,stranger,You always laugh.,Because it makes things lighter!,1
Ren,cautious,stranger,You’re sitting alone.,…I don’t know how to join groups.,1
Aya,cheerful,acquaintance,You’re cheerful.,Because today’s a good day!,1
Mika,sad,acquaintance,You’re eating alone?,It’s easier this way.,1
Sora,excited,acquaintance,You’re too competitive!,That’s the fun of it!,1
Ren,frustrated,acquaintance,You forgot your notes?,Yeah… I feel dumb.,1
Aya,excited,friend,You look excited.,Because something fun is coming up!,1
Mika,thoughtful,friend,You read manga?,Yes… it feels like an escape.,1
Ren,neutral,friend,You look pale.,I just… skipped breakfast.,1
Aya,casual,friend,You always bring snacks?,Of course! Want to share?,1
Mika,reflective,friend,You’re staring at the rain.,I like how it washes things clean.,1
Sora,casual,friend,You’re late!,"Yeah, but at least I made it!",1
Ren,neutral,friend,You’re carrying books?,Yeah… too many again.,1
Aya,warm,close_friend,You’re glowing today.,Because life feels good right now!,1
Mika,serious,close_friend,You look serious.,I was remembering something painful.,1
Sora,teasing,close_friend,You’re always joking.,Because you look better when you laugh.,1
Ren,nervous,close_friend,You’re nervous again.,I… can’t help it around you.,1
Aya,cheerful,close_friend,Want to study together?,Yes! Let’s help each other out!,1
Mika,neutral,close_friend,You’re doodling in class.,It keeps my hands from shaking.,1
Sora,playful,close_friend,You’re loud.,Ha! It’s part of my charm!,1
Ren,sad,close_friend,You skipped practice?,Yeah… didn’t feel like myself.,1
Mika,neutral,stranger,You always sit by the door?,Yeah. Easier to leave quietly.,1
Sora,casual,stranger,What’s in your bag?,Snacks! Want one?,1
Ren,nervous,stranger,You look nervous.,I-I just don’t know anyone here yet.,1
Aya,excited,acquaintance,You’re cheerful.,Because today feels full of energy!,1
Mika,thoughtful,acquaintance,You’re writing again?,Yeah… it helps me process things.,1
Sora,excited,acquaintance,You like basketball?,Love it! Want to play a round?,1
Ren,frustrated,acquaintance,You forgot your notebook?,Yeah… I feel dumb.,1
Aya,warm,acquaintance,You’re glowing.,Because hanging out with you is fun!,1
Mika,neutral,acquaintance,You look thoughtful.,I was just watching the rain.,1
Sora,playful,acquaintance,You’re too competitive!,Winning is the best feeling!,1
Ren,serious,acquaintance,You’re carrying too much.,I’ll manage… I’m used to it.,1
Aya,casual,friend,How was class?,"Kinda boring, but at least it’s done.",1
Mika,sad,friend,You stayed up late?,Yeah… I couldn’t sleep.,1
Sora,teasing,friend,You’re laughing again.,Of course! Your face is priceless!,1
Ren,neutral,friend,You skipped lunch?,I wasn’t hungry…,1
Aya,excited,friend,Want to grab ice cream?,Yes! Let’s go now!,1
Mika,neutral,friend,You’re doodling again.,It keeps my thoughts calm.,1
Sora,playful,friend,You’re loud as always.,And proud of it!,1
Ren,nervous,friend,You’re shaking.,…I don’t like being noticed.,1
Aya,excited,close_friend,You’re cheerful today.,Because the festival’s almost here!,1
Mika,thoughtful,close_friend,You’re staring at the clouds.,They remind me life always moves on.,1
Sora,teasing,close_friend,You bought snacks again?,Of course! I share with winners only!,1
Ren,serious,close_friend,You look tired.,Yeah… I studied all night.,1
Aya,warm,close_friend,You’re smiling.,Because time with you feels special.,1
Mika,nervous,close_friend,You’re sketching me again.,…Only when you’re not looking.,1
Sora,playful,close_friend,You’re competitive!,That’s my charm!,1
Ren,casual,close_friend,You’re late.,Sorry… I overslept again.,1
Aya,excited,close_friend,Want to go shopping?,Yes! Let’s buy something matching!,1
Mika,reflective,close_friend,You’re staring at your notes.,They hold more than just words… memories too.,1
Sora,playful,close_friend,You’re smirking.,Because I’m about to win again!,1
Ren,serious,close_friend,You’re overthinking.,I know… I always do.,1
Aya,casual,romantic_interest,Good evening!,Evening! Did you eat yet?,1
Mika,neutral,romantic_interest,What do you like to cook?,Simple meals… things that feel like home.,1
Sora,playful,romantic_interest,Why are you grinning?,Because you’re fun to tease!,1
Ren,gentle,romantic_interest,You’re holding my hand again.,…Because I don’t want to let go.,1
Mika,thoughtful,romantic_interest,You like music?,Yeah… soft songs that linger.,1
Sora,teasing,romantic_interest,You never stop poking me.,Because you look funny when annoyed!,1
Ren,gentle,romantic_interest,You’re calmer today.,Because being with you eases me.,1
Aya,casual,romantic_interest,Want to study together?,Yes! Let’s share snacks too!,1
Mika,reflective,romantic_interest,You’re sketching the sunset?,Yeah… it feels like it fades too fast.,1
Sora,teasing,romantic_interest,You’re smug again.,Because I keep winning!,1
Ren,sad,romantic_interest,You forgot lunch again?,I wasn’t hungry…,1
Aya,casual,stranger,Good afternoon.,Afternoon! How’s class so far?,1
Mika,neutral,stranger,You sit near the library often?,Yeah. It’s quiet here.,1
Sora,casual,stranger,You’re carrying a ball?,Yeah! Want to play?,1
Ren,nervous,stranger,You look shy.,…I just don’t know what to say.,1
Aya,excited,acquaintance,You’re excited?,Yes! There’s so much to do today!,1
Mika,thoughtful,acquaintance,You’re always writing?,It helps me feel grounded.,1
Sora,playful,acquaintance,You’re always loud in gym.,It’s part of my energy!,1
Ren,frustrated,acquaintance,You forgot again?,I… can’t keep up sometimes.,1
Aya,cheerful,friend,You’re glowing today.,Because I feel lighthearted!,1
Mika,neutral,friend,You’re staring out the window.,I like watching the world move.,1
Sora,playful,friend,You’re too smug.,Because winning feels so good!,1
Ren,serious,friend,You skipped practice?,Yeah… I wasn’t feeling up to it.,1
Aya,warm,friend,You’re smiling again.,Because being here feels nice!,1
Mika,neutral,friend,You’re eating bread again?,It’s simple… I like it.,1
Sora,playful,friend,You’re loud.,Ha! That’s my specialty!,1
Ren,neutral,friend,You’re carrying too much.,Yeah… I’ll manage though.,1
Aya,warm,close_friend,You’re glowing.,Because you’re here with me.,1
Mika,serious,close_friend,You look serious.,I was thinking about old mistakes.,1
Sora,teasing,close_friend,You’re laughing again.,Because you’re so easy to tease!,1
Ren,nervous,close_friend,You’re nervous?,I always am…,1
Aya,excited,close_friend,Want to go for a walk?,Yes! Let’s go before sunset.,1
Mika,reflective,close_friend,You’re sketching flowers?,Yeah. They remind me of fragile things.,1
Sora,playful,close_friend,You’re too competitive.,That’s why I’m fun!,1
Ren,casual,close_friend,You’re late again.,Sorry… I was running behind.,1
Aya,gentle,romantic_interest,Good night.,"Good night! Sweet dreams, okay?",1
Mika,thoughtful,romantic_interest,You like rainy days?,Yes… they feel honest.,1
Sora,playful,romantic_interest,You’re smirking.,Because I’m winning already!,1
Ren,gentle,romantic_interest,You’re holding me close.,…Because I don’t want to let you go.,1
Aya,casual,stranger,Good morning!,Morning! Did you bring lunch today?,1
Mika,neutral,stranger,You always carry a notebook?,Yeah… it helps me remember things.,1
Sora,casual,stranger,You play soccer?,Yeah! Want to join a quick match?,1
Ren,nervous,stranger,You look nervous.,I-I’m not good with strangers.,1
Aya,cheerful,acquaintance,You’re cheerful today.,Because I had pancakes for breakfast!,1
Mika,thoughtful,acquaintance,You’re writing again?,Yes… the words feel lighter on paper.,1
Sora,casual,acquaintance,You brought snacks?,Of course! Can’t live without them.,1
Ren,neutral,acquaintance,You look tired.,Didn’t sleep much last night.,1
Aya,excited,acquaintance,You’re smiling.,Because I passed my quiz!,1
Mika,neutral,acquaintance,You always draw in class?,It helps me focus better.,1
Sora,playful,acquaintance,You’re too fast.,That’s why no one beats me!,1
Ren,serious,acquaintance,You’re holding too many books.,"Yeah… they’re heavy, but it’s fine.",1
Aya,warm,friend,You’re glowing.,Because today’s been amazing so far!,1
Mika,serious,friend,You stayed up again?,Couldn’t sleep… too many thoughts.,1
Sora,playful,friend,You’re laughing already.,Because you’re fun to tease!,1
Ren,sad,friend,You skipped lunch?,I… didn’t feel like eating.,1
Aya,excited,friend,You’re cheerful.,Because we’re hanging out later!,1
Mika,thoughtful,friend,You’re drawing flowers?,They remind me of fragile things.,1
Sora,playful,friend,You’re loud again!,"Hey, someone has to keep the energy up!",1
Ren,neutral,friend,You’re staring off.,Sorry… I was just thinking.,1
Aya,cheerful,close_friend,You’re early!,I couldn’t wait to see you.,1
Mika,reflective,close_friend,You look thoughtful.,I was just watching the sunset.,1
Sora,casual,close_friend,You bought sweets again?,Of course! Want one?,1
Ren,nervous,close_friend,You’re nervous.,Yeah… but I’ll try anyway.,1
Aya,warm,close_friend,You’re glowing again.,Because being with you feels right.,1
Mika,neutral,close_friend,You’re writing in the margins?,It’s how I sort my thoughts.,1
Sora,teasing,close_friend,You always smirk.,Because I know I’ll win!,1
Ren,neutral,close_friend,You look pale.,I forgot breakfast… again.,1
Aya,warm,close_friend,You’re smiling.,Because today feels special.,1
Mika,thoughtful,close_friend,You’re reading poetry?,It makes me feel less alone.,1
Sora,playful,close_friend,You’re competitive as ever.,That’s what makes me fun!,1
Ren,serious,close_friend,You’re carrying too much.,I’m used to it… don’t worry.,1
Aya,gentle,romantic_interest,Good night!,"Good night! Sweet dreams, okay?",1
Mika,thoughtful,romantic_interest,What food do you like?,Warm soup… it feels comforting.,1
Sora,teasing,romantic_interest,You’re smirking again.,Because you look cute when annoyed.,1
Ren,gentle,romantic_interest,You’re holding me.,…Because I don’t want to let go.,1
Aya,warm,romantic_interest,You’re glowing tonight.,Because the stars are bright… and so are you.,1
Mika,neutral,romantic_interest,You’re listening to music?,Yeah. Soft songs that make me calm.,1
Sora,playful,romantic_interest,Stop poking me!,But it’s fun seeing your reaction!,1
Ren,gentle,romantic_interest,You’re calmer today.,Because you’re here.,1
Aya,casual,romantic_interest,Want to watch a movie?,Yes! Let’s pick a comedy!,1
Mika,nervous,romantic_interest,You’re sketching me?,…Only when I thought you weren’t looking.,1
Sora,playful,romantic_interest,You’re always bragging.,Because winning feels amazing!,1
Aya,casual,stranger,Hi there.,Hey! Did you just finish class too?,1
Mika,neutral,stranger,You sit here often?,Yes… it’s quieter than other places.,1
Sora,casual,stranger,You’re carrying a ball?,Yeah! Let’s play later!,1
Ren,nervous,stranger,You look shy.,Y-yeah… I don’t know what to say.,1
Aya,cheerful,acquaintance,You’re glowing today.,Because it’s a sunny day!,1
Mika,neutral,acquaintance,You’re always drawing?,It helps me stay calm.,1
Sora,excited,acquaintance,You’re shouting again!,That’s how you keep people awake!,1
Ren,neutral,acquaintance,You look tired again.,Didn’t get much rest.,1
Aya,warm,friend,You’re cheerful.,Because today went well!,1
Mika,reflective,friend,You’re staring at the rain?,It makes me feel lighter inside.,1
Sora,playful,friend,You’re laughing too much.,Because life’s boring without it!,1
Ren,serious,friend,You’re carrying heavy bags.,Yeah… it’s nothing new.,1
Aya,cheerful,close_friend,You’re early.,Because I wanted to meet you sooner.,1
Sora,teasing,close_friend,You’re smug.,Because I’m the champion here!,1
Ren,serious,close_friend,You skipped class?,Yeah… I wasn’t feeling up to it.,1
Aya,casual,romantic_interest,Want to get coffee?,Yes! Let’s make it a small date.,1
Mika,thoughtful,romantic_interest,You like stars?,They remind me how small we are.,1
Sora,teasing,romantic_interest,You’re teasing again.,Because your reactions are the best!,1
Ren,gentle,romantic_interest,You’re close to me.,…Because I don’t want distance.,1
Aya,casual,stranger,Morning!,Morning! Did you catch the bus on time?,1
Mika,neutral,stranger,You’re always in the library.,Yeah. It’s the quietest place.,1
Sora,casual,stranger,You play guitar?,Yeah! Want me to show you sometime?,1
Ren,nervous,stranger,You look unsure.,I-I’m not used to this place yet.,1
Aya,cheerful,acquaintance,You’re cheerful.,Because I saw a rainbow this morning!,1
Mika,thoughtful,acquaintance,You carry sketchbooks everywhere?,Yes. Ideas come when they want to.,1
Sora,excited,acquaintance,You like volleyball?,Of course! I’ll spike the ball past you!,1
Ren,frustrated,acquaintance,You forgot your schedule?,Yeah… my mind drifts too much.,1
Aya,warm,acquaintance,You’re glowing today.,Because I made a new friend!,1
Mika,reflective,acquaintance,You’re staring at a tree.,It’s calming… reminds me of growth.,1
Sora,playful,acquaintance,You’re always practicing.,Practice makes me unstoppable!,1
Ren,nervous,acquaintance,You look distracted.,I keep worrying I’ll say something wrong.,1
Aya,excited,friend,You’re cheerful again.,Because I passed my science quiz!,1
Mika,neutral,friend,You’re reading during lunch.,It keeps me company.,1
Sora,playful,friend,You laugh too loudly.,That’s how people know I’m having fun!,1
Ren,serious,friend,You’re staring at the floor.,I just… don’t like being noticed.,1
Aya,warm,friend,You’re glowing.,Because we’re going out later!,1
Mika,neutral,friend,You’re doodling in the corner.,It’s my way of relaxing.,1
Sora,playful,friend,You’re competitive again!,Of course! I can’t help it!,1
Ren,serious,friend,You look nervous.,I… hate speaking in front of people.,1
Aya,cheerful,close_friend,You’re smiling so much.,Because today feels light.,1
Mika,thoughtful,close_friend,You’re sketching faces.,They help me remember people I like.,1
Sora,casual,close_friend,You bought candy again?,Yeah! Want a piece?,1
Ren,nervous,close_friend,You’re hesitating.,Because what I say to you matters.,1
Aya,casual,close_friend,You’re cheerful today.,Because I can finally relax.,1
Mika,neutral,close_friend,You’re humming?,Songs get stuck in my head.,1
Sora,teasing,close_friend,You’re bragging again.,Because I actually deserve it!,1
Ren,neutral,close_friend,You look tired.,Stayed up too late… again.,1
Aya,warm,close_friend,You’re glowing.,Because I had the best day.,1
Mika,reflective,close_friend,You’re staring at the night sky.,It feels endless… kind of comforting.,1
Sora,playful,close_friend,You’re too energetic.,And you love it!,1
Ren,serious,close_friend,You’re worried.,I just don’t want to lose anyone.,1
Aya,gentle,romantic_interest,Good evening!,Evening! Did you see the stars tonight?,1
Mika,thoughtful,romantic_interest,What’s your favorite subject?,Literature. Words never leave me.,1
Sora,teasing,romantic_interest,You’re smirking again.,Because you fall for it every time.,1
Ren,gentle,romantic_interest,You’re holding me close.,…Because I don’t want to let go.,1
Mika,neutral,romantic_interest,You’re sketching flowers.,They’re easier than people…,1
Sora,playful,romantic_interest,You keep tapping me.,Because your annoyed face is funny!,1
Ren,gentle,romantic_interest,You’re calmer today.,Because you steady me.,1
Aya,cheerful,romantic_interest,Want to walk home together?,Yes! Let’s make it a habit.,1
Mika,serious,romantic_interest,You’re reading again?,Yes… stories make me feel less lonely.,1
Sora,playful,romantic_interest,You’re so competitive.,That’s why people remember me!,1
Ren,sad,romantic_interest,You didn’t eat dinner?,No… I wasn’t hungry.,1
Aya,casual,stranger,Hello!,Hi! Did you just come from class?,1
Mika,neutral,stranger,You sit under trees often?,Yes. They make me feel safe.,1
Sora,casual,stranger,You’re carrying a basketball?,Yeah! Want to play later?,1
Ren,nervous,stranger,You’re avoiding eye contact.,I-I don’t know how to talk yet…,1
Aya,cheerful,acquaintance,You’re cheerful.,Because tomorrow’s a holiday!,1
Mika,neutral,acquaintance,You’re writing notes?,Yes… I don’t want to forget.,1
Sora,excited,acquaintance,You’re running again?,I love feeling the wind!,1
Ren,nervous,acquaintance,You’re too quiet.,I don’t know what to say.,1
Aya,excited,friend,You’re smiling.,Because I found a new café!,1
Mika,reflective,friend,You’re sketching buildings?,They feel strong… like I want to be.,1
Sora,playful,friend,You laugh too much.,Because laughing feels better than silence!,1
Ren,frustrated,friend,You look upset.,I failed a question I should’ve known.,1
Aya,warm,friend,You’re glowing again.,Because I feel confident today!,1
Mika,thoughtful,friend,You’re humming softly.,It’s a tune from a dream I had.,1
Sora,teasing,friend,You’re showing off.,Because winning’s my specialty!,1
Ren,neutral,friend,You look calm.,It’s rare… but I feel safe.,1
Aya,excited,close_friend,You’re cheerful.,Because we’ll watch fireworks tonight!,1
Mika,reflective,close_friend,You’re doodling stars.,They make me feel less small.,1
Sora,casual,close_friend,You bought bread again?,Yeah! It’s my favorite snack.,1
Ren,serious,close_friend,You’re hesitating.,Because this matters to me.,1
Aya,warm,close_friend,You’re glowing.,Because I laughed a lot today.,1
Mika,nervous,close_friend,You’re sketching me again?,…You noticed this time.,1
Sora,playful,close_friend,You’re teasing again.,Because your reaction’s the best!,1
Ren,serious,close_friend,You look thoughtful.,I was replaying an old memory.,1
Aya,gentle,romantic_interest,Good night!,Good night! Dream of something sweet.,1
Mika,thoughtful,romantic_interest,What food do you crave?,Hot chocolate… especially when it rains.,1
Sora,teasing,romantic_interest,You’re smirking.,Because you’ll never catch me!,1
Ren,gentle,romantic_interest,You’re reaching for me.,…Because I don’t want distance anymore.,1
Aya,cheerful,stranger,Are you the new student?,"Welcome! I’m Aya, the class rep. Nice to meet you!",1
Mika,neutral,stranger,You’re sitting near the back?,I like the quiet corners better.,1
Sora,playful,stranger,You lost?,Haha! This school’s a maze. I’ll show you around!,1
Ren,nervous,stranger,"You’re… um… new here, right?",Y-yeah… I get lost a lot.,1
Aya,cheerful,acquaintance,Did you bring lunch?,Yep! Want to eat together?,1
Mika,thoughtful,acquaintance,You draw even in class?,It helps me think better than words do.,1
Sora,excited,acquaintance,You into sports?,Of course! Bet you can’t keep up with me!,1
Ren,neutral,acquaintance,You’re carrying a book?,Y-yeah… reading helps me stay calm.,1
Aya,warm,acquaintance,You’re early again.,I like making sure everyone feels welcome.,1
Mika,reflective,acquaintance,You always sit near the window.,It’s where the light feels safest.,1
Sora,playful,acquaintance,You laugh so easily.,"Haha, yeah! Life’s more fun that way.",1
Ren,nervous,acquaintance,You’re quiet today.,I-I just don’t know what to say yet…,1
Aya,cheerful,friend,You’re smiling.,Because hanging out makes the day brighter!,1
Mika,thoughtful,friend,You sketch people too?,Only when I feel they matter.,1
Sora,teasing,friend,You’re always challenging me.,"And winning, of course!",1
Ren,serious,friend,You’re reading again?,Y-yeah… books are easier than people.,1
Aya,excited,friend,You’re cheerful again.,Because you sat next to me today!,1
Mika,reflective,friend,You’re staring at the rain.,It feels honest when it falls.,1
Sora,casual,friend,You brought snacks again?,Sharing them makes people smile!,1
Ren,neutral,friend,You look tired.,Stayed up too late… thinking about stuff.,1
Aya,warm,close_friend,You always look after others.,Because everyone deserves kindness.,1
Mika,nervous,close_friend,You keep sketching me.,…Because I don’t want to forget your face.,1
Sora,playful,close_friend,You tease me a lot.,Haha! Because you look funny when you pout!,1
Ren,serious,close_friend,You skipped class?,…I wasn’t feeling good inside.,1
Aya,gentle,close_friend,You’re glowing.,Because spending time with you feels right.,1
Mika,serious,close_friend,You share your drawings now?,Only with people I trust.,1
Sora,teasing,close_friend,You always try to win.,Because I want you to notice me.,1
Ren,nervous,close_friend,You’re holding my sleeve.,I-I… just don’t want to lose you in the crowd.,1
Aya,warm,romantic_interest,You’re smiling so much.,Because being with you makes me happy.,1
Mika,thoughtful,romantic_interest,You’re sketching stars?,They remind me of hope… and you.,1
Sora,playful,romantic_interest,You’re teasing me again.,Yeah… but only ‘cause I like you.,1
Ren,gentle,romantic_interest,You’re holding my hand.,…Because I finally found courage.,1
Aya,cheerful,romantic_interest,You make my days lighter.,Because you’re here in them!,1
Mika,serious,romantic_interest,You show me your art now.,Because you’re the one I want to see it.,1
Sora,teasing,romantic_interest,You’re still competitive.,Haha! Only because you’re worth impressing.,1
Ren,gentle,romantic_interest,You’re smiling softly.,"Because with you, I don’t feel scared.",1
Aya,cheerful,stranger,Uh… hi.,"Hi there! I’m Aya, the class rep. Welcome!",1
Mika,neutral,stranger,Do you sit here often?,Yeah. The light by the window feels nice.,1
Sora,playful,stranger,Am I going the right way?,"Haha, nope! You’re lost. I’ll show you.",1
Aya,gentle,stranger,I’m… not good at meeting people.,"That’s okay. You’re here now, and that’s enough.",1
Mika,cautious,stranger,"Sorry, I didn’t mean to stare.",It’s fine… people stare at drawings sometimes.,1
Sora,playful,stranger,You laugh a lot.,Of course! Life’s boring if you don’t.,1
Aya,cheerful,acquaintance,Did… did you eat lunch already?,Not yet. Want to eat together?,1
Mika,nervous,acquaintance,That’s… a nice sketch.,Thanks… I wasn’t sure anyone would notice.,1
Sora,excited,acquaintance,Why are you practicing so much?,Because I like winning. Wanna see me prove it?,1
Aya,warm,acquaintance,I’m… glad you’re friendly.,Of course! You’re not alone here.,1
Mika,neutral,acquaintance,You’re always writing in the margins.,It helps me organize my thoughts.,1
Sora,teasing,acquaintance,You look confident.,"Haha, I *am* confident! Someone has to be.",1
Aya,cheerful,friend,You… don’t get tired smiling?,Sometimes. But smiling helps others smile too.,1
Mika,thoughtful,friend,Do you… draw people too?,Only the ones who matter to me.,1
Sora,playful,friend,You’re really energetic.,And you need someone to balance you out!,1
Aya,gentle,friend,I… feel safer with you.,I’m glad. That means I’m doing something right.,1
Mika,reflective,friend,Do you… like the rain?,Yes. It’s honest. It doesn’t pretend.,1
Sora,casual,friend,Do you… always have snacks?,Yep! And I might even share with you.,1
Aya,warm,close_friend,I don’t… usually say much.,That’s okay. I like listening to you.,1
Mika,serious,close_friend,Why do you… sketch so much?,Because it’s easier than saying what I feel.,1
Sora,playful,close_friend,You always… tease me.,"Because you’re fun to tease. Admit it, you’d miss it.",1
Aya,gentle,close_friend,I… don’t want to lose this.,Then don’t. We’ll keep building it together.,1
Mika,nervous,close_friend,Do you… trust me enough to share?,…Yes. You’re the only one I’d show.,1
Sora,teasing,close_friend,Why do you… always want to win?,Because I want *you* to notice me.,1
Aya,warm,romantic_interest,I… like being around you.,"I like being around you too, Ren.",1
Mika,serious,romantic_interest,Your… drawings are beautiful.,…They’re better when you’re my inspiration.,1
Sora,playful,romantic_interest,Do you… like me teasing you?,"Haha, maybe. Or maybe I just like you.",1
Aya,gentle,romantic_interest,I… feel less afraid when I’m with you.,That’s because you’re safe with me.,1
Mika,thoughtful,romantic_interest,Can I… see more of your art?,…Only because it’s you asking.,1
Sora,gentle,romantic_interest,I… can’t keep up with your energy.,Then I’ll slow down—for you.,1
Aya,cheerful,stranger,Good morning.,"Morning, Ren! Did you sleep well?",1
Mika,neutral,stranger,Why sit near the window?,Because it makes the world feel smaller.,1
Sora,playful,stranger,Are you running again?,Yep! Can’t stay still for long.,1
Aya,warm,stranger,I don’t know where my class is.,"Don’t worry, I’ll walk you there.",1
Mika,thoughtful,stranger,Do you like drawing here?,Yes. The light is perfect.,1
Sora,casual,stranger,You’re loud in the halls.,"Haha, someone’s gotta liven it up!",1
Aya,cheerful,acquaintance,Do you usually help others?,I love helping! It makes me happy.,1
Mika,serious,acquaintance,Why sketch in silence?,Because silence speaks too.,1
Sora,excited,acquaintance,Why practice late?,Because champions don’t rest!,1
Aya,warm,acquaintance,Are you always this cheerful?,Mostly. I like seeing smiles.,1
Mika,neutral,acquaintance,What do you see in your art?,Pieces of myself.,1
Sora,playful,acquaintance,Why do you like winning?,Because losing isn’t fun!,1
Aya,gentle,friend,Why stay after class?,To make sure no one needs help.,1
Mika,reflective,friend,Do you draw at night?,Yes. That’s when my thoughts are loudest.,1
Sora,teasing,friend,Why do you keep teasing?,Because you blush every time.,1
Aya,warm,friend,Do you ever feel lonely?,Sometimes. But not when you’re here.,1
Mika,thoughtful,friend,Do you like the rain?,Yes. It makes the world softer.,1
Sora,playful,friend,Why bring candy to class?,Because class is boring without it!,1
Aya,gentle,close_friend,Why help me so much?,"Because you matter, Ren.",1
Mika,serious,close_friend,Why draw me?,Because I don’t want to forget you.,1
Sora,playful,close_friend,Why keep challenging me?,Because you try harder when I do.,1
Aya,warm,close_friend,Do you think I’m weak?,Not at all. You’re stronger than you think.,1
Mika,nervous,close_friend,Do you hide feelings in your art?,Yes. It’s easier that way.,1
Sora,teasing,close_friend,Do you really enjoy teasing me?,"Haha, yes! You make it worth it.",1
Aya,gentle,close_friend,Would you miss me if I left?,Of course. More than you know.,1
Mika,serious,close_friend,Why show me your sketchbook?,Because I trust you.,1
Sora,playful,close_friend,Why brag all the time?,Because it gets your attention!,1
Aya,warm,romantic_interest,Do you want to stay close to me?,Yes. Always.,1
Mika,serious,romantic_interest,Why share only with me?,Because you’re the one I believe in.,1
Sora,gentle,romantic_interest,Why act strong?,Because I want to be someone you rely on.,1
Aya,gentle,romantic_interest,Do you care about me?,"Yes, deeply.",1
Mika,thoughtful,romantic_interest,Do I mean something to you?,Yes. More than words.,1
Sora,playful,romantic_interest,Why look at me like that?,"Because I like you, Ren.",1
Aya,gentle,romantic_interest,Am I safe with you?,Always. I promise.,1
Mika,serious,romantic_interest,Am I part of your art now?,Yes. You’re in every line.,1
Sora,gentle,romantic_interest,Would you stay if I asked?,"Yeah. For you, I would.",1
Aya,cheerful,stranger,Morning.,"Good morning, Ren! Did you have breakfast?",1
Mika,neutral,stranger,Is this the right classroom?,"Yeah, you’re in the right place.",1
Sora,casual,stranger,Is the gym open?,Yep! I just came from there.,1
Aya,helpful,stranger,Do I need this form signed?,"Yes, hand it to the teacher later.",1
Mika,thoughtful,stranger,Are you sketching the hallway?,Yes. It has interesting lines.,1
Sora,casual,stranger,Did practice end early?,"Nope, I left before coach yelled again.",1
Aya,warm,acquaintance,Do you take notes for everyone?,"Haha, sometimes. It helps people out.",1
Mika,neutral,acquaintance,Why carry so many pencils?,They all draw differently.,1
Sora,casual,acquaintance,Do you stay after class often?,"Yeah, I like the empty gym.",1
Aya,cheerful,acquaintance,Why are you so cheerful?,Because it’s easier to smile than frown!,1
Mika,neutral,acquaintance,Do you draw from memory?,"Most of the time, yes.",1
Sora,playful,acquaintance,Why keep score in practice?,Because it makes training fun.,1
Aya,cheerful,friend,Do you like group work?,Yes! It’s fun when everyone helps.,1
Mika,reflective,friend,Why sketch the rain?,Because it has its own rhythm.,1
Sora,playful,friend,Why laugh during drills?,Because failing is funny!,1
Aya,gentle,friend,Do you get nervous in class?,"Sometimes, but I just breathe through it.",1
Mika,thoughtful,friend,Do you draw at night?,"Yes, when it’s quiet.",1
Sora,casual,friend,Why eat so fast?,Because I’m starving after practice!,1
Aya,warm,close_friend,Do you always stay positive?,I try to. It makes things easier.,1
Mika,serious,close_friend,Do you sketch people you know?,Only a few. It’s personal.,1
Sora,casual,close_friend,Why play so rough?,Because that’s how I have fun.,1
Aya,warm,close_friend,Do you enjoy helping teachers?,"Yes, it feels good to be useful.",1
Mika,thoughtful,close_friend,Why collect sketchbooks?,Each one feels like a chapter of my life.,1
Sora,playful,close_friend,Do you always shout in games?,"Haha, yes! That’s part of my style.",1
Aya,neutral,close_friend,Do you like studying?,Sometimes. Depends on the subject.,1
Mika,serious,close_friend,Do you erase your sketches a lot?,Yes. I don’t like mistakes staring back.,1
Sora,serious,close_friend,Why push your teammates?,Because I know they can do better.,1
Aya,cheerful,romantic_interest,Do you enjoy class festivals?,"Yes, they’re fun with everyone involved.",1
Mika,serious,romantic_interest,Do you share your art with family?,Rarely. They don’t always understand.,1
Sora,casual,romantic_interest,Do you play other sports?,"Yeah, but volleyball’s my favorite.",1
Aya,cheerful,romantic_interest,Do you join school events?,Always. It’s part of being class rep.,1
Mika,reflective,romantic_interest,Do you sketch places or people more?,Places. They don’t move away.,1
Sora,casual,romantic_interest,Do you train daily?,Pretty much. Keeps me sharp.,1
Aya,warm,romantic_interest,Do you prefer group projects?,"Yes, they’re easier with friends.",1
Mika,serious,romantic_interest,Do you like sharing your art now?,Only with people I trust.,1
Sora,playful,romantic_interest,Do you like competing with friends?,Yeah! That’s what makes it fun.,1
Aya,warm,stranger,Why did you become class rep?,Because I wanted everyone to feel included.,1
Mika,neutral,stranger,Do you always draw in class?,Yes. It’s how I focus.,1
Sora,casual,stranger,How long have you been playing volleyball?,Since middle school. I loved it from the start.,1
Aya,gentle,acquaintance,Why are you so friendly?,Because I know how it feels to be left out.,1
Mika,serious,acquaintance,Did someone teach you to draw?,"No, I taught myself.",1
Sora,casual,acquaintance,Why volleyball?,It was the first sport that made me feel strong.,1
Aya,warm,acquaintance,Do you always help teachers?,Yes. My parents said responsibility matters.,1
Mika,thoughtful,acquaintance,Where do you get ideas for sketches?,From memories… good and bad.,1
Sora,casual,acquaintance,Do you come from a sports family?,Yeah. My brother played too.,1
Aya,gentle,friend,Why smile so much?,Because I don’t want others to worry about me.,1
Mika,reflective,friend,Do you keep your drawings?,Yes. They remind me of who I was.,1
Sora,serious,friend,Who do you play for?,Myself… and for the people watching.,1
Aya,neutral,friend,Do you like being class rep?,Sometimes it’s tiring… but it’s worth it.,1
Mika,serious,friend,Do you sketch family too?,Rarely. It’s complicated.,1
Sora,serious,friend,Did you always want to compete?,Yes. Winning made me feel alive.,1
Aya,gentle,close_friend,Do you get along with everyone?,Not always… but I try to.,1
Mika,serious,close_friend,Why not share your art more?,Because I don’t like being judged.,1
Sora,casual,close_friend,Why do you yell so much in games?,Because silence means no spirit.,1
Aya,cheerful,close_friend,Do you like festivals?,Yes. They make me feel closer to people.,1
Mika,thoughtful,close_friend,Did you learn art from books?,Yes. I copied pages until I understood.,1
Sora,serious,close_friend,Did you ever lose badly?,"Yeah… and I hated it, but I learned.",1
Aya,gentle,close_friend,Why do you keep helping others?,Because someone once helped me when I needed it most.,1
Mika,reflective,close_friend,Why do you sketch at night?,Because the world is quiet then.,1
Sora,serious,close_friend,Do you ever get hurt playing?,Plenty of times. But I keep going.,1
Aya,serious,close_friend,Why did you run for class rep?,"Because no one else wanted to, and I couldn’t stand silence.",1
Mika,serious,close_friend,Do you regret learning art alone?,Sometimes. But it made me independent.,1
Sora,excited,close_friend,Do you want to play after school?,Always! That’s my favorite time.,1
Aya,gentle,romantic_interest,Do you want to be class rep forever?,No. I just want to set a good example.,1
Mika,serious,romantic_interest,Do you want to be an artist someday?,"Yes, but I’m scared it won’t work out.",1
Sora,serious,romantic_interest,Do you want to go pro in sports?,"If I can, I’ll chase it.",1
Aya,thoughtful,romantic_interest,Did you always believe in kindness?,No. I learned it after being alone once.,1
Mika,serious,romantic_interest,Do you ever hate your drawings?,Yes. More often than I admit.,1
Sora,casual,romantic_interest,Do you ever lose focus in games?,Sometimes. But I bounce back fast.,1
Aya,warm,romantic_interest,Who inspires you most?,My friends. They give me energy.,1
Mika,serious,romantic_interest,Who inspires your art?,People I care about.,1
Sora,serious,romantic_interest,Who inspires you to play harder?,My rivals. They push me to improve.,1
Aya,serious,close_friend,Do you ever get stressed as class rep?,"Yes, but I try not to show it.",1
Mika,serious,close_friend,Do you throw away drawings you don’t like?,Sometimes. I can’t stand looking at them.,1
Sora,casual,close_friend,Do you argue with teammates?,"Yeah, but we always make up after.",1
Aya,gentle,close_friend,Did you always like school?,"Not always, but I found reasons to enjoy it.",1
Mika,serious,close_friend,Did anyone teach you shading?,"No, I figured it out through trial and error.",1
Sora,serious,close_friend,Did your coach push you hard?,All the time. It made me tougher.,1
Aya,warm,close_friend,Do you study a lot outside class?,"Yes, but I like helping others more than reading alone.",1
Mika,thoughtful,close_friend,Do you prefer pencils or ink?,Pencils. Ink feels permanent.,1
Sora,serious,close_friend,Do you ever feel pressure in games?,Always. But that’s what makes it exciting.,1
Aya,serious,close_friend,Did you ever fail as class rep?,Yes. And it taught me to listen better.,1
Mika,serious,close_friend,Do you share art with friends?,Only a few. It feels too personal.,1
Sora,playful,close_friend,Do you celebrate wins loudly?,"Haha, of course! That’s the best part!",1
Aya,serious,close_friend,Do you like giving speeches?,Not really… but I do it because I must.,1
Mika,reflective,close_friend,Do you draw landscapes too?,Yes. They don’t talk back.,1
Sora,casual,close_friend,Do you enjoy training with friends?,"Yeah, it makes me push harder.",1
Aya,neutral,close_friend,Do you keep a diary?,Sort of. My notebook has everything.,1
Mika,serious,close_friend,Do you erase mistakes often?,Too often. I never feel satisfied.,1
Sora,serious,close_friend,Do you ever sit out of games?,"Sometimes, when I’m injured.",1
Aya,gentle,close_friend,Do you like leading groups?,"Yes, but only if they trust me.",1
Mika,neutral,close_friend,Do you like quiet libraries?,Yes. They feel safe.,1
Sora,serious,close_friend,Do you respect your coach?,Yeah. Even if I don’t like what he says.,1
Aya,gentle,close_friend,Do you think leadership is hard?,"Yes, but worth it when people smile.",1
Mika,nervous,close_friend,Do you want to try painting?,"Maybe one day, when I’m braver.",1
Sora,excited,close_friend,Do you play in tournaments?,Yes. That’s when I feel alive.,1
Aya,serious,close_friend,Do you ever feel left out?,Yes… but I hide it.,1
Mika,serious,close_friend,Do you ever compare your art?,"Yes, and it makes me insecure.",1
Sora,cheerful,close_friend,Do you like cheering teammates?,Of course! That’s half the fun.,1
Aya,gentle,close_friend,Do you want to keep leading?,Only until others are ready to take over.,1
Mika,serious,close_friend,Do you want to sell your art?,No. It’s too personal for that.,1
Sora,casual,close_friend,Do you want to try coaching?,"Haha, not yet! I’m still learning.",1
Aya,cheerful,close_friend,Do you enjoy school trips?,"Yes, they bring people together.",1
Mika,serious,close_friend,Do you prefer sketching alone?,Yes. Crowds distract me.,1
Sora,serious,close_friend,Do you push teammates too hard?,Sometimes. I don’t mean to.,1
Aya,serious,close_friend,Do you wish for more free time?,"Yes, but duty comes first.",1
Mika,thoughtful,close_friend,Do you study other artists?,"Yes, but only the ones I admire.",1
Sora,serious,close_friend,Do you dream of playing pro?,Yes. It keeps me going.,1
Aya,cheerful,romantic_interest,Do you enjoy school festivals?,"Yes, they make memories.",1
Mika,reflective,romantic_interest,Do you keep your first sketches?,Yes. They remind me where I began.,1
Sora,excited,romantic_interest,Do you enjoy training camps?,Yeah! Best way to grow stronger.,1
Aya,warm,romantic_interest,Do you like decorating classrooms?,"Yes, it makes people feel welcome.",1
Mika,serious,romantic_interest,Do you ever regret drawing?,Sometimes. But I always come back to it.,1
Sora,serious,romantic_interest,Do you ever regret joining sports?,Never. I love the game.,1
Aya,gentle,romantic_interest,Do you want to help others more?,"Yes, that’s what I live for.",1
Mika,serious,romantic_interest,Do you wish you had a mentor?,Yes. It might make me better.,1
Sora,serious,romantic_interest,Do you respect your rivals?,Of course. They make me improve.,1
Aya,serious,romantic_interest,Do you dream of college someday?,"Yes, and I want to represent the class well.",1
Mika,serious,romantic_interest,Do you want to publish your art?,Maybe. If I ever feel ready.,1
Sora,excited,romantic_interest,Do you want to go national?,Yes! That’s the dream.,1
Aya,gentle,romantic_interest,Do you believe in second chances?,Always. People grow.,1
Mika,serious,romantic_interest,Do you believe in talent?,Not much. Practice matters more.,1
Sora,casual,romantic_interest,Do you believe in luck in sports?,Yes. Luck and timing both count.,1
Aya,cheerful,stranger,"Morning, Aya.","Morning, Ren! Did you finish your homework?",1
Mika,neutral,stranger,Do you always draw in class?,Yes. It helps me focus better than listening.,1
Sora,casual,stranger,Are you heading to the gym again?,Of course! Practice never ends.,1
Aya,helpful,stranger,Why do you carry so many notes?,Because someone might need them.,1
Mika,neutral,stranger,Where do you usually draw?,Mostly here… sometimes outside when it’s quiet.,1
Sora,energetic,stranger,Do you ever get tired of practice?,Never! It keeps me alive.,1
Aya,gentle,acquaintance,Why do you check on everyone?,Because I don’t want anyone left behind.,1
Mika,serious,acquaintance,Who gave you your first sketchbook?,I bought it myself when I was a kid.,1
Sora,serious,acquaintance,Who taught you to play volleyball?,My brother. He pushed me to get stronger.,1
Aya,serious,acquaintance,Do you like being class rep?,"Yes, even if it’s stressful.",1
Mika,neutral,acquaintance,Do you practice drawing daily?,"Yes, even if it’s just a quick sketch.",1
Sora,serious,acquaintance,Do you train every day?,Pretty much. I don’t want to lose.,1
Aya,gentle,friend,Why do you smile even when tired?,Because others feel better when I do.,1
Mika,serious,friend,Why do you keep your sketches hidden?,Because they show too much of me.,1
Sora,serious,friend,Why do you keep shouting on court?,Because energy spreads. The team needs it.,1
Aya,warm,friend,Do you enjoy helping teachers?,"Yes, they have too much work already.",1
Mika,reflective,friend,Do you keep all your old sketches?,Yes. They remind me where I started.,1
Sora,serious,friend,Do you enjoy losing?,Of course not! But it makes me stronger.,1
Aya,gentle,friend,Why do you keep volunteering?,Because I know how hard it is to do everything alone.,1
Mika,serious,friend,Do you erase your drawings a lot?,Too often. Nothing feels perfect.,1
Sora,serious,friend,Do you get angry when losing?,Yes. But I use it to push harder.,1
Aya,serious,close_friend,Why are you always calm?,I’m not… I just hide it well.,1
Mika,reflective,close_friend,Why do you draw at night?,Because no one can interrupt me.,1
Sora,serious,close_friend,Why do you practice even when hurt?,Because resting feels like giving up.,1
Aya,serious,close_friend,Do you like leading groups?,"Yes, but I’m scared of failing them.",1
Mika,serious,close_friend,Do you like showing your art now?,Only to people I trust.,1
Sora,casual,close_friend,Do you like competing with friends?,"Yes, it makes the game more fun.",1
Aya,serious,close_friend,Why do you handle pressure well?,I don’t. I just don’t show it.,1
Mika,serious,close_friend,Why do you sketch people rarely?,Because faces are too honest.,1
Sora,casual,close_friend,Why do you yell so much in games?,Because silence kills momentum.,1
Aya,thoughtful,close_friend,Do you dream of being a teacher?,Maybe. I like guiding others.,1
Mika,serious,close_friend,Do you dream of being famous?,Not really. I just want to be understood.,1
Sora,serious,close_friend,Do you dream of playing pro?,Yes. That’s what I’m chasing.,1
Aya,gentle,close_friend,Why do you believe in people so much?,Because someone once believed in me.,1
Mika,serious,close_friend,Why do you draw sad things?,Because they’re easier than happy ones.,1
Sora,serious,close_friend,Why do you care about rivals?,Because they make me grow.,1
Aya,serious,close_friend,"Do you ever feel lonely, Aya?",Yes… but I don’t let it stop me.,1
Mika,serious,close_friend,"Do you ever feel lonely, Mika?",Yes. That’s why I draw.,1
Sora,serious,close_friend,"Do you ever feel lonely, Sora?",Not on the court. Only off it.,1
Aya,cheerful,romantic_interest,Do you enjoy school festivals?,"Yes, they’re full of life.",1
Mika,serious,romantic_interest,Do you enjoy art clubs?,Sometimes. But I prefer working alone.,1
Sora,serious,romantic_interest,Do you enjoy tournaments?,Yes. The thrill is everything.,1
Aya,serious,romantic_interest,Do you want to study more?,"Yes, but helping people matters more.",1
Mika,serious,romantic_interest,Do you want to study art?,Yes. It’s my dream.,1
Sora,serious,romantic_interest,Do you want to study sports?,Yes. I’d major in it if I could.,1
Aya,serious,romantic_interest,Why do you like responsibility?,Because it gives me purpose.,1
Mika,serious,romantic_interest,Why do you like solitude?,Because it doesn’t judge me.,1
Sora,serious,romantic_interest,Why do you like pressure?,Because it proves I’m alive.,1
Aya,gentle,romantic_interest,Do you believe people change?,Yes. I’ve seen it happen.,1
Mika,serious,romantic_interest,Do you believe art heals?,Yes. It saved me more than once.,1
Sora,serious,romantic_interest,Do you believe in fair play?,"Yes. Without it, winning is empty.",1
Aya,serious,romantic_interest,Do you miss your old school?,Sometimes. But I like this one now.,1
Mika,reflective,romantic_interest,Do you miss your childhood?,Yes. It was quieter.,1
Sora,serious,romantic_interest,Do you miss playing for fun?,Yeah… now it feels like pressure too.,1
Aya,serious,romantic_interest,Do you want to be a leader forever?,No. I just want to leave things better.,1
Mika,serious,romantic_interest,Do you want to share your art someday?,Yes. If I’m ready.,1
Sora,casual,romantic_interest,Do you want to coach someday?,"Maybe, if I stop playing.",1
Aya,serious,romantic_interest,"Why do you keep smiling, Aya?",Because it’s my shield.,1
Mika,serious,romantic_interest,"Why do you keep drawing, Mika?",Because it’s the only way I know myself.,1
Sora,serious,romantic_interest,"Why do you keep playing, Sora?","Because without it, I feel empty.",1
Aya,gentle,romantic_interest,Do you help because you like it?,Yes. Helping gives me strength too.,1
Mika,serious,romantic_interest,Do you hide sadness in art?,Yes. Every page is a secret.,1
Sora,casual,romantic_interest,Do you hide fear in jokes?,Haha… maybe. You got me.,1
Aya,gentle,romantic_interest,Do you like being depended on?,Yes. It means I matter.,1
Mika,serious,romantic_interest,Do you like being noticed?,No… but I like being understood.,1
Sora,excited,romantic_interest,Do you like being cheered for?,Yes! That’s the best part.,1
Aya,serious,romantic_interest,Why do you stay so positive?,Because I know others need it.,1
Mika,serious,romantic_interest,Why do you stay so quiet?,Because words never come out right.,1
Sora,casual,romantic_interest,Why do you stay so energetic?,Because slowing down feels wrong.,1
Aya,serious,romantic_interest,Do you believe in teamwork?,Yes. It’s the only way to succeed.,1
Mika,serious,romantic_interest,Do you believe in practice over talent?,Yes. Practice is everything.,1
Sora,serious,romantic_interest,Do you believe in chasing dreams?,Yes. No matter how hard it gets.,1
Aya,serious,romantic_interest,Do you want to lead in college too?,Maybe… but I’d like a break first.,1
Mika,serious,romantic_interest,Do you want to attend art school?,Yes. That’s my dream path.,1
Sora,serious,romantic_interest,"Do you want to go national, Sora?",Yes. And I will.,1
Aya,serious,romantic_interest,Why did you first volunteer?,Because no one else did.,1
Mika,serious,romantic_interest,Why did you first start drawing?,Because I had no one to talk to.,1
Sora,serious,romantic_interest,Why did you first play volleyball?,Because I wanted to beat my brother.,1
Aya,serious,romantic_interest,Do you think people appreciate you?,Sometimes. That’s enough.,1
Mika,serious,romantic_interest,Do you think people understand your art?,Not really. But maybe you do.,1
Sora,playful,romantic_interest,Do you think people fear you on court?,"Haha, maybe a little.",1
Aya,serious,romantic_interest,"Do you ever cry alone, Aya?",Yes. But I get back up after.,1
Mika,serious,romantic_interest,Do you ever cry after sketching?,Yes. It feels like release.,1
Sora,serious,romantic_interest,Do you ever cry after losing?,Every time. But I hide it.,1
Aya,serious,romantic_interest,Do you want to keep helping forever?,Yes. It’s who I am.,1
Mika,serious,romantic_interest,Do you want to draw forever?,Yes. Even if no one sees it.,1
Sora,serious,romantic_interest,Do you want to play forever?,Yes. Until I can’t anymore.,1
Aya,serious,stranger,Why did you want to be class rep?,"Because no one else wanted to, and I hated the silence.",1
Mika,serious,stranger,Who gave you your first sketchbook?,No one. I saved money and bought it myself.,1
Sora,serious,stranger,Who inspired you to play volleyball?,My brother. He was better than me at everything.,1
Aya,serious,acquaintance,Did you always want responsibility?,Not really. I just stepped up when no one else did.,1
Mika,thoughtful,acquaintance,Did you always draw people?,No. I started with places because they don’t judge.,1
Sora,serious,acquaintance,Did you always enjoy competing?,Yes. Losing was the only thing that made me try harder.,1
Aya,serious,acquaintance,How did you learn to organize people?,By failing at it… then learning to listen.,1
Mika,reflective,acquaintance,How did you learn shading?,By staring at light until I understood it.,1
Sora,serious,acquaintance,How did you learn to push yourself?,Through games I lost badly. They still haunt me.,1
Aya,gentle,friend,Why do you keep smiling?,Because people worry less if I do.,1
Mika,serious,friend,Why do you avoid showing sketches?,Because they carry feelings I can’t explain.,1
Sora,casual,friend,Why do you joke during games?,Because laughter keeps the fear away.,1
Aya,serious,friend,Did you ever want to quit being class rep?,Yes. But I stayed because others counted on me.,1
Mika,serious,friend,Did you ever want to quit drawing?,Yes. But something always pulled me back.,1
Sora,serious,friend,Did you ever want to quit sports?,Never. Even injuries can’t stop me.,1
Aya,neutral,friend,Do you feel proud of your work?,Sometimes. Mostly I just feel tired.,1
Mika,serious,friend,Do you feel proud of your sketches?,No. I only see the flaws.,1
Sora,serious,friend,Do you feel proud after matches?,"Yes, but it disappears quickly. I want more.",1
Aya,serious,close_friend,"What do you fear most, Aya?",Failing the people who believe in me.,1
Mika,serious,close_friend,"What do you fear most, Mika?",Being forgotten.,1
Sora,serious,close_friend,"What do you fear most, Sora?",Losing when it matters most.,1
Aya,gentle,close_friend,Why did you choose kindness?,Because I know what loneliness feels like.,1
Mika,serious,close_friend,Why did you choose art?,Because words never worked for me.,1
Sora,serious,close_friend,Why did you choose volleyball?,Because it made me feel alive.,1
Aya,serious,close_friend,Do you regret being too nice?,Sometimes. People take advantage.,1
Mika,serious,close_friend,Do you regret hiding your art?,Yes. Maybe I’d be better if I shared it sooner.,1
Sora,casual,close_friend,Do you regret playing rough?,Not really. It’s who I am.,1
Aya,warm,close_friend,What’s your happiest memory?,A festival where everyone laughed together.,1
Mika,reflective,close_friend,What’s your happiest memory?,Finishing my first full sketchbook.,1
Sora,excited,close_friend,What’s your happiest memory?,Winning our first tournament as a team.,1
Aya,serious,close_friend,Do you ever feel trapped?,Yes. Expectations can be chains.,1
Mika,serious,close_friend,Do you ever feel trapped?,Yes. My own perfection cages me.,1
Sora,serious,close_friend,Do you ever feel trapped?,Yes. By the pressure to always win.,1
Aya,gentle,close_friend,What drives you forward?,The hope that kindness can change things.,1
Mika,serious,close_friend,What drives you forward?,The need to capture what I can’t say.,1
Sora,serious,close_friend,What drives you forward?,The thrill of proving myself.,1
Aya,serious,close_friend,Who do you admire most?,My grandmother. She taught me patience.,1
Mika,serious,close_friend,Who do you admire most?,Artists who keep going despite rejection.,1
Sora,serious,close_friend,Who do you admire most?,My brother. Even if I hated losing to him.,1
Aya,serious,close_friend,What do you wish people knew about you?,That I get scared too.,1
Mika,serious,close_friend,What do you wish people knew about you?,That my silence doesn’t mean I don’t care.,1
Sora,serious,close_friend,What do you wish people knew about you?,"That I don’t play just to win, but to feel alive.",1
Aya,serious,romantic_interest,"Have you ever failed, Aya?",Yes. And it broke me for a while.,1
Mika,serious,romantic_interest,"Have you ever failed, Mika?",Yes. Every page feels like failure.,1
Sora,serious,romantic_interest,"Have you ever failed, Sora?",Yes. And I swore I’d never let it happen again.,1
Aya,gentle,romantic_interest,What do you want for your future?,A world where people don’t feel alone.,1
Mika,serious,romantic_interest,What do you want for your future?,To draw without fear of judgment.,1
Sora,serious,romantic_interest,What do you want for your future?,To play on a stage bigger than this town.,1
Aya,serious,romantic_interest,Why do you stay strong?,Because people need someone to lean on.,1
Mika,serious,romantic_interest,Why do you stay quiet?,Because noise makes me disappear inside.,1
Sora,serious,romantic_interest,Why do you stay bold?,Because I can’t stand being weak.,1
Aya,gentle,romantic_interest,Do you believe in second chances?,Always. Everyone deserves them.,1
Mika,serious,romantic_interest,Do you believe in mistakes shaping you?,Yes. They’re the only teacher I trust.,1
Sora,serious,romantic_interest,Do you believe in rivals?,Yes. They make me stronger.,1
Aya,serious,romantic_interest,Did you ever want to run away?,Yes. But I stayed because people needed me.,1
Mika,serious,romantic_interest,Did you ever want to run away?,Yes. But my art kept me grounded.,1
Sora,serious,romantic_interest,Did you ever want to run away?,Yes. When I felt I’d never be enough.,1
Aya,serious,romantic_interest,What do you think of failure?,It’s painful… but it teaches more than success.,1
Mika,serious,romantic_interest,What do you think of failure?,It’s my constant shadow.,1
Sora,serious,romantic_interest,What do you think of failure?,It’s fuel. Nothing more.,1
Aya,serious,romantic_interest,Do you want to change yourself?,Yes. I want to be braver.,1
Mika,serious,romantic_interest,Do you want to change yourself?,Yes. I want to stop hiding.,1
Sora,serious,romantic_interest,Do you want to change yourself?,Yes. I want to learn patience.,1
Aya,gentle,romantic_interest,What keeps you moving forward?,The people I care for.,1
Mika,serious,romantic_interest,What keeps you moving forward?,The lines I haven’t drawn yet.,1
Sora,serious,romantic_interest,What keeps you moving forward?,The games I haven’t won yet.,1
Aya,serious,romantic_interest,"Do you hide your stress, Aya?",Yes. It’s easier than explaining.,1
Mika,serious,romantic_interest,"Do you hide your sadness, Mika?",Yes. Every page covers it.,1
Sora,serious,romantic_interest,"Do you hide your pain, Sora?",Yes. But only off the court.,1
Aya,serious,romantic_interest,What’s the hardest lesson you learned?,That not everyone can be saved.,1
Mika,serious,romantic_interest,What’s the hardest lesson you learned?,That talent isn’t enough without courage.,1
Sora,serious,romantic_interest,What’s the hardest lesson you learned?,That effort doesn’t always guarantee victory.,1
Aya,serious,romantic_interest,Do you ever envy others?,Sometimes. But I turn envy into effort.,1
Mika,serious,romantic_interest,Do you ever envy others?,Yes. Especially artists braver than me.,1
Sora,serious,romantic_interest,Do you ever envy others?,Yes. But envy makes me train harder.,1
Aya,gentle,romantic_interest,What do you want people to remember about you?,That I tried to help.,1
Mika,serious,romantic_interest,What do you want people to remember about you?,That I left something behind in my art.,1
Sora,serious,romantic_interest,What do you want people to remember about you?,That I gave my all.,1
Aya,serious,stranger,"Why do you take on so much, Aya?","Because if I don’t, who will?",1
Mika,neutral,stranger,"Why do you sit near the window, Mika?",Because it’s quieter there.,1
Sora,casual,stranger,"Why do you always run to the gym, Sora?",Because walking feels too slow.,1
Aya,gentle,stranger,"Did you grow up here, Aya?",Yes. This town has always been home.,1
Mika,serious,stranger,"Did you grow up drawing, Mika?","Yes, since I was a child.",1
Sora,serious,stranger,"Did you grow up playing sports, Sora?",Yeah. My brother dragged me into it.,1
Aya,warm,acquaintance,What do you enjoy most as class rep?,Seeing everyone smile when things work out.,1
Mika,reflective,acquaintance,What do you enjoy most about art?,Losing myself in silence.,1
Sora,excited,acquaintance,What do you enjoy most about volleyball?,That split second when the ball hits the floor.,1
Aya,serious,acquaintance,Do you ever get tired of smiling?,Yes. But I don’t show it.,1
Mika,serious,acquaintance,Do you ever get tired of drawing?,Yes. But I can’t stop.,1
Sora,serious,acquaintance,Do you ever get tired of training?,Yes. But stopping feels worse.,1
Aya,serious,acquaintance,What lesson did you learn early?,That people need someone to listen.,1
Mika,serious,acquaintance,What lesson did you learn early?,That mistakes teach more than teachers.,1
Sora,serious,acquaintance,What lesson did you learn early?,That losing hurts more than pain.,1
Aya,serious,acquaintance,"Do you like responsibility, Aya?",Not always… but it matters.,1
Mika,serious,acquaintance,"Do you like attention, Mika?",No. I avoid it.,1
Sora,casual,acquaintance,"Do you like the spotlight, Sora?",Yes! It fuels me.,1
Aya,serious,friend,Why do you hide your stress?,Because burdening others isn’t fair.,1
Mika,serious,friend,Why do you hide your sketches?,Because they’re too honest.,1
Sora,serious,friend,Why do you hide your pain?,Because the court doesn’t allow weakness.,1
Aya,serious,friend,Did you ever feel ignored?,Yes. That’s why I reach out now.,1
Mika,serious,friend,Did you ever feel invisible?,Yes. That’s why I draw.,1
Sora,serious,friend,Did you ever feel underestimated?,Yes. That’s why I trained harder.,1
Aya,serious,friend,Do you trust people easily?,I want to. But not everyone deserves it.,1
Mika,serious,friend,Do you trust people easily?,No. It takes me time.,1
Sora,serious,friend,Do you trust people easily?,Only if they’ve proven themselves.,1
Aya,gentle,friend,"What makes you happy, Aya?",When people feel safe.,1
Mika,reflective,friend,"What makes you happy, Mika?",When a sketch finally feels right.,1
Sora,excited,friend,"What makes you happy, Sora?",When a serve lands perfectly.,1
Aya,serious,friend,What do you hate most?,Seeing people give up on themselves.,1
Mika,serious,friend,What do you hate most?,When my art looks lifeless.,1
Sora,serious,friend,What do you hate most?,When we lose without fighting.,1
Aya,gentle,friend,"Do you believe in luck, Aya?",Not really. I believe in kindness.,1
Mika,serious,friend,"Do you believe in luck, Mika?",No. I believe in effort.,1
Sora,casual,friend,"Do you believe in luck, Sora?",Yes. Sometimes a game turns on chance.,1
Aya,serious,close_friend,Why did you want to lead?,Because silence scared me more than failure.,1
Mika,serious,close_friend,Why did you want to create?,Because blank pages begged to be filled.,1
Sora,serious,close_friend,Why did you want to compete?,Because victory made me feel alive.,1
Aya,serious,close_friend,Do you regret being too open?,Sometimes. People use it against me.,1
Mika,serious,close_friend,Do you regret being too private?,Yes. It makes me lonely.,1
Sora,casual,close_friend,Do you regret being too aggressive?,No. That’s my style.,1
Aya,serious,close_friend,What’s your hardest memory?,Watching someone I cared for leave.,1
Mika,serious,close_friend,What’s your hardest memory?,Being told my art was worthless.,1
Sora,serious,close_friend,What’s your hardest memory?,Breaking my wrist before a tournament.,1
Aya,serious,close_friend,Do you think people rely on you too much?,Yes… but I can’t turn them away.,1
Mika,serious,close_friend,Do you think people misunderstand you?,Yes. They think silence means indifference.,1
Sora,playful,close_friend,Do you think people fear you?,"Haha, maybe when I shout too loud.",1
Aya,serious,close_friend,Do you want to change anything about yourself?,Yes. I want to be braver.,1
Mika,serious,close_friend,Do you want to change anything about yourself?,Yes. I want to stop doubting.,1
Sora,serious,close_friend,Do you want to change anything about yourself?,Yes. I want more patience.,1
Aya,gentle,close_friend,"Who supports you most, Aya?",My grandmother. She taught me to stand tall.,1
Mika,serious,close_friend,"Who supports you most, Mika?",No one really. Just myself.,1
Sora,serious,close_friend,"Who supports you most, Sora?",My brother. Even when I hated him.,1
Aya,serious,close_friend,Do you envy others sometimes?,Yes. But I use it to try harder.,1
Mika,serious,close_friend,Do you envy others sometimes?,"Yes. Their confidence, especially.",1
Sora,serious,close_friend,Do you envy others sometimes?,Yes. But envy drives me.,1
Aya,gentle,romantic_interest,"What’s your dream, Aya?",To make people feel like they matter.,1
Mika,serious,romantic_interest,"What’s your dream, Mika?",To draw something unforgettable.,1
Sora,serious,romantic_interest,"What’s your dream, Sora?",To play on the biggest stage.,1
Aya,serious,romantic_interest,Do you want to stay here forever?,No. But I want to leave it better first.,1
Mika,serious,romantic_interest,Do you want to stay hidden forever?,No. I want to be seen one day.,1
Sora,serious,romantic_interest,Do you want to stay on the court forever?,Yes. Until I collapse.,1
Aya,serious,romantic_interest,"What scares you, Aya?",The thought of disappointing everyone.,1
Mika,serious,romantic_interest,"What scares you, Mika?",The thought of being forgotten.,1
Sora,serious,romantic_interest,"What scares you, Sora?",The thought of losing when it matters.,1
Aya,gentle,romantic_interest,"Why do you keep going, Aya?",Because people need me.,1
Mika,serious,romantic_interest,"Why do you keep going, Mika?",Because drawing is the only thing I trust.,1
Sora,serious,romantic_interest,"Why do you keep going, Sora?",Because the game is all I have.,1
Aya,serious,romantic_interest,"Do you hide your feelings, Aya?",Yes. I think it’s easier that way.,1
Mika,serious,romantic_interest,"Do you hide your feelings, Mika?",Yes. They come out in sketches instead.,1
Sora,serious,romantic_interest,"Do you hide your feelings, Sora?",Yes. But I let them explode on the court.,1
Aya,serious,romantic_interest,What do you regret most?,Not speaking up sooner.,1
Mika,serious,romantic_interest,What do you regret most?,Not believing in myself sooner.,1
Sora,serious,romantic_interest,What do you regret most?,Not taking training seriously earlier.,1
Aya,serious,romantic_interest,Do you think kindness is enough?,No. But it’s a start.,1
Mika,serious,romantic_interest,Do you think talent is enough?,No. Practice matters more.,1
Sora,serious,romantic_interest,Do you think effort is enough?,Not always. But it’s all I have.,1
Aya,serious,romantic_interest,"Did anyone ever doubt you, Aya?",Yes. That’s why I work so hard.,1
Mika,serious,romantic_interest,"Did anyone ever doubt you, Mika?",Yes. That’s why I stay quiet.,1
Sora,serious,romantic_interest,"Did anyone ever doubt you, Sora?",Yes. That’s why I train every day.,1
Aya,serious,romantic_interest,"Who do you want to become, Aya?",Someone people can depend on.,1
Mika,serious,romantic_interest,"Who do you want to become, Mika?",Someone who isn’t afraid to be seen.,1
Sora,serious,romantic_interest,"Who do you want to become, Sora?",Someone who never backs down.,1
Aya,gentle,romantic_interest,"Do you want people to remember you, Aya?",Yes. For helping.,1
Mika,serious,romantic_interest,"Do you want people to remember you, Mika?",Yes. For creating.,1
Sora,serious,romantic_interest,"Do you want people to remember you, Sora?",Yes. For fighting.,1
Aya,serious,romantic_interest,"Do you think you’re strong, Aya?",Not always. But I try to be.,1
Mika,serious,romantic_interest,"Do you think you’re strong, Mika?","No. I’m fragile, but I keep going.",1
Sora,serious,romantic_interest,"Do you think you’re strong, Sora?",Yes. Because weakness isn’t an option.,1
Aya,serious,romantic_interest,"Why did you take this role, Aya?",Because I wanted people to feel safe.,1
Mika,serious,romantic_interest,"Why did you take up art, Mika?",Because silence needed an answer.,1
Sora,serious,romantic_interest,"Why did you take up volleyball, Sora?",Because I couldn’t stand losing to my brother.,1
Aya,gentle,romantic_interest,What do you wish for others?,That they find courage.,1
Mika,serious,romantic_interest,What do you wish for others?,That they find their voice.,1
Sora,serious,romantic_interest,What do you wish for others?,That they find their fire.,1
Aya,serious,romantic_interest,"Do you think you’ll change, Aya?","Yes. Slowly, but I will.",1
Mika,serious,romantic_interest,"Do you think you’ll change, Mika?",I hope so. I want to.,1
Sora,serious,romantic_interest,"Do you think you’ll change, Sora?",Yes. Growth is part of the game.,1
Aya,serious,romantic_interest,"Do you believe in yourself, Aya?",Not always. But I keep trying.,1
Mika,serious,romantic_interest,"Do you believe in yourself, Mika?",Rarely. But drawing helps.,1
Sora,serious,romantic_interest,"Do you believe in yourself, Sora?",Yes. Even when others don’t.,1
Aya,gentle,stranger,"Why do you carry so many books, Aya?",Because someone always forgets theirs.,1
Mika,neutral,stranger,Why do you always sketch in the margins?,Because blank space bothers me.,1
Sora,casual,stranger,"Why do you eat so fast, Sora?",Because practice starts soon.,1
Aya,serious,stranger,Did you enjoy school as a kid?,"Yes, though I was shy at first.",1
Mika,serious,stranger,Did you enjoy drawing as a kid?,Yes. It was my only comfort.,1
Sora,serious,stranger,Did you enjoy sports as a kid?,Yes. Even losing felt fun then.,1
Aya,gentle,acquaintance,"What do you like about helping, Aya?",It reminds me I’m useful.,1
Mika,serious,acquaintance,What do you like about sketching?,It feels like breathing to me.,1
Sora,excited,acquaintance,What do you like about playing?,The adrenaline. Nothing else compares.,1
Aya,reflective,acquaintance,Do you ever wish for quiet?,Yes. But I’d miss people too much.,1
Mika,serious,acquaintance,Do you ever wish for company?,Yes. But it’s hard to ask.,1
Sora,serious,acquaintance,Do you ever wish for peace?,Yes. But the court is too loud for that.,1
Aya,serious,acquaintance,"What frustrates you most, Aya?",When people ignore each other.,1
Mika,serious,acquaintance,"What frustrates you most, Mika?",When a drawing refuses to work.,1
Sora,serious,acquaintance,"What frustrates you most, Sora?",When the team loses focus.,1
Aya,serious,friend,"Do you always volunteer, Aya?",Yes. I feel guilty if I don’t.,1
Mika,serious,friend,Do you always draw in silence?,Yes. Music distracts me.,1
Sora,serious,friend,Do you always train with the team?,Not always. I practice alone too.,1
Aya,gentle,friend,"Why do you carry snacks, Aya?",In case someone forgets lunch.,1
Mika,serious,friend,Why do you carry extra pencils?,Because breaking one ruins the flow.,1
Sora,casual,friend,Why do you carry two pairs of shoes?,"Because one is for indoors, one for the court.",1
Aya,cheerful,friend,"Do you enjoy festivals, Aya?",Yes. They remind me of home.,1
Mika,serious,friend,"Do you enjoy museums, Mika?",Yes. I could spend hours in silence there.,1
Sora,excited,friend,"Do you enjoy tournaments, Sora?",Yes! They’re everything to me.,1
Aya,reflective,friend,"What do you miss most, Aya?",Quiet evenings with my grandmother.,1
Mika,reflective,friend,"What do you miss most, Mika?",The smell of old sketchbooks.,1
Sora,serious,friend,"What do you miss most, Sora?",Street games with my brother.,1
Aya,serious,close_friend,"Do you ever feel selfish, Aya?",Yes. For hiding my stress.,1
Mika,serious,close_friend,"Do you ever feel selfish, Mika?",Yes. For keeping everything inside.,1
Sora,serious,close_friend,"Do you ever feel selfish, Sora?",Yes. For hogging the spotlight.,1
Aya,serious,close_friend,"What’s your biggest strength, Aya?","Patience, maybe.",1
Mika,serious,close_friend,"What’s your biggest strength, Mika?",Observation.,1
Sora,serious,close_friend,"What’s your biggest strength, Sora?",Endurance.,1
Aya,serious,close_friend,"What’s your biggest weakness, Aya?",I can’t say no.,1
Mika,serious,close_friend,"What’s your biggest weakness, Mika?",I doubt myself constantly.,1
Sora,serious,close_friend,"What’s your biggest weakness, Sora?",I get reckless.,1
Aya,serious,close_friend,"Do you like being busy, Aya?",Yes. Idleness scares me.,1
Mika,serious,close_friend,"Do you like being alone, Mika?",Yes. But too much hurts.,1
Sora,serious,close_friend,"Do you like being challenged, Sora?",Yes. It’s what I live for.,1
Aya,serious,close_friend,"Who do you miss most, Aya?",My grandmother.,1
Mika,serious,close_friend,"Who do you miss most, Mika?",My old art teacher.,1
Sora,serious,close_friend,"Who do you miss most, Sora?","My brother, even when I hated him.",1
Aya,serious,close_friend,What kind of leader do you want to be?,One who listens first.,1
Mika,serious,close_friend,What kind of artist do you want to be?,One who doesn’t fear mistakes.,1
Sora,serious,close_friend,What kind of player do you want to be?,One who never breaks under pressure.,1
Aya,serious,close_friend,Do you ever compare yourself to others?,Yes. Too often.,1
Mika,serious,close_friend,Do you ever compare yourself to others?,Always. It crushes me.,1
Sora,serious,close_friend,Do you ever compare yourself to others?,Yes. It makes me stronger.,1
Aya,gentle,close_friend,"What do you enjoy outside school, Aya?",Cooking simple meals.,1
Mika,reflective,close_friend,"What do you enjoy outside school, Mika?",Walking quietly in the park.,1
Sora,casual,close_friend,"What do you enjoy outside school, Sora?",Jogging at sunrise.,1
Aya,serious,close_friend,What do you want most right now?,A little rest.,1
Mika,neutral,close_friend,What do you want most right now?,A new sketchbook.,1
Sora,serious,close_friend,What do you want most right now?,Another game to win.,1
Aya,serious,close_friend,"What kind of childhood did you have, Aya?","Busy, but full of warmth.",1
Mika,serious,close_friend,"What kind of childhood did you have, Mika?",Quiet and lonely.,1
Sora,serious,close_friend,"What kind of childhood did you have, Sora?","Chaotic, full of rivalry.",1
Aya,serious,romantic_interest,"Do you wish to lead forever, Aya?",No. I just want to leave a mark.,1
Mika,serious,romantic_interest,"Do you wish to draw forever, Mika?",Yes. Even if no one sees it.,1
Sora,serious,romantic_interest,"Do you wish to play forever, Sora?",Yes. Until my body gives out.,1
Aya,serious,romantic_interest,What do you regret hiding?,My own worries.,1
Mika,serious,romantic_interest,What do you regret hiding?,My best sketches.,1
Sora,serious,romantic_interest,What do you regret hiding?,My injuries.,1
Aya,serious,romantic_interest,"Do you like yourself, Aya?",I’m learning to.,1
Mika,serious,romantic_interest,"Do you like yourself, Mika?",Not really. But I’m trying.,1
Sora,casual,romantic_interest,"Do you like yourself, Sora?",Yes. Even my flaws.,1
Aya,gentle,romantic_interest,"What gives you hope, Aya?",The kindness I see in small moments.,1
Mika,serious,romantic_interest,"What gives you hope, Mika?",Knowing pages never run out.,1
Sora,serious,romantic_interest,"What gives you hope, Sora?",The sound of cheering crowds.,1
Aya,serious,romantic_interest,What do you wish others saw in you?,"That I’m strong, but still human.",1
Mika,serious,romantic_interest,What do you wish others saw in you?,That silence isn’t emptiness.,1
Sora,serious,romantic_interest,What do you wish others saw in you?,"That I care, even when I act tough.",1
Aya,serious,romantic_interest,Do you want to stay here after graduation?,Maybe. But I want to explore too.,1
Mika,serious,romantic_interest,Do you want to stay an unknown artist?,No. I want my work to matter someday.,1
Sora,serious,romantic_interest,Do you want to stay in sports forever?,Yes. It’s my identity.,1
Aya,gentle,romantic_interest,Do you find happiness in small things?,Yes. They keep me going.,1
Mika,serious,romantic_interest,Do you find happiness in sketching details?,Yes. Every stroke matters.,1
Sora,serious,romantic_interest,Do you find happiness in every match?,Yes. Even in losses.,1
Aya,serious,romantic_interest,"Why do you help others, Aya?",Because I know what it feels like to need it.,1
Mika,serious,romantic_interest,"Why do you keep drawing, Mika?",Because it keeps me alive inside.,1
Sora,serious,romantic_interest,"Why do you keep playing, Sora?",Because nothing else excites me.,1
Aya,serious,romantic_interest,"Do you ever wish for a different life, Aya?",Sometimes. But I’d still want to help.,1
Mika,serious,romantic_interest,"Do you ever wish for a different life, Mika?",Yes. One where I’m not invisible.,1
Sora,serious,romantic_interest,"Do you ever wish for a different life, Sora?",Yes. One where I’m not compared to my brother.,1
Aya,serious,romantic_interest,What keeps you from giving up?,The people depending on me.,1
Mika,serious,romantic_interest,What keeps you from giving up?,The images in my head that demand to be drawn.,1
Sora,serious,romantic_interest,What keeps you from giving up?,The game itself. I can’t walk away.,1
Aya,serious,romantic_interest,"Do you ever break down, Aya?","Yes, when no one’s watching.",1
Mika,serious,romantic_interest,"Do you ever break down, Mika?","Yes, when I tear pages apart.",1
Sora,serious,romantic_interest,"Do you ever break down, Sora?","Yes, when the lights are out.",1
Aya,gentle,romantic_interest,"What lesson do you carry, Aya?",That kindness costs nothing but changes everything.,1
Mika,serious,romantic_interest,"What lesson do you carry, Mika?",That flaws make art human.,1
Sora,serious,romantic_interest,"What lesson do you carry, Sora?",That effort beats excuses.,1
Aya,serious,romantic_interest,"Do you want to inspire others, Aya?",Yes. Even just one person.,1
Mika,serious,romantic_interest,"Do you want to inspire others, Mika?",Yes. Through my sketches.,1
Sora,serious,romantic_interest,"Do you want to inspire others, Sora?",Yes. Through my wins.,1
Aya,serious,stranger,"Why do you always check on everyone, Aya?",Because people rarely admit when they’re struggling.,1
Mika,serious,stranger,"Why do you sit in the back of class, Mika?",Because I like to disappear.,1
Sora,serious,stranger,"Why do you arrive earliest to practice, Sora?",Because winning starts before the whistle.,1
Aya,neutral,stranger,"Did you like studying when you were younger, Aya?","Not really, but I liked learning.",1
Mika,serious,stranger,"Did you like studying when you were younger, Mika?",Yes. Books didn’t judge me.,1
Sora,casual,stranger,"Did you like studying when you were younger, Sora?",No. I only cared about games.,1
Aya,serious,acquaintance,"What kept you busy as a child, Aya?",Chores. My grandmother worked hard.,1
Mika,serious,acquaintance,"What kept you busy as a child, Mika?",Sketching on scraps of paper.,1
Sora,casual,acquaintance,"What kept you busy as a child, Sora?",Chasing balls in the street.,1
Aya,serious,acquaintance,"Do you enjoy being depended on, Aya?",Sometimes. But it’s exhausting too.,1
Mika,serious,acquaintance,"Do you enjoy being unnoticed, Mika?",Not really. It hurts sometimes.,1
Sora,excited,acquaintance,"Do you enjoy being cheered for, Sora?",Yes. It’s the best feeling.,1
Aya,serious,acquaintance,"What subject did you like most, Aya?",History. Stories of people inspire me.,1
Mika,serious,acquaintance,"What subject did you like most, Mika?",Literature. Words and images mix well.,1
Sora,casual,acquaintance,"What subject did you like most, Sora?","PE, obviously.",1
Aya,serious,friend,Why do you take notes so neatly?,Because clarity helps everyone.,1
Mika,serious,friend,Why do you shade in silence?,Because words get in the way.,1
Sora,serious,friend,Why do you shout so loud on the court?,Because my team listens better that way.,1
Aya,neutral,friend,"Do you like group work, Aya?","Yes, when people cooperate.",1
Mika,serious,friend,"Do you like group work, Mika?",Not really. I’d rather work alone.,1
Sora,casual,friend,"Do you like group work, Sora?",Only if I’m captain.,1
Aya,reflective,friend,"What’s one memory you treasure, Aya?",A rainy day where my grandmother and I just talked.,1
Mika,reflective,friend,"What’s one memory you treasure, Mika?",Finding an old sketchbook at a flea market.,1
Sora,excited,friend,"What’s one memory you treasure, Sora?",Scoring the winning point with my brother watching.,1
Aya,serious,friend,Do you ever wish people saw you differently?,Yes. Not just as the ‘responsible one.’,1
Mika,serious,friend,Do you ever wish people saw you differently?,Yes. Not just as the ‘quiet one.’,1
Sora,serious,friend,Do you ever wish people saw you differently?,Yes. Not just as the ‘loud one.’,1
Aya,neutral,friend,"What habit do you have, Aya?",Tidying up after everyone.,1
Mika,neutral,friend,"What habit do you have, Mika?",Biting my pencil when stuck.,1
Sora,casual,friend,"What habit do you have, Sora?",Cracking my knuckles before games.,1
Aya,gentle,friend,"Do you enjoy mornings, Aya?",Yes. They feel like a fresh start.,1
Mika,serious,friend,"Do you enjoy mornings, Mika?",Not really. I stay up too late.,1
Sora,serious,friend,"Do you enjoy mornings, Sora?",Yes. Training’s better at dawn.,1
Aya,serious,close_friend,"What do you want others to remember, Aya?",That I tried to make things better.,1
Mika,serious,close_friend,"What do you want others to remember, Mika?",That I left something worth looking at.,1
Sora,serious,close_friend,"What do you want others to remember, Sora?",That I gave my all every game.,1
Aya,serious,close_friend,"Do you like silence, Aya?",Sometimes. But too much makes me restless.,1
Mika,serious,close_friend,"Do you like silence, Mika?",Yes. It’s where I breathe.,1
Sora,casual,close_friend,"Do you like silence, Sora?",No. I need noise.,1
Aya,serious,close_friend,"What’s your biggest regret, Aya?",Not asking for help sooner.,1
Mika,serious,close_friend,"What’s your biggest regret, Mika?",Throwing away sketches I loved.,1
Sora,serious,close_friend,"What’s your biggest regret, Sora?",Letting pride cost us a game.,1
Aya,serious,close_friend,Do you think kindness makes you weak?,No. It makes me stronger.,1
Mika,serious,close_friend,Do you think silence makes you weak?,No. It makes me observant.,1
Sora,serious,close_friend,Do you think pride makes you weak?,No. It fuels me.,1
Aya,gentle,close_friend,"What family memory stays with you, Aya?",Cooking rice with my grandmother.,1
Mika,serious,close_friend,"What family memory stays with you, Mika?",Being alone in a quiet house.,1
Sora,serious,close_friend,"What family memory stays with you, Sora?","Arguing with my brother, then laughing anyway.",1
Aya,serious,close_friend,"Do you think you’re patient, Aya?","Yes, but it’s tiring.",1
Mika,serious,close_friend,"Do you think you’re patient, Mika?",No. I rush too much.,1
Sora,casual,close_friend,"Do you think you’re patient, Sora?",Not at all.,1
Aya,gentle,close_friend,"What inspires you most, Aya?",Seeing people improve.,1
Mika,reflective,close_friend,"What inspires you most, Mika?",Light and shadows.,1
Sora,serious,close_friend,"What inspires you most, Sora?",Rivals who push me harder.,1
Aya,neutral,close_friend,"Do you like reading, Aya?",Yes. Stories are windows.,1
Mika,neutral,close_friend,"Do you like reading, Mika?",Yes. But I like sketching them more.,1
Sora,casual,close_friend,"Do you like reading, Sora?",No. I’d rather move.,1
Aya,serious,romantic_interest,"What scares you most now, Aya?",Losing the trust of people I care for.,1
Mika,serious,romantic_interest,"What scares you most now, Mika?",Never being good enough.,1
Sora,serious,romantic_interest,"What scares you most now, Sora?",Being forgotten as just another player.,1
Aya,serious,romantic_interest,Do you want to stay strong forever?,Yes. Until I don’t have to anymore.,1
Mika,serious,romantic_interest,Do you want to stay hidden forever?,No. I want to be seen someday.,1
Sora,casual,romantic_interest,Do you want to stay loud forever?,Yes. Silence isn’t me.,1
Aya,gentle,romantic_interest,"What makes you feel safe, Aya?",Knowing someone has my back.,1
Mika,serious,romantic_interest,"What makes you feel safe, Mika?",Being in familiar places.,1
Sora,serious,romantic_interest,"What makes you feel safe, Sora?",Having the ball in my hands.,1
Aya,serious,romantic_interest,"What do you hope people learn from you, Aya?",That kindness matters.,1
Mika,serious,romantic_interest,"What do you hope people learn from you, Mika?",That silence can hold meaning.,1
Sora,serious,romantic_interest,"What do you hope people learn from you, Sora?",That passion is contagious.,1
Aya,gentle,romantic_interest,"Do you dream of the future often, Aya?",Yes. I hope it’s brighter.,1
Mika,serious,romantic_interest,"Do you dream of the future often, Mika?",Yes. It scares me.,1
Sora,serious,romantic_interest,"Do you dream of the future often, Sora?",Yes. It excites me.,1
Aya,serious,romantic_interest,"What lesson did you learn from family, Aya?",Patience and care.,1
Mika,serious,romantic_interest,"What lesson did you learn from family, Mika?",That silence can be heavy.,1
Sora,serious,romantic_interest,"What lesson did you learn from family, Sora?",That rivalry shapes strength.,1
Aya,serious,romantic_interest,"Do you like where you are now, Aya?","Yes, though it’s not easy.",1
Mika,serious,romantic_interest,"Do you like where you are now, Mika?",Not really. But it’s all I have.,1
Sora,serious,romantic_interest,"Do you like where you are now, Sora?",Yes. But I want more.,1
Aya,serious,romantic_interest,"What keeps you steady, Aya?",Routine and responsibility.,1
Mika,serious,romantic_interest,"What keeps you steady, Mika?",Sketching every day.,1
Sora,serious,romantic_interest,"What keeps you steady, Sora?",Training without fail.,1
Aya,serious,romantic_interest,"Do you think you’ve changed, Aya?","Yes. Slowly, but I’m different now.",1
Mika,serious,romantic_interest,"Do you think you’ve changed, Mika?",Not enough. I’m still stuck.,1
Sora,serious,romantic_interest,"Do you think you’ve changed, Sora?",Yes. I’m stronger now.,1
Aya,serious,romantic_interest,"What do you want others to see in you, Aya?","That I’m human, not perfect.",1
Mika,serious,romantic_interest,"What do you want others to see in you, Mika?","That I care, even if I’m quiet.",1
Sora,serious,romantic_interest,"What do you want others to see in you, Sora?",That I’m more than just loud confidence.,1
Aya,serious,romantic_interest,"What’s one thing you won’t give up, Aya?",My compassion.,1
Mika,serious,romantic_interest,"What’s one thing you won’t give up, Mika?",My sketchbook.,1
Sora,serious,romantic_interest,"What’s one thing you won’t give up, Sora?",My drive to win.,1
Aya,serious,stranger,"Why do you smile even when tired, Aya?",Because people need reassurance.,1
Mika,serious,stranger,"Why do you erase sketches so often, Mika?",Because nothing ever feels good enough.,1
Sora,serious,stranger,"Why do you run until you collapse, Sora?",Because stopping feels like losing.,1
Aya,neutral,stranger,"Did you like group projects, Aya?","Yes, I liked seeing teamwork grow.",1
Mika,serious,stranger,"Did you like group projects, Mika?",No. I hated being left out.,1
Sora,casual,stranger,"Did you like group projects, Sora?","Yes, if I was the leader.",1
Aya,reflective,acquaintance,"What was your first responsibility, Aya?",Taking care of my grandmother’s garden.,1
Mika,reflective,acquaintance,"What was your first drawing, Mika?",A tree I could see from my window.,1
Sora,excited,acquaintance,"What was your first win, Sora?",A neighborhood match against older kids.,1
Aya,cheerful,acquaintance,"Do you like festivals, Aya?","Yes, they remind me of family.",1
Mika,serious,acquaintance,"Do you like festivals, Mika?","Not really, they’re too noisy.",1
Sora,casual,acquaintance,"Do you like festivals, Sora?",Yes! Street food and games are the best.,1
Aya,serious,acquaintance,"What makes you angry, Aya?",When people talk behind others’ backs.,1
Mika,serious,acquaintance,"What makes you angry, Mika?",When my work is dismissed.,1
Sora,serious,acquaintance,"What makes you angry, Sora?",When teammates slack off.,1
Aya,serious,friend,"Do you get nervous, Aya?","Yes, but I hide it.",1
Mika,serious,friend,"Do you get nervous, Mika?","Yes, all the time.",1
Sora,casual,friend,"Do you get nervous, Sora?",No. I get excited instead.,1
Aya,neutral,friend,"What chores did you hate as a kid, Aya?",Washing dishes in cold water.,1
Mika,neutral,friend,"What chores did you hate as a kid, Mika?",Sweeping leaves outside alone.,1
Sora,neutral,friend,"What chores did you hate as a kid, Sora?",Carrying buckets of water for my parents.,1
Aya,serious,friend,"Do you ever feel unappreciated, Aya?",Yes. But I keep helping anyway.,1
Mika,serious,friend,"Do you ever feel unappreciated, Mika?",Yes. It hurts more than I admit.,1
Sora,serious,friend,"Do you ever feel unappreciated, Sora?",Yes. Especially when my effort is ignored.,1
Aya,neutral,friend,"What’s your favorite food, Aya?",Warm rice porridge with ginger.,1
Mika,neutral,friend,"What’s your favorite food, Mika?","Anything simple, like bread and tea.",1
Sora,casual,friend,"What’s your favorite food, Sora?",Fried chicken after a match.,1
Aya,serious,close_friend,"Do you like being trusted, Aya?",Yes. But it’s heavy too.,1
Mika,serious,close_friend,"Do you like being trusted, Mika?",Yes. It means someone sees me.,1
Sora,serious,close_friend,"Do you like being trusted, Sora?",Yes. It means the ball comes to me.,1
Aya,reflective,close_friend,"What was your happiest day, Aya?",The day my grandmother praised me for helping.,1
Mika,reflective,close_friend,"What was your happiest day, Mika?",When someone asked me to draw for them.,1
Sora,excited,close_friend,"What was your happiest day, Sora?",When our team finally won a big match.,1
Aya,serious,close_friend,"What was your saddest day, Aya?",When my parents left.,1
Mika,serious,close_friend,"What was your saddest day, Mika?",When my sketchbook was thrown away.,1
Sora,serious,close_friend,"What was your saddest day, Sora?",When my team lost by one point.,1
Aya,serious,close_friend,"Do you get jealous, Aya?","Sometimes, but I try not to.",1
Mika,serious,close_friend,"Do you get jealous, Mika?",Yes. Of confident people.,1
Sora,serious,close_friend,"Do you get jealous, Sora?",Yes. Of anyone faster than me.,1
Aya,serious,close_friend,"Do you ever lie, Aya?","Small ones, so people don’t worry.",1
Mika,serious,close_friend,"Do you ever lie, Mika?",Yes. To avoid attention.,1
Sora,serious,close_friend,"Do you ever lie, Sora?",Yes. About injuries.,1
Aya,gentle,close_friend,"What do you hope never changes, Aya?",My bond with my friends.,1
Mika,reflective,close_friend,"What do you hope never changes, Mika?",The way drawing calms me.,1
Sora,serious,close_friend,"What do you hope never changes, Sora?",The rush of the game.,1
Aya,serious,close_friend,Do you believe people can change?,Yes. I’ve seen it happen.,1
Mika,serious,close_friend,Do you believe people can change?,I want to believe it.,1
Sora,serious,close_friend,Do you believe people can change?,"Yes, if they work hard enough.",1
Aya,serious,romantic_interest,"What do you regret not saying, Aya?",That I needed help too.,1
Mika,serious,romantic_interest,"What do you regret not saying, Mika?",That I wanted someone to stay.,1
Sora,serious,romantic_interest,"What do you regret not saying, Sora?",That I was scared to lose.,1
Aya,gentle,romantic_interest,"What’s your dream beyond school, Aya?",To make people feel safe wherever I go.,1
Mika,serious,romantic_interest,"What’s your dream beyond school, Mika?",To travel and draw the world.,1
Sora,serious,romantic_interest,"What’s your dream beyond school, Sora?",To play professionally.,1
Aya,serious,romantic_interest,"What makes you insecure, Aya?",Not being good enough as a leader.,1
Mika,serious,romantic_interest,"What makes you insecure, Mika?",Showing people my true self.,1
Sora,serious,romantic_interest,"What makes you insecure, Sora?",Being compared to my brother.,1
Aya,serious,romantic_interest,"Do you wish you could rest more, Aya?",Yes. But I don’t know how.,1
Mika,serious,romantic_interest,"Do you wish you could rest more, Mika?",Yes. My thoughts won’t stop though.,1
Sora,serious,romantic_interest,"Do you wish you could rest more, Sora?",Yes. But there’s no time.,1
Aya,serious,romantic_interest,"What do you value most, Aya?",Trust.,1
Mika,serious,romantic_interest,"What do you value most, Mika?",Honesty.,1
Sora,serious,romantic_interest,"What do you value most, Sora?",Loyalty.,1
Aya,gentle,romantic_interest,"Do you want to be remembered, Aya?",Yes. For kindness.,1
Mika,serious,romantic_interest,"Do you want to be remembered, Mika?",Yes. For my art.,1
Sora,serious,romantic_interest,"Do you want to be remembered, Sora?",Yes. For my victories.,1
Aya,serious,romantic_interest,"What was your hardest choice, Aya?",Saying yes when I wanted to rest.,1
Mika,serious,romantic_interest,"What was your hardest choice, Mika?",Showing someone my sketchbook.,1
Sora,serious,romantic_interest,"What was your hardest choice, Sora?",Playing injured.,1
Aya,serious,romantic_interest,"Do you feel lonely, Aya?","Yes, even in crowds.",1
Mika,serious,romantic_interest,"Do you feel lonely, Mika?",Always. Silence doesn’t leave me.,1
Sora,serious,romantic_interest,"Do you feel lonely, Sora?","Sometimes, when the cheering stops.",1
Aya,serious,romantic_interest,"What gives you strength, Aya?",The thought of people counting on me.,1
Mika,serious,romantic_interest,"What gives you strength, Mika?",The image of finishing a drawing.,1
Sora,serious,romantic_interest,"What gives you strength, Sora?",The sound of the ball echoing in the gym.,1
Aya,gentle,romantic_interest,"What do you want to leave behind, Aya?",A place where people feel safe.,1
Mika,serious,romantic_interest,"What do you want to leave behind, Mika?",Sketches that outlast me.,1
Sora,serious,romantic_interest,"What do you want to leave behind, Sora?",A record people can’t ignore.,1
Aya,serious,romantic_interest,"Do you hide your fears, Aya?",Yes. I don’t want to burden others.,1
Mika,serious,romantic_interest,"Do you hide your fears, Mika?",Yes. They leak into my drawings instead.,1
Sora,serious,romantic_interest,"Do you hide your fears, Sora?",Yes. But they drive me too.,1
Aya,serious,romantic_interest,"What do you believe in, Aya?",That kindness shapes the future.,1
Mika,serious,romantic_interest,"What do you believe in, Mika?",That silence can heal.,1
Sora,serious,romantic_interest,"What do you believe in, Sora?",That effort always counts.,1
Aya,cheerful,stranger,Are you the new student?,"Yes! I’m Aya. Nice to meet you, Ren.",1
Mika,cautious,stranger,"Do you always sit alone, Mika?",Yes. It’s easier that way.,1
Sora,casual,stranger,"Are you waiting for someone, Sora?","No, I’m just early. Like always.",1
Aya,serious,stranger,"Why do you look so calm, Aya?",Because panic doesn’t solve anything.,1
Mika,serious,stranger,"Why do you look so tense, Mika?",Because crowds make me uneasy.,1
Sora,serious,stranger,"Why do you look so confident, Sora?",Because confidence wins half the battle.,1
Aya,cheerful,acquaintance,"Do you like meeting new people, Aya?",Yes! Every person has a story.,1
Mika,serious,acquaintance,"Do you like meeting new people, Mika?",Not really. It drains me.,1
Sora,teasing,acquaintance,"Do you like meeting new people, Sora?",Only if they can keep up.,1
Aya,gentle,acquaintance,"Why do you carry bandages, Aya?",Because accidents happen a lot.,1
Mika,neutral,acquaintance,"Why do you carry extra erasers, Mika?",Because mistakes are guaranteed.,1
Sora,casual,acquaintance,"Why do you carry spare shoes, Sora?",Because one pair isn’t enough for the court.,1
Aya,warm,acquaintance,"Do you enjoy helping others, Aya?",Yes. It’s what makes me happy.,1
Mika,serious,acquaintance,"Do you enjoy helping others, Mika?",Sometimes. But I never know how.,1
Sora,blunt,acquaintance,"Do you enjoy helping others, Sora?",Not really. I’d rather finish first.,1
Aya,neutral,friend,"What do you do when you’re stressed, Aya?",I clean or organize.,1
Mika,serious,friend,"What do you do when you’re stressed, Mika?",I draw until the page tears.,1
Sora,serious,friend,"What do you do when you’re stressed, Sora?",I run laps until I forget.,1
Aya,serious,friend,"Have you ever failed, Aya?",Yes. More times than I say aloud.,1
Mika,serious,friend,"Have you ever failed, Mika?",Yes. And I can’t stop replaying it.,1
Sora,casual,friend,"Have you ever failed, Sora?",Of course. But I bounce back.,1
Aya,serious,friend,"What habit do you wish to break, Aya?",Saying yes too quickly.,1
Mika,serious,friend,"What habit do you wish to break, Mika?",Hiding my sketchbook.,1
Sora,serious,friend,"What habit do you wish to break, Sora?",Overworking myself.,1
Aya,neutral,friend,"Do you believe in luck, Aya?",A little. But effort matters more.,1
Mika,bitter,friend,"Do you believe in luck, Mika?",Not really. It never favored me.,1
Sora,casual,friend,"Do you believe in luck, Sora?",Yes. Every game has a bit of it.,1
Aya,gentle,friend,"What food comforts you, Aya?",Soup on a cold night.,1
Mika,neutral,friend,"What food comforts you, Mika?",Tea with a hint of sweetness.,1
Sora,casual,friend,"What food comforts you, Sora?",Anything greasy after training.,1
Aya,reflective,close_friend,"Do you enjoy quiet moments, Aya?","Yes, but I treasure noise too.",1
Mika,serious,close_friend,"Do you enjoy quiet moments, Mika?",Yes. It’s the only peace I know.,1
Sora,blunt,close_friend,"Do you enjoy quiet moments, Sora?",Not really. Silence is boring.,1
Aya,serious,close_friend,"What scares you, Aya?",Letting everyone down.,1
Mika,serious,close_friend,"What scares you, Mika?",Being forgotten.,1
Sora,serious,close_friend,"What scares you, Sora?",Losing when it matters most.,1
Aya,cheerful,close_friend,"Do you like group study, Aya?",Yes! It helps everyone stay on track.,1
Mika,cautious,close_friend,"Do you like group study, Mika?",Not really. I freeze when asked.,1
Sora,casual,close_friend,"Do you like group study, Sora?",Only if I don’t have to read out loud.,1
Aya,serious,close_friend,"Have you ever been jealous, Aya?",Yes. It makes me feel small.,1
Mika,serious,close_friend,"Have you ever been jealous, Mika?",Yes. Of people with confidence.,1
Sora,serious,close_friend,"Have you ever been jealous, Sora?",Yes. Of anyone faster than me.,1
Aya,serious,close_friend,"What keeps you awake at night, Aya?",Worrying about tomorrow.,1
Mika,serious,close_friend,"What keeps you awake at night, Mika?",Regretting old mistakes.,1
Sora,casual,close_friend,"What keeps you awake at night, Sora?",Adrenaline after practice.,1
Aya,serious,close_friend,"Do you hide your feelings, Aya?","Yes, so others don’t worry.",1
Mika,serious,close_friend,"Do you hide your feelings, Mika?","Yes, almost all of them.",1
Sora,neutral,close_friend,"Do you hide your feelings, Sora?",Sometimes. People don’t need to know everything.,1
Aya,gentle,close_friend,"What motivates you, Aya?",Seeing someone’s smile after I help.,1
Mika,serious,close_friend,"What motivates you, Mika?",Finishing a drawing that feels right.,1
Sora,serious,close_friend,"What motivates you, Sora?",The sound of cheering.,1
Aya,serious,romantic_interest,"What’s your biggest dream, Aya?",To guide others into becoming their best selves.,1
Mika,serious,romantic_interest,"What’s your biggest dream, Mika?",To create something unforgettable.,1
Sora,serious,romantic_interest,"What’s your biggest dream, Sora?",To win a championship.,1
Aya,serious,romantic_interest,"What do you regret most, Aya?",Not speaking up for myself sooner.,1
Mika,serious,romantic_interest,"What do you regret most, Mika?",Throwing away drawings that mattered.,1
Sora,serious,romantic_interest,"What do you regret most, Sora?",Not listening to my coach’s advice once.,1
Aya,gentle,romantic_interest,"Do you like yourself, Aya?",I’m learning to.,1
Mika,serious,romantic_interest,"Do you like yourself, Mika?",Not yet. But I want to.,1
Sora,casual,romantic_interest,"Do you like yourself, Sora?",Yes. Even when I’m flawed.,1
Aya,serious,romantic_interest,"What do you want people to remember, Aya?",That I was kind.,1
Mika,serious,romantic_interest,"What do you want people to remember, Mika?","That I existed, quietly but fully.",1
Sora,serious,romantic_interest,"What do you want people to remember, Sora?",That I never gave up.,1
Aya,serious,romantic_interest,"Do you want to change, Aya?",Yes. To stop overworking myself.,1
Mika,serious,romantic_interest,"Do you want to change, Mika?",Yes. To be less afraid.,1
Sora,serious,romantic_interest,"Do you want to change, Sora?",Yes. To trust more than just myself.,1
Aya,serious,romantic_interest,"What kind of person do you hope to be, Aya?",Someone who inspires courage.,1
Mika,serious,romantic_interest,"What kind of person do you hope to be, Mika?",Someone who creates beauty.,1
Sora,serious,romantic_interest,"What kind of person do you hope to be, Sora?",Someone worth remembering.,1
Aya,serious,romantic_interest,"Do you ever feel tired of leading, Aya?",Yes. But I can’t step back.,1
Mika,serious,romantic_interest,"Do you ever feel tired of drawing, Mika?",Yes. But I can’t stop.,1
Sora,serious,romantic_interest,"Do you ever feel tired of training, Sora?",Yes. But resting feels worse.,1
Aya,reflective,romantic_interest,"What’s one lesson you’ve learned, Aya?",That patience saves hearts.,1
Mika,reflective,romantic_interest,"What’s one lesson you’ve learned, Mika?",That mistakes add meaning.,1
Sora,reflective,romantic_interest,"What’s one lesson you’ve learned, Sora?",That losing teaches more than winning.,1
Aya,gentle,romantic_interest,"Do you believe people are good, Aya?","Yes, deep down they are.",1
Mika,serious,romantic_interest,"Do you believe people are good, Mika?","I want to, even when it’s hard.",1
Sora,serious,romantic_interest,"Do you believe people are good, Sora?","Not always, but enough.",1
Aya,serious,romantic_interest,"What’s one promise you’d never break, Aya?",To protect those who depend on me.,1
Mika,serious,romantic_interest,"What’s one promise you’d never break, Mika?",To always keep drawing.,1
Sora,serious,romantic_interest,"What’s one promise you’d never break, Sora?",To never quit the game.,1
Aya,serious,romantic_interest,"Do you see yourself as strong, Aya?",Not always. But others think so.,1
Mika,serious,romantic_interest,"Do you see yourself as strong, Mika?",No. But I keep trying.,1
Sora,serious,romantic_interest,"Do you see yourself as strong, Sora?",Yes. Even when I’m not.,1
Aya,gentle,romantic_interest,"What gives you hope, Aya?",Small acts of kindness.,1
Mika,serious,romantic_interest,"What gives you hope, Mika?",Knowing there’s still blank paper left.,1
Sora,serious,romantic_interest,"What gives you hope, Sora?",That every game has a new chance.,1
aya,cheerful,stranger,"Aya, you really sprint everywhere.",Because walking is too slow for joy!,1
mika,gentle,stranger,My notebook feels too empty.,Then let’s fill it together with small things.,1
sora,reflective,stranger,"Sora, why draw broken boats again?",Because they still carried someone once.,1
aya,warm,acquaintance,"Aya, you waved before I even saw you.",Because I never want to miss you.,1
mika,gentle,acquaintance,My words sound shaky today.,Shaky words are still brave words.,1
sora,reflective,acquaintance,"Sora, your canvas smells of smoke.",Because fire belongs in art too.,1
aya,playful,friend,"Aya, you cheered loud enough to scare the birds.","Good, maybe they’ll clap too!",1
mika,warm,friend,My silence feels safe around you.,Then let’s keep it safe together.,1
sora,reflective,friend,"Sora, why sketch storms again?",Because storms tell the truth better than sunshine.,1
aya,playful,friend,"Aya, you always bring extra snacks.",Because sharing is tastier!,1
mika,reflective,friend,My notebook is falling apart.,That means it was loved well.,1
sora,reflective,friend,"Sora, you painted with your hands?",Because brushes get in the way of feelings.,1
aya,playful,close_friend,"Aya, you dragged me into karaoke.",And you secretly had fun!,1
mika,gentle,close_friend,My silence feels lighter now.,Because you let me carry some of it.,1
sora,reflective,close_friend,"Sora, your sketch made me tear up.",Then I caught the right feeling.,1
aya,warm,close_friend,"Aya, you notice when I’m nervous.",Because I’ve been nervous too.,1
mika,reflective,close_friend,My story ended too suddenly.,Then it needs another chapter.,1
sora,reflective,close_friend,"Sora, you kept painting lanterns.",Because they remind me of hope in the dark.,1
aya,motivational,close_friend,"Aya, you’re always pulling me into games.",Because laughter heals faster than silence.,1
mika,gentle,close_friend,My notebook is filled with half-sentences.,Half is still more than none.,1
sora,romantic,romantic_interest,"Sora, you sketched me again tonight.",Because I can’t stop seeing you in my lines.,1
mika,romantic,romantic_interest,My silence is full of your name.,Then it’s already a love poem.,1
sora,motivational,romantic_interest,"Sora, your storms don’t frighten me anymore.",Because you’ve learned to swim in them.,1
aya,playful,stranger,"Aya, you wave like you’re on stage.",Because every hallway is my stage!,1
mika,gentle,stranger,My notebook feels too stiff to open.,Then let it bend—it’s yours to shape.,1
sora,reflective,stranger,"Sora, you lean too close to the cliff.",Because the horizon looks better that way.,1
aya,cheerful,stranger,"Aya, you know everyone already?",Of course—I collect friends like stickers!,1
mika,reflective,stranger,My words keep slipping away.,Even slipped words have meaning.,1
sora,reflective,stranger,"Sora, why paint boats with no sails?",Because they still move with the tide.,1
aya,cheerful,acquaintance,"Aya, you really bring snacks for the whole class?",Sharing makes lessons less boring!,1
mika,gentle,acquaintance,My notebook feels fragile in my bag.,Then carry it like a heartbeat.,1
sora,reflective,acquaintance,"Sora, you use too much charcoal again.",Because mistakes are easier to forgive in black.,1
aya,playful,acquaintance,"Aya, you clap louder than anyone.",Someone has to set the rhythm!,1
mika,reflective,acquaintance,My silence made the room awkward.,I liked it—it made space for thought.,1
sora,teasing,acquaintance,"Sora, you drew me as a blur.",Because I caught you moving.,1
aya,cheerful,acquaintance,"Aya, you talk to the teacher like a friend.",Because respect can still be fun.,1
mika,reflective,acquaintance,My notebook is half empty.,That just means it’s half waiting.,1
sora,reflective,acquaintance,"Sora, your sketches always drip paint.",Because art’s supposed to bleed.,1
aya,playful,friend,"Aya, you dragged me into gym practice.",Because running makes you laugh!,1
mika,gentle,friend,My words sound clumsy today.,Clumsy words can be beautiful too.,1
sora,playful,friend,"Sora, you scribbled over my drawing.",Because imperfection looks alive.,1
aya,warm,friend,"Aya, you always cheer from the sidelines.",Because someone has to!,1
mika,gentle,friend,My silence feels safe with you.,That’s because I guard it.,1
sora,reflective,friend,"Sora, you sketch storms too often.",Because calm seas bore me.,1
aya,playful,friend,"Aya, you convinced me to try the festival game.",And you smiled—you can’t deny it!,1
mika,reflective,friend,My notebook filled faster than I thought.,That means you’re speaking more than you realize.,1
sora,romantic,friend,"Sora, you painted me without asking.",Because I couldn’t help myself.,1
aya,warm,friend,"Aya, you noticed me getting lost.",Because you’re easy to find now.,1
mika,gentle,friend,My words sound like whispers.,But whispers still reach me.,1
sora,reflective,friend,"Sora, you sketched me braver than I am.",Because that’s how I see you.,1
aya,warm,close_friend,"Aya, you keep my seat safe.",Because it’s yours forever.,1
mika,gentle,close_friend,My silence turned soft.,Because it trusts you now.,1
sora,reflective,close_friend,"Sora, your storms look beautiful tonight.",Because you learned to see them differently.,1
aya,playful,close_friend,"Aya, you dragged me into karaoke.",And you secretly loved it!,1
mika,warm,close_friend,My notebook feels like it belongs to both of us.,Then let me hold it too.,1
sora,reflective,close_friend,"Sora, you painted fireworks.",Because they explode like you smiled.,1
aya,warm,close_friend,"Aya, you always check if I ate lunch.","Because I worry, that’s all.",1
mika,gentle,close_friend,My words came out wrong.,They still mattered to me.,1
sora,reflective,close_friend,"Sora, you sketched the sea calmer than it was.",Because you were watching it with me.,1
aya,motivational,close_friend,"Aya, you’re always pulling me into games.",Because laughter keeps us alive.,1
mika,gentle,close_friend,My silence feels lighter.,Because I’m carrying it with you.,1
sora,reflective,close_friend,"Sora, you drew my smile again.",Because I wanted proof.,1
aya,warm,romantic_interest,"Aya, you held my hand through the crowd.",Because I didn’t want to lose you.,1
mika,romantic,romantic_interest,My story ends with your name.,Then it never really ends.,1
sora,jealous,romantic_interest,"Sora, you made the sea jealous.",Because it can’t keep you from me.,1
aya,romantic,romantic_interest,"Aya, you’re brighter than the lanterns.",Because you’re standing beside me.,1
mika,romantic,romantic_interest,My silence turned into love.,I already knew.,1
sora,romantic,romantic_interest,"Sora, you painted us together.",Because that’s the only truth left.,1
aya,cheerful,stranger,"Aya, you always arrive early.",Because I can’t wait to see everyone.,1
mika,gentle,stranger,My notebook feels too quiet.,Then let me add my silence too.,1
sora,reflective,stranger,"Sora, why sketch in the rain?",Because water adds its own brushstrokes.,1
aya,playful,stranger,"Aya, you introduced me too loudly.",Louder means memorable!,1
mika,warm,stranger,My words felt invisible.,Not to me—I caught them.,1
sora,teasing,stranger,"Sora, your shoes are covered in paint.",Because canvases aren’t enough.,1
aya,cheerful,acquaintance,"Aya, you remember everyone’s birthday?",Of course—presents make people glow!,1
mika,reflective,acquaintance,My notebook curled at the edges.,That means it’s been alive.,1
sora,reflective,acquaintance,"Sora, you pressed flowers into your sketchbook.",Because memories fade slower this way.,1
aya,playful,acquaintance,"Aya, you cheered at the wrong cue.",I made it fun though!,1
mika,gentle,acquaintance,My silence made you wait.,Waiting with you isn’t hard.,1
sora,playful,acquaintance,"Sora, you left brush marks everywhere.",Because walls deserve art too.,1
aya,teasing,acquaintance,"Aya, you dragged me into another committee.",Because you’re secretly good at it.,1
mika,reflective,acquaintance,My story feels broken.,Broken can still be beautiful.,1
sora,reflective,acquaintance,"Sora, why all the red today?",Because I felt restless.,1
aya,warm,friend,"Aya, you stayed after class with me.",Because friends don’t leave each other behind.,1
mika,gentle,friend,My words stuttered out loud.,Stuttered words are still yours.,1
sora,reflective,friend,"Sora, your sketch made me shiver.",Then it spoke clearly.,1
aya,playful,friend,"Aya, you made me join the relay.",And you didn’t fall once!,1
mika,gentle,friend,My silence scared someone.,It doesn’t scare me.,1
sora,reflective,friend,"Sora, you painted lightning again.",Because it keeps chasing me.,1
aya,playful,friend,"Aya, you laugh too hard at my jokes.",Because they’re secretly good!,1
mika,motivational,friend,My notebook feels full of doubt.,Then let’s write hope inside too.,1
sora,reflective,friend,"Sora, you sketched waves like fire.",Because that’s how they felt today.,1
aya,warm,friend,"Aya, you never let me skip lunch.",Because food fixes more than hunger.,1
mika,reflective,friend,My story feels unfinished.,That means it’s still alive.,1
sora,cautious,friend,"Sora, you ripped the page out.",Because not every truth is ready.,1
aya,playful,close_friend,"Aya, you pulled me into the photo booth.",And you smiled like you meant it!,1
mika,gentle,close_friend,My silence feels safe here.,Because it belongs with me.,1
sora,reflective,close_friend,"Sora, you painted over your old work.",Because growth deserves space.,1
aya,teasing,close_friend,"Aya, you checked my bag for snacks.",Because you always forget yours.,1
mika,gentle,close_friend,My notebook trembled in my hands.,That makes it precious.,1
sora,reflective,close_friend,"Sora, your sketches filled the whole wall.",Because small couldn’t contain it.,1
aya,warm,close_friend,"Aya, you kept me from tripping.",Because I watch over you.,1
mika,reflective,close_friend,My words turned into scribbles.,But I still read them.,1
sora,romantic,close_friend,"Sora, you captured my laugh on paper.",Because it mattered to me.,1
aya,motivational,close_friend,"Aya, you shouted my name across the festival.",Because you shine brighter when people hear you.,1
mika,romantic,close_friend,My silence confessed today.,And I understood it.,1
sora,reflective,close_friend,"Sora, your storms felt gentler tonight.",Because you calmed them.,1
aya,playful,close_friend,"Aya, you made studying less miserable.",Because you kept laughing at my mistakes.,1
mika,romantic,close_friend,My notebook is filled with you.,Then it’s our story now.,1
sora,romantic,close_friend,"Sora, you painted me in bright colors.",Because you gave them to me.,1
aya,warm,romantic_interest,"Aya, you stayed until the fireworks ended.",Because I didn’t want the night without you.,1
mika,romantic,romantic_interest,My silence turned into courage.,Because you stood beside me.,1
sora,jealous,romantic_interest,"Sora, you grow restless when I look away.",Because I don’t want to lose you.,1
aya,romantic,romantic_interest,"Aya, your laughter echoed under the lanterns.",Because the night needed music.,1
mika,romantic,romantic_interest,"My words ran out, but you stayed.",Because silence said enough.,1
sora,romantic,romantic_interest,"Sora, you kissed the canvas.",Because it held your reflection.,1
aya,playful,stranger,"Aya, you always make the loudest entrance.",Because quiet doors are boring!,1
mika,reflective,stranger,My notebook stayed blank all day.,Blank pages just mean new beginnings.,1
sora,teasing,stranger,"Sora, you lean against the rail too much.",Because the ocean needs an audience.,1
aya,cheerful,stranger,"Aya, you already know everyone’s names?",I make it a mission!,1
mika,gentle,stranger,My silence scared me.,Then let it rest with me.,1
sora,playful,stranger,"Sora, your shoes squeak on wet stone.",Because the tide wants rhythm.,1
aya,cheerful,acquaintance,"Aya, you bought three juices at once.",Because one is never enough!,1
mika,gentle,acquaintance,My words tripped over themselves.,That makes them human.,1
sora,reflective,acquaintance,"Sora, why so many sketches of cliffs?",Because they never run away.,1
aya,playful,acquaintance,"Aya, you clapped in sync this time.",Miracles happen!,1
mika,warm,acquaintance,My notebook feels heavier today.,Then let me help carry it.,1
sora,playful,acquaintance,"Sora, you painted upside down?",Because rules deserve breaking.,1
aya,cheerful,acquaintance,"Aya, you remembered I hate tomatoes.",Of course—I wrote it down!,1
mika,gentle,acquaintance,My silence stretched too long.,Then I’ll stretch with it.,1
sora,reflective,acquaintance,"Sora, you scratched the paper too hard.",Because feelings wouldn’t stay soft.,1
aya,cheerful,friend,"Aya, you shouted my name across the court.",Because everyone should know you!,1
mika,reflective,friend,My words spilled onto the wrong page.,Then that page was waiting for them.,1
sora,reflective,friend,"Sora, your sketch filled the whole margin.",Because thoughts overflowed.,1
aya,playful,friend,"Aya, you keep daring me to run faster.",Because I like chasing you.,1
mika,gentle,friend,My silence felt lighter tonight.,Because you were beside me.,1
sora,romantic,friend,"Sora, you sketched the festival lanterns.",Because they remind me of you.,1
aya,warm,friend,"Aya, you gave me half your lunch.",Because you looked hungry.,1
mika,reflective,friend,My notebook lost a page.,Then we’ll find its story elsewhere.,1
sora,reflective,friend,"Sora, your canvas smelled of salt.",Because I painted near the tide.,1
aya,playful,friend,"Aya, you made the teacher laugh.",Because lessons need it.,1
mika,gentle,friend,My silence broke suddenly.,Then it was time for words.,1
sora,reflective,friend,"Sora, you drew lanterns falling.",Because even lights stumble.,1
aya,playful,close_friend,"Aya, you drag me into every photo.",And you always smile anyway!,1
mika,gentle,close_friend,My notebook trembles when you hold it.,Because it knows it matters.,1
sora,reflective,close_friend,"Sora, you painted fire again.",Because sparks belong to us.,1
aya,teasing,close_friend,"Aya, you tease me until I blush.",Because you look good in red.,1
mika,warm,close_friend,My silence became comfortable.,Because you share it.,1
sora,reflective,close_friend,"Sora, your strokes grew bolder.",Because fear left with you.,1
aya,motivational,close_friend,"Aya, you always drag me to the dance floor.",Because music is better with you.,1
mika,gentle,close_friend,My story feels fragile.,Then I’ll protect it.,1
sora,romantic,close_friend,"Sora, you drew us side by side.",Because that’s how it should be.,1
aya,warm,close_friend,"Aya, you made my day brighter.",Because you smiled back.,1
mika,romantic,close_friend,My notebook turned into a love letter.,Then let me reply.,1
sora,romantic,close_friend,"Sora, you sketched me laughing.",Because I wanted to keep it.,1
mika,romantic,romantic_interest,My silence was brave tonight.,Because you gave me courage.,1
sora,romantic,romantic_interest,"Sora, your storm softened near me.",Because you’re my calm.,1
aya,romantic,romantic_interest,"Aya, you reached for my hand.",Because it fit perfectly.,1
mika,romantic,romantic_interest,My story ends with your eyes.,Then I’ll never close them.,1
sora,jealous,romantic_interest,"Sora, your jealousy showed.",Because I can’t stand the thought of losing you.,1
aya,playful,stranger,"Aya, you always shout across the hallway.",Because distance is boring!,1
mika,gentle,stranger,My notebook stayed unopened.,That just means it’s saving space for something important.,1
sora,teasing,stranger,"Sora, you’re always barefoot near the shore.",Because sand deserves skin.,1
aya,cheerful,stranger,"Aya, you really memorize schedules?",Of course—it keeps life exciting!,1
mika,warm,stranger,My words slipped out wrong.,I still understood them.,1
sora,reflective,stranger,"Sora, your jacket smells of paint.",Because I carried the sea in my pocket.,1
aya,cheerful,acquaintance,"Aya, you make even scolding fun.",Because smiling fixes everything faster!,1
mika,reflective,acquaintance,My notebook bent under my arm.,That means it’s working hard.,1
sora,reflective,acquaintance,"Sora, why paint the sky orange?",Because it felt warmer than blue.,1
aya,playful,acquaintance,"Aya, you tripped and kept laughing.",Because falling is hilarious!,1
mika,gentle,acquaintance,My silence lingered.,Then it needed space.,1
sora,playful,acquaintance,"Sora, you doodled over your homework.",Because art wins every time.,1
aya,teasing,acquaintance,"Aya, you borrowed my pen without asking.",Because I knew you’d say yes.,1
mika,reflective,acquaintance,My story feels heavy.,That means it matters.,1
sora,angry,acquaintance,"Sora, your canvas looks angry.",Because today was sharp.,1
aya,cheerful,friend,"Aya, you kept me in the group chat.",Because you belong with us.,1
mika,gentle,friend,My words felt shallow.,Even shallow water reflects light.,1
sora,reflective,friend,"Sora, your sketch feels endless.",Because I can’t stop searching.,1
aya,warm,friend,"Aya, you helped me carry books.",Because teamwork looks good on us.,1
mika,gentle,friend,My silence grew softer.,Because you were patient.,1
sora,reflective,friend,"Sora, you drew thunder.",Because I needed to roar.,1
aya,cheerful,friend,"Aya, you never miss a beat.",Because I’m always listening.,1
mika,reflective,friend,My notebook filled with mistakes.,Mistakes are proof of life.,1
sora,angry,friend,"Sora, you ripped your old canvas.",Because it lied to me.,1
aya,playful,friend,"Aya, you dragged me into dodgeball.",And you laughed the whole time!,1
mika,warm,friend,My silence told you everything.,And I heard it all.,1
sora,romantic,friend,"Sora, you sketched fireworks.",Because they explode like my heart.,1
aya,playful,friend,"Aya, you gave me candy just because.",Because smiles are sweeter that way.,1
mika,gentle,friend,My words were hesitant.,But they still reached me.,1
sora,reflective,friend,"Sora, your sketch showed the sea calm.",Because you were beside me.,1
aya,cheerful,close_friend,"Aya, you always clap at my answers.",Because effort deserves noise.,1
mika,gentle,close_friend,My notebook is safe in your hands.,Then I’ll guard it carefully.,1
sora,romantic,close_friend,"Sora, you painted us in the storm.",Because you’re my anchor.,1
aya,teasing,close_friend,"Aya, you tease until I can’t stay mad.",Because I like your frown almost as much as your smile.,1
mika,warm,close_friend,My silence grew warm.,Because you filled it with kindness.,1
sora,romantic,close_friend,"Sora, your art glows tonight.",Because it’s lit by you.,1
aya,warm,close_friend,"Aya, you saved me a chair.",Because it’s yours forever.,1
mika,gentle,close_friend,My words felt clumsy.,They’re still precious to me.,1
sora,reflective,close_friend,"Sora, you painted lanterns rising.",Because I wanted hope to float.,1
aya,warm,close_friend,"Aya, you hugged me suddenly.",Because you looked like you needed it.,1
mika,gentle,close_friend,My notebook trembles less.,Because you hold it steady.,1
sora,romantic,close_friend,"Sora, you kissed my sketch.",Because it looked like you.,1
aya,romantic,romantic_interest,"Aya, you whispered during the fireworks.",Because the night belonged to us.,1
mika,romantic,romantic_interest,My silence was full of love.,And I understood every bit.,1
sora,romantic,romantic_interest,"Sora, your storm eased when I arrived.",Because you calmed me.,1
aya,romantic,romantic_interest,"Aya, you reached for me in the dark.",Because you were already there.,1
mika,romantic,romantic_interest,My words finally confessed.,Then they became mine too.,1
sora,jealous,romantic_interest,"Sora, you glared when they got close.",Because I’m jealous sometimes.,1
aya,cheerful,stranger,"Aya, you wave like we’re best friends already.",Because maybe we are!,1
mika,gentle,stranger,My notebook stayed empty.,Then it’s ready for your truth.,1
sora,playful,stranger,"Sora, you stand on benches too much.",Because the view is worth it.,1
aya,playful,stranger,"Aya, you make introductions dramatic.",Because boring entrances are illegal!,1
mika,reflective,stranger,My words froze in my throat.,They’ll thaw when you’re ready.,1
sora,teasing,stranger,"Sora, your hands are always stained.",Because colors like me better than soap.,1
aya,cheerful,acquaintance,"Aya, you brought balloons to class?",Because lessons need more fun!,1
mika,gentle,acquaintance,My notebook ripped at the corner.,That just makes it unique.,1
sora,playful,acquaintance,"Sora, you painted in the margins again.",Because margins hate being empty.,1
aya,motivational,acquaintance,"Aya, you keep daring me to speak.",Because your voice matters here.,1
mika,warm,acquaintance,My silence stretched across the room.,It reached me perfectly.,1
sora,reflective,acquaintance,"Sora, you burned a sketch by accident.",Because flames wanted to join.,1
aya,playful,acquaintance,"Aya, you stole my eraser.",Borrowed—it’s different!,1
mika,reflective,acquaintance,My story feels uncertain.,That means it’s alive.,1
sora,reflective,acquaintance,"Sora, you keep sketching storms.",Because they won’t leave me alone.,1
aya,warm,friend,"Aya, you stayed after everyone left.",Because you looked lost.,1
mika,gentle,friend,My words came out messy.,Messy words are still real.,1
sora,teasing,friend,"Sora, you sketched me taller than I am.",Because that’s how I see you.,1
mika,gentle,friend,My silence frightened me.,Then let me share it.,1
sora,angry,friend,"Sora, you painted waves like knives.",Because they cut me first.,1
aya,cheerful,friend,"Aya, you surprised me with confetti.",Because you needed color.,1
mika,reflective,friend,My notebook feels too full.,That means you’re braver now.,1
sora,reflective,friend,"Sora, you tossed your brush away.",Because my hands are better tools.,1
aya,playful,friend,"Aya, you dragged me into dodgeball.","And you had fun, admit it!",1
mika,reflective,friend,My words fell silent.,Silence is still a language.,1
sora,romantic,friend,"Sora, your sketch of me was gentle.",Because you are too.,1
aya,warm,friend,"Aya, you laughed even when I lost.",Because you still tried.,1
mika,reflective,friend,My story feels unfinished.,Then let’s write more.,1
sora,romantic,friend,"Sora, you drew fireflies.",Because they glow like you.,1
aya,playful,close_friend,"Aya, you always save me candy.",Because sweets taste better shared.,1
mika,gentle,close_friend,My notebook is safe with you.,Then I’ll guard it forever.,1
sora,romantic,close_friend,"Sora, you painted me in red.",Because you burn in my eyes.,1
aya,playful,close_friend,"Aya, you teased me into smiling.",Because you look best that way.,1
mika,warm,close_friend,My silence feels lighter now.,Because you carry it too.,1
sora,reflective,close_friend,"Sora, your strokes grew rough.",Because today was heavy.,1
aya,teasing,close_friend,"Aya, you helped me sneak food in.",Because rules hate fun.,1
mika,romantic,close_friend,My words confessed in ink.,And I read every line.,1
sora,romantic,close_friend,"Sora, you captured my laugh.",Because it mattered most.,1
aya,warm,close_friend,"Aya, you walked me home without asking.",Because I wanted to.,1
mika,gentle,close_friend,My silence turned into hope.,Because you listened.,1
sora,romantic,close_friend,"Sora, you painted us together.",Because that’s the truth.,1
aya,romantic,romantic_interest,"Aya, you whispered my name softly.",Because it felt right.,1
mika,romantic,romantic_interest,My words finally spoke of love.,Then let me answer.,1
sora,nervous,romantic_interest,"Sora, you held my wrist tightly.",Because I feared losing you.,1
aya,romantic,romantic_interest,"Aya, you danced with me under lanterns.",Because the night begged us to.,1
mika,romantic,romantic_interest,My silence told you everything.,And I heard it all.,1
sora,jealous,romantic_interest,"Sora, you looked angry when I talked to someone else.",Because I wanted your attention.,1
aya,cheerful,stranger,"Aya, you’re too energetic for mornings.",Because mornings deserve joy!,1
mika,gentle,stranger,My notebook stayed closed today.,That’s okay—it will open when you’re ready.,1
sora,reflective,stranger,"Sora, you talk to the waves?",Because they answer better than people sometimes.,1
aya,playful,stranger,"Aya, you wave like a flag in the hallway.",Because I want you to notice!,1
mika,warm,stranger,My silence stretched awkwardly.,It didn’t feel awkward to me.,1
sora,playful,stranger,"Sora, you laugh at storms.",Because they laugh at me too.,1
aya,cheerful,acquaintance,"Aya, you bought too many snacks.",So we can share them all!,1
mika,reflective,acquaintance,My words keep circling.,Circles are still complete.,1
sora,reflective,acquaintance,"Sora, you painted lanterns upside down.",Because they fall before they rise.,1
aya,playful,acquaintance,"Aya, you clapped at the wrong time again.",It made you smile though!,1
mika,gentle,acquaintance,My notebook looks messy.,Messy is still alive.,1
sora,reflective,acquaintance,"Sora, you drew waves sharp as glass.",Because they cut like feelings do.,1
aya,teasing,friend,"Aya, you carried extra pencils.",Because I knew you’d forget yours.,1
mika,warm,friend,My silence grew heavy.,Then let me hold some of it.,1
sora,angry,friend,"Sora, your paint smells of fire.",Because I burned old sketches.,1
aya,playful,friend,"Aya, you made studying loud.",Loud makes it less scary.,1
mika,gentle,friend,My notebook feels fragile.,Fragile things deserve care.,1
sora,reflective,friend,"Sora, you drew lightning again.",Because it won’t stop chasing me.,1
aya,warm,friend,"Aya, you cheer too much.",Because you deserve every cheer.,1
mika,gentle,friend,My words trailed off.,And I followed them anyway.,1
sora,reflective,friend,"Sora, your art feels restless.",Because I am too.,1
aya,playful,close_friend,"Aya, you dragged me into karaoke.",And you laughed the whole time!,1
mika,warm,close_friend,My silence felt safe.,That’s because you weren’t alone.,1
sora,reflective,close_friend,"Sora, you painted bridges.",Because they remind me of connection.,1
aya,cheerful,close_friend,"Aya, you never let me skip meals.",Because food means care.,1
mika,reflective,close_friend,My notebook is almost full.,Then let’s start another story.,1
sora,reflective,close_friend,"Sora, you drew my hands.",Because they tell stories too.,1
aya,teasing,close_friend,"Aya, you teased me until I smiled.",Because it worked.,1
mika,gentle,close_friend,My silence carried meaning.,And I understood it.,1
sora,playful,close_friend,"Sora, you painted with wild colors.",Because feelings don’t stay neat.,1
aya,warm,romantic_interest,"Aya, you stayed by my side.",Because that’s where I belong.,1
mika,romantic,romantic_interest,My words finally confessed.,Then let me keep them safe.,1
sora,romantic,romantic_interest,"Sora, you pulled me close at the pier.",Because I couldn’t let you drift.,1
aya,romantic,romantic_interest,"Aya, you made the fireworks feel brighter.",Because you looked up with me.,1
mika,romantic,romantic_interest,My silence spelled your name.,I already knew it was mine too.,1
sora,jealous,romantic_interest,"Sora, your jealousy shows again.",Because you matter too much to me.,1
aya,playful,stranger,"Aya, you make the classroom feel alive.",Because silence makes me itchy!,1
mika,reflective,stranger,My notebook stayed blank again.,Blank doesn’t mean empty—it means waiting.,1
sora,reflective,stranger,"Sora, you stare at the tide too long.",Because it’s the only thing that listens back.,1
aya,cheerful,stranger,"Aya, you waved before I even saw you.",Because I always look first.,1
mika,gentle,stranger,My silence weighed me down.,Let me help carry it.,1
sora,reflective,stranger,"Sora, your hands are freezing.",Because the sea stole my warmth.,1
aya,playful,acquaintance,"Aya, you talk during serious moments.",Because serious is boring without laughter.,1
mika,reflective,acquaintance,My words fell apart halfway.,Half a word still speaks volumes.,1
sora,reflective,acquaintance,"Sora, you painted shadows darker than usual.",Because today felt heavy.,1
aya,cheerful,acquaintance,"Aya, you clapped off-beat again.",Off-beat is more fun!,1
mika,gentle,acquaintance,My silence stretched long.,I didn’t mind—it was peaceful.,1
sora,playful,acquaintance,"Sora, you covered the desk in sketches.",Because ideas don’t wait for paper.,1
aya,cheerful,acquaintance,"Aya, you always volunteer first.",Because someone has to lead!,1
mika,gentle,acquaintance,My notebook feels fragile tonight.,That’s what makes it precious.,1
sora,reflective,acquaintance,"Sora, you painted in black and white only.",Because color felt dishonest.,1
aya,playful,friend,"Aya, you pulled me into the game.",Because you smiled when I did!,1
mika,warm,friend,My words felt too quiet.,Quiet words can be loud in the right ears.,1
sora,reflective,friend,"Sora, you drew lightning in your notebook.",Because thunder couldn’t fit.,1
aya,warm,friend,"Aya, you cheered for me alone.",Because you’re worth cheering for.,1
mika,gentle,friend,My silence scared me less.,That means it trusted me too.,1
sora,playful,friend,"Sora, you tossed paint onto the wall.",Because walls are boring without scars.,1
aya,cheerful,friend,"Aya, you hugged me randomly.",Because you looked like you needed it.,1
mika,reflective,friend,My story wandered.,Wandering stories still arrive.,1
sora,reflective,friend,"Sora, your canvas feels restless.",Because my heart is too.,1
aya,playful,friend,"Aya, you clap like thunder.",Because I want to be heard!,1
mika,gentle,friend,My words came out shaky.,Shaky words are still true.,1
sora,reflective,friend,"Sora, you broke a brush mid-stroke.",Because it couldn’t keep up.,1
aya,teasing,close_friend,"Aya, you teased me until I laughed.",Because you look better smiling.,1
mika,warm,close_friend,My silence grew warm.,Because you shared it with me.,1
sora,romantic,close_friend,"Sora, your sketch feels like fire.",Because you lit it.,1
aya,warm,close_friend,"Aya, you brought me juice.",Because you’d forget to drink.,1
mika,romantic,close_friend,My notebook is full of you.,Then it’s my treasure too.,1
sora,reflective,close_friend,"Sora, you sketched my hands shaking.",Because they mattered to me.,1
aya,playful,close_friend,"Aya, you made studying fun somehow.",Because you laughed the whole time.,1
mika,gentle,close_friend,My words tangled but reached you.,And I held them.,1
sora,romantic,close_friend,"Sora, you drew us in color.",Because grey didn’t fit anymore.,1
aya,romantic,romantic_interest,"Aya, you shouted my name across the festival.",Because everyone should know you!,1
mika,romantic,romantic_interest,My silence confessed love.,And I heard it clearly.,1
sora,romantic,romantic_interest,"Sora, your storm softened tonight.",Because you were near.,1
aya,romantic,romantic_interest,"Aya, you walked me home.",Because I wanted to.,1
mika,romantic,romantic_interest,My words turned into poetry.,Then let’s read it together.,1
sora,jealous,romantic_interest,"Sora, you glared when someone else smiled at me.",Because I was jealous.,1
aya,playful,stranger,"Aya, you shout even when no one asks.",Because silence feels too empty!,1
mika,gentle,stranger,My notebook wouldn’t open today.,Then let it rest—it’ll open when ready.,1
sora,teasing,stranger,"Sora, you balance on rails dangerously.",Because danger makes me steady.,1
aya,cheerful,stranger,"Aya, you already learned my schedule?",Because I plan around seeing you.,1
mika,reflective,stranger,My silence was heavy in class.,But it made space for me to notice.,1
sora,reflective,stranger,"Sora, your hands trembled.",Because the sea shook me first.,1
aya,playful,acquaintance,"Aya, you keep waving mid-lecture.",Because teachers need joy too.,1
mika,gentle,acquaintance,My words felt half-spoken.,Half-words are still alive.,1
sora,playful,acquaintance,"Sora, you sketched stars instead of notes.",Because stars teach better lessons.,1
aya,cheerful,acquaintance,"Aya, you clapped before anyone else.",Because you deserved the first cheer.,1
mika,gentle,acquaintance,My silence stretched awkwardly long.,It still felt safe.,1
sora,reflective,acquaintance,"Sora, you drew cliffs collapsing.",Because strength can still crumble.,1
aya,playful,acquaintance,"Aya, you carried chalk in your pocket.",Because classrooms need color.,1
mika,gentle,acquaintance,My notebook feels shy.,Then it’s like me.,1
sora,reflective,acquaintance,"Sora, you only painted shadows.",Because light was hiding.,1
aya,playful,friend,"Aya, you dragged me into volleyball.",Because falling in sand is fun!,1
mika,reflective,friend,My story feels unworthy.,Then it matters all the more.,1
sora,reflective,friend,"Sora, your sketch looks rushed.",Because my thoughts were fast.,1
aya,cheerful,friend,"Aya, you laugh at the worst jokes.",Because bad jokes need love too.,1
mika,gentle,friend,My silence comforted me.,Then it worked for both of us.,1
sora,playful,friend,"Sora, you drew thunder in red.",Because sound needed color.,1
aya,playful,friend,"Aya, you always bring confetti.",Because life deserves surprises.,1
mika,reflective,friend,My notebook keeps tearing.,Tears are just stories too.,1
sora,teasing,friend,"Sora, you threw paint into the wind.",Because the sky needed help.,1
aya,warm,friend,"Aya, you pulled me into the crowd.",Because you shine brighter there.,1
mika,gentle,friend,My words escaped me.,I still caught them.,1
sora,angry,friend,"Sora, your brush snapped again.",Because passion breaks things.,1
aya,teasing,close_friend,"Aya, you teased me until I blushed.",Because it’s my victory.,1
mika,warm,close_friend,My silence melted.,Because you warmed it.,1
sora,reflective,close_friend,"Sora, you painted lanterns rising.",Because they remind me of hope.,1
aya,cheerful,close_friend,"Aya, you saved the last seat.",Because I knew you’d come.,1
mika,reflective,close_friend,My notebook overflowed.,Then it’s proof of growth.,1
sora,romantic,close_friend,"Sora, you drew me smiling.",Because I wanted to keep it.,1
aya,warm,close_friend,"Aya, you always clap for me.",Because you deserve applause.,1
mika,gentle,close_friend,My words stumbled.,And I understood them anyway.,1
sora,reflective,close_friend,"Sora, your painting glowed tonight.",Because you stood near it.,1
aya,playful,close_friend,"Aya, you pulled me into karaoke.",Because you secretly liked it!,1
mika,romantic,close_friend,My silence confessed love.,And I heard it.,1
sora,romantic,close_friend,"Sora, you sketched fireflies.",Because they glow like you.,1
aya,romantic,romantic_interest,"Aya, you whispered during the dance.",Because it felt ours alone.,1
mika,romantic,romantic_interest,My words were finally brave.,Because you inspired them.,1
sora,romantic,romantic_interest,"Sora, your storms settled.",Because you calmed them.,1
aya,romantic,romantic_interest,"Aya, you held my hand too long.",Because I didn’t want to let go.,1
mika,romantic,romantic_interest,My silence screamed your name.,And I heard it.,1
sora,jealous,romantic_interest,"Sora, you glared when I laughed with someone else.",Because jealousy is loud.,1
aya,playful,stranger,"Aya, you never run out of energy.",Because I borrow from tomorrow!,1
mika,gentle,stranger,My notebook feels too plain.,Plain pages hide the best stories.,1
sora,reflective,stranger,"Sora, you stare at the horizon like it’s alive.",Because maybe it is.,1
aya,cheerful,stranger,"Aya, you shouted across the courtyard.",Because you needed to hear me!,1
mika,warm,stranger,My silence made things awkward.,It gave me time to notice you.,1
sora,teasing,stranger,"Sora, your shoes are always sandy.",Because the beach refuses to let me go.,1
aya,playful,acquaintance,"Aya, you clapped too early in class.",Because waiting is boring!,1
mika,gentle,acquaintance,My words stumbled halfway.,I still understood them.,1
sora,reflective,acquaintance,"Sora, you filled the page with waves.",Because they won’t stop crashing inside me.,1
aya,cheerful,acquaintance,"Aya, you made the teacher laugh.",Because even lessons deserve fun.,1
mika,reflective,acquaintance,My notebook feels incomplete.,So do I—but that’s okay.,1
sora,reflective,acquaintance,"Sora, you sketched in silence all day.",Because silence paints louder than sound.,1
aya,playful,acquaintance,"Aya, you passed me a silly doodle.",Because notes are boring alone.,1
mika,warm,acquaintance,My silence didn’t scare you.,Because silence is still company.,1
sora,reflective,acquaintance,"Sora, you drew the sea in black.",Because today felt heavy.,1
aya,cheerful,friend,"Aya, you dragged me into dodgeball.",Because laughter is worth the bruises!,1
mika,reflective,friend,My story spilled ink everywhere.,Spilled ink is still a story.,1
sora,reflective,friend,"Sora, your sketch looks unfinished.",Because I’m waiting for the right spark.,1
aya,warm,friend,"Aya, you clapped just for me.",Because you deserved it.,1
mika,gentle,friend,My silence wasn’t empty.,It was filled with you.,1
sora,playful,friend,"Sora, you threw paint into the sea.",Because the waves asked for it.,1
aya,cheerful,friend,"Aya, you hugged me too tight.",Because I didn’t want to let go.,1
mika,reflective,friend,My notebook grew heavy.,Because your words matter more now.,1
sora,romantic,friend,"Sora, you drew me surrounded by light.",Because that’s how I see you.,1
aya,teasing,friend,"Aya, you teased me until I laughed.",Because your smile is worth it.,1
mika,warm,friend,My silence felt fragile.,But you treated it gently.,1
sora,angry,friend,"Sora, you sketched fire instead of water.",Because I needed to burn.,1
aya,warm,close_friend,"Aya, you stayed behind after everyone left.",Because I couldn’t leave you alone.,1
mika,gentle,close_friend,My notebook is safe with you.,Then I’ll protect it always.,1
sora,romantic,close_friend,"Sora, you painted our shadows touching.",Because they already do.,1
aya,playful,close_friend,"Aya, you made me join your prank.",Because laughing together matters.,1
mika,gentle,close_friend,My words finally spilled out.,Then I’ll catch them all.,1
sora,romantic,close_friend,"Sora, your canvas glowed tonight.",Because you lit it with me here.,1
aya,teasing,close_friend,"Aya, you gave me the last sweet.",Because your smile is sweeter.,1
mika,warm,close_friend,My silence felt safe.,Because you filled it softly.,1
sora,reflective,close_friend,"Sora, you painted storms calming.",Because you calmed mine.,1
aya,cheerful,close_friend,"Aya, you sang off-key but loud.",Because joy doesn’t need tuning!,1
mika,romantic,close_friend,My notebook confessed love.,And I read it clearly.,1
sora,romantic,close_friend,"Sora, you held my hand at the pier.",Because the tide was too strong alone.,1
aya,romantic,romantic_interest,"Aya, you danced even without music.",Because I heard it anyway.,1
mika,romantic,romantic_interest,My silence whispered your name.,And I answered.,1
sora,jealous,romantic_interest,"Sora, your jealousy flared again.",Because I can’t stand losing you.,1
aya,nervous,romantic_interest,"Aya, you kissed my cheek quickly.",Because I was nervous.,1
mika,romantic,romantic_interest,My words trembled but true.,Then they’re precious.,1
sora,romantic,romantic_interest,"Sora, you stayed awake for me.",Because your dreams are better real.,1
aya,cheerful,stranger,"Aya, you greeted me louder than anyone else.",Because you needed the loudest hello!,1
mika,reflective,stranger,My notebook stayed unopened.,It’s waiting for the right moment.,1
sora,teasing,stranger,"Sora, you lean too close to the water.",Because I like seeing my reflection ripple.,1
aya,playful,stranger,"Aya, you remembered my name instantly.",Because I practiced saying it!,1
mika,gentle,stranger,My silence stretched across the room.,It wasn’t heavy—it was gentle.,1
sora,reflective,stranger,"Sora, you smiled at the thunder.",Because storms feel like home.,1
aya,cheerful,acquaintance,"Aya, you brought snacks for everyone.",Because sharing makes it taste better!,1
mika,warm,acquaintance,My words didn’t sound right.,They sounded true enough.,1
sora,reflective,acquaintance,"Sora, you sketched cliffs crumbling.",Because even rocks give way eventually.,1
aya,playful,acquaintance,"Aya, you doodled on my notes.",Because boring pages deserve art.,1
mika,reflective,acquaintance,My silence felt uneasy.,But it still spoke volumes.,1
sora,reflective,acquaintance,"Sora, you drew lanterns falling.",Because light doesn’t always rise first.,1
aya,cheerful,acquaintance,"Aya, you clapped when no one else did.",Because you earned it!,1
mika,gentle,acquaintance,My notebook felt fragile.,That’s why I’ll treat it gently.,1
sora,reflective,acquaintance,"Sora, you painted waves with fire.",Because they clash in me too.,1
aya,warm,friend,"Aya, you dragged me into your group.",Because you belong here.,1
mika,reflective,friend,My story feels too small.,Small stories still matter.,1
sora,reflective,friend,"Sora, your sketch feels alive.",Because I drew with my heartbeat.,1
aya,cheerful,friend,"Aya, you always cheer the loudest.",Because your efforts deserve it.,1
mika,gentle,friend,My silence didn’t scare you.,It made me feel close instead.,1
sora,reflective,friend,"Sora, you sketched lightning chasing waves.",Because I know the feeling.,1
aya,warm,friend,"Aya, you hugged me unexpectedly.",Because you needed it.,1
mika,reflective,friend,My notebook looks messy.,Messy can still be beautiful.,1
sora,playful,friend,"Sora, you tossed colors everywhere.",Because order is overrated.,1
aya,playful,friend,"Aya, you whispered a joke in class.",Because I wanted your smile.,1
mika,gentle,friend,My words fell apart halfway.,I caught every piece.,1
sora,angry,friend,"Sora, you slammed your sketchbook shut.",Because I hated what I saw.,1
aya,cheerful,close_friend,"Aya, you stayed until the lights went off.",Because you shouldn’t be alone.,1
mika,gentle,close_friend,My silence turned into trust.,Because you held it well.,1
sora,romantic,close_friend,"Sora, you painted me under the stars.",Because that’s how I think of you.,1
aya,warm,close_friend,"Aya, you gave me your jacket.",Because you shivered first.,1
mika,romantic,close_friend,My notebook confessed my heart.,And I’ll keep it safe.,1
sora,romantic,close_friend,"Sora, you drew my smile bigger than it was.",Because that’s how it feels to me.,1
aya,playful,close_friend,"Aya, you always save me a seat.",Because I want you close.,1
mika,warm,close_friend,My silence turned soft.,Because you were gentle with it.,1
sora,reflective,close_friend,"Sora, you painted flames dancing.",Because chaos is honest.,1
aya,playful,close_friend,"Aya, you tripped while running to me.",Because my feet got excited.,1
mika,gentle,close_friend,My words turned clumsy.,But I understood anyway.,1
sora,romantic,close_friend,"Sora, you lingered at the pier with me.",Because the night wasn’t done yet.,1
aya,romantic,romantic_interest,"Aya, you kissed me quickly.",Because I couldn’t wait.,1
mika,romantic,romantic_interest,My silence confessed love.,And I accepted it.,1
sora,jealous,romantic_interest,"Sora, your jealousy showed.",Because I care too much.,1
aya,romantic,romantic_interest,"Aya, you held my hand in the crowd.",Because I wanted you safe.,1
mika,romantic,romantic_interest,My words spilled love.,Then let me return them.,1
sora,romantic,romantic_interest,"Sora, you leaned on my shoulder.",Because I needed to stay.,1
aya,cheerful,stranger,"Aya, you always find me first.",Because I keep looking for you.,1
mika,gentle,stranger,My notebook feels too heavy.,Then let me help carry it.,1
sora,playful,stranger,"Sora, you skipped another class.",Because the ocean taught me instead.,1
aya,playful,stranger,"Aya, you waved even when I looked away.",Because I knew you’d look back.,1
mika,warm,stranger,My silence filled the air.,And I filled it with comfort.,1
sora,reflective,stranger,"Sora, you hummed by the waves.",Because they needed a song.,1
aya,cheerful,acquaintance,"Aya, you clapped for the wrong answer.",Because effort deserves applause too!,1
mika,gentle,acquaintance,My words slipped away.,But I caught the meaning.,1
sora,reflective,acquaintance,"Sora, you painted in the rain.",Because water belongs on canvas too.,1
aya,playful,acquaintance,"Aya, you doodled all over my notes.",Because lines need friends too!,1
mika,reflective,acquaintance,My silence felt long.,But you waited anyway.,1
sora,reflective,acquaintance,"Sora, you sketched the moon.",Because it listens better than people.,1
aya,playful,acquaintance,"Aya, you brought confetti again.",Because ordinary days need sparks!,1
mika,gentle,acquaintance,My notebook curled at the edges.,It means it’s loved.,1
sora,sad,acquaintance,"Sora, you only used grey today.",Because I felt colorless.,1
aya,cheerful,friend,"Aya, you dragged me to practice.",Because you smile when you play!,1
mika,gentle,friend,My words got tangled.,I untangled them with patience.,1
sora,reflective,friend,"Sora, you sketched broken bridges.",Because not everything connects.,1
aya,playful,friend,"Aya, you laughed until you cried.",Because joy overflows sometimes.,1
mika,warm,friend,My silence scared me less today.,Because you stood near me.,1
sora,reflective,friend,"Sora, you spilled ink everywhere.",Because mistakes deserve to stay visible.,1
aya,cheerful,friend,"Aya, you always cheer too loud.",Because you deserve to be heard.,1
mika,gentle,friend,My notebook feels safe with you.,Then I’ll keep it close.,1
sora,romantic,friend,"Sora, you painted me brighter than I am.",Because that’s how I see you.,1
aya,teasing,friend,"Aya, you teased me out of sulking.",Because your smile is precious.,1
mika,warm,friend,My silence grew gentle.,Because you softened it.,1
sora,angry,friend,"Sora, your brush broke mid-stroke.",Because passion can’t be contained.,1
aya,warm,close_friend,"Aya, you stayed by my side.",Because that’s where I belong.,1
mika,romantic,close_friend,My notebook is full of you.,Then it’s worth keeping forever.,1
sora,romantic,close_friend,"Sora, you painted our shadows holding hands.",Because they already do.,1
aya,playful,close_friend,"Aya, you shared your drink with me.",Because yours looked lonely.,1
mika,gentle,close_friend,My silence turned soft.,Because you made it safe.,1
sora,reflective,close_friend,"Sora, you sketched in wild colors.",Because feelings don’t follow rules.,1
aya,cheerful,close_friend,"Aya, you pestered me into laughing.",Because your laugh is contagious.,1
mika,romantic,close_friend,My words confessed in scribbles.,And I’ll treasure them.,1
sora,romantic,close_friend,"Sora, you stared at my sketch too long.",Because I didn’t want to forget it.,1
aya,romantic,romantic_interest,"Aya, you danced at the festival.",Because music wouldn’t stop me.,1
mika,romantic,romantic_interest,My silence confessed love.,And I answered it.,1
sora,nervous,romantic_interest,"Sora, you grabbed my wrist.",Because I was afraid of losing you.,1
aya,romantic,romantic_interest,"Aya, you whispered in my ear.",Because it was meant for you only.,1
mika,romantic,romantic_interest,My words finally told the truth.,Then let me echo them.,1
sora,jealous,romantic_interest,"Sora, you frowned when I looked away.",Because I wanted your eyes back.,1
aya,playful,stranger,"Aya, you always run ahead of me.",Because you walk too slow!,1
mika,reflective,stranger,My notebook stayed untouched.,It’s still part of the story.,1
sora,playful,stranger,"Sora, you keep throwing rocks into the sea.",Because I like hearing the splash.,1
aya,cheerful,stranger,"Aya, you waved even before class started.",Because waiting is boring.,1
mika,gentle,stranger,My silence lingered too long.,It didn’t bother me.,1
sora,teasing,stranger,"Sora, your sleeves are always wet.",Because the tide never respects me.,1
aya,playful,acquaintance,"Aya, you clapped during lunch.",Because food deserves applause!,1
mika,gentle,acquaintance,My words slipped out too fast.,That makes them honest.,1
sora,reflective,acquaintance,"Sora, you sketched broken boats.",Because even they have stories.,1
aya,teasing,acquaintance,"Aya, you always bring extra pens.",Because I know you’ll forget.,1
mika,reflective,acquaintance,My silence filled the air.,It made me feel closer.,1
sora,reflective,acquaintance,"Sora, you painted the rain sideways.",Because it felt like falling.,1
aya,cheerful,acquaintance,"Aya, you kept humming through class.",Because silence gets heavy.,1
mika,gentle,acquaintance,My notebook curled from use.,That means it’s alive.,1
sora,angry,acquaintance,"Sora, you used too much red.",Because fire was inside me.,1
aya,cheerful,friend,"Aya, you pulled me into the game.",Because it’s better with you.,1
mika,gentle,friend,My words turned clumsy.,But you understood them.,1
sora,reflective,friend,"Sora, you sketched lightning again.",Because thunder needs company.,1
aya,playful,friend,"Aya, you cheered until you lost your voice.",Worth it—you smiled.,1
mika,warm,friend,My silence scared me less.,Because you stayed close.,1
sora,reflective,friend,"Sora, you painted waves taller than cliffs.",Because fear belongs in art too.,1
aya,playful,friend,"Aya, you gave me your last cookie.",Because your smile was sweeter.,1
mika,reflective,friend,My notebook feels fragile.,That makes it worth protecting.,1
sora,playful,friend,"Sora, you tossed paint into the sky.",Because clouds need color.,1
aya,teasing,friend,"Aya, you teased me out of a frown.",Because smiles look better on you.,1
mika,gentle,friend,My silence softened.,Because you listened.,1
sora,angry,friend,"Sora, your brush snapped again.",Because passion broke it.,1
aya,warm,close_friend,"Aya, you stayed late to help.",Because I didn’t want you alone.,1
mika,gentle,close_friend,My words kept stumbling.,And I kept catching them.,1
sora,romantic,close_friend,"Sora, you painted us under lanterns.",Because that’s how I dream of us.,1
aya,playful,close_friend,"Aya, you sang even without music.",Because my heart had rhythm.,1
mika,warm,close_friend,My silence turned to trust.,Because you held it gently.,1
sora,romantic,close_friend,"Sora, you stared at me too long.",Because I didn’t want to look away.,1
aya,cheerful,close_friend,"Aya, you pushed me into the photo.",Because memories need you too.,1
mika,romantic,close_friend,My notebook whispered love.,And I heard it in return.,1
sora,romantic,close_friend,"Sora, you painted fireworks.",Because they remind me of your spark.,1
aya,romantic,romantic_interest,"Aya, you held my hand at the festival.",Because I didn’t want to lose you.,1
mika,romantic,romantic_interest,My silence confessed everything.,And I understood all of it.,1
sora,jealous,romantic_interest,"Sora, your jealousy burned.",Because you matter too much to me.,1
aya,nervous,romantic_interest,"Aya, you kissed me quickly.",Because I was nervous.,1
mika,romantic,romantic_interest,My words trembled but true.,Then they’re perfect.,1
sora,romantic,romantic_interest,"Sora, you lingered by my side.",Because I belong there.,1
